solid 
 facet normal  1.119638e-01  9.937123e-01  0.000000e+00
   outer loop
     vertex  1.666950e+02 -8.505014e+01  0.000000e+00
     vertex  1.662500e+02 -8.500000e+01  0.000000e+00
     vertex  1.662500e+02 -8.500000e+01  1.516200e+00
   endloop
 endfacet
 facet normal  1.119638e-01  9.937123e-01 -0.000000e+00
   outer loop
     vertex  1.666950e+02 -8.505014e+01  0.000000e+00
     vertex  1.662500e+02 -8.500000e+01  1.516200e+00
     vertex  1.666950e+02 -8.505014e+01  1.516200e+00
   endloop
 endfacet
 facet normal  3.302787e-01  9.438835e-01 -0.000000e+00
   outer loop
     vertex  1.671178e+02 -8.519806e+01  0.000000e+00
     vertex  1.666950e+02 -8.505014e+01  1.516200e+00
     vertex  1.671178e+02 -8.519806e+01  1.516200e+00
   endloop
 endfacet
 facet normal  3.302787e-01  9.438835e-01  0.000000e+00
   outer loop
     vertex  1.671178e+02 -8.519806e+01  0.000000e+00
     vertex  1.666950e+02 -8.505014e+01  0.000000e+00
     vertex  1.666950e+02 -8.505014e+01  1.516200e+00
   endloop
 endfacet
 facet normal  5.320319e-01  8.467243e-01 -0.000000e+00
   outer loop
     vertex  1.674970e+02 -8.543634e+01  0.000000e+00
     vertex  1.671178e+02 -8.519806e+01  1.516200e+00
     vertex  1.674970e+02 -8.543634e+01  1.516200e+00
   endloop
 endfacet
 facet normal  5.320319e-01  8.467243e-01  0.000000e+00
   outer loop
     vertex  1.674970e+02 -8.543634e+01  0.000000e+00
     vertex  1.671178e+02 -8.519806e+01  0.000000e+00
     vertex  1.671178e+02 -8.519806e+01  1.516200e+00
   endloop
 endfacet
 facet normal  7.071068e-01  7.071068e-01 -0.000000e+00
   outer loop
     vertex  1.678137e+02 -8.575302e+01  0.000000e+00
     vertex  1.674970e+02 -8.543634e+01  1.516200e+00
     vertex  1.678137e+02 -8.575302e+01  1.516200e+00
   endloop
 endfacet
 facet normal  7.071068e-01  7.071068e-01  0.000000e+00
   outer loop
     vertex  1.678137e+02 -8.575302e+01  0.000000e+00
     vertex  1.674970e+02 -8.543634e+01  0.000000e+00
     vertex  1.674970e+02 -8.543634e+01  1.516200e+00
   endloop
 endfacet
 facet normal  8.467243e-01  5.320319e-01 -0.000000e+00
   outer loop
     vertex  1.680519e+02 -8.613223e+01  0.000000e+00
     vertex  1.678137e+02 -8.575302e+01  1.516200e+00
     vertex  1.680519e+02 -8.613223e+01  1.516200e+00
   endloop
 endfacet
 facet normal  8.467243e-01  5.320319e-01  0.000000e+00
   outer loop
     vertex  1.680519e+02 -8.613223e+01  0.000000e+00
     vertex  1.678137e+02 -8.575302e+01  0.000000e+00
     vertex  1.678137e+02 -8.575302e+01  1.516200e+00
   endloop
 endfacet
 facet normal  9.438835e-01  3.302787e-01 -0.000000e+00
   outer loop
     vertex  1.681999e+02 -8.655496e+01  0.000000e+00
     vertex  1.680519e+02 -8.613223e+01  1.516200e+00
     vertex  1.681999e+02 -8.655496e+01  1.516200e+00
   endloop
 endfacet
 facet normal  9.438835e-01  3.302787e-01  0.000000e+00
   outer loop
     vertex  1.681999e+02 -8.655496e+01  0.000000e+00
     vertex  1.680519e+02 -8.613223e+01  0.000000e+00
     vertex  1.680519e+02 -8.613223e+01  1.516200e+00
   endloop
 endfacet
 facet normal  9.937123e-01  1.119638e-01 -0.000000e+00
   outer loop
     vertex  1.682500e+02 -8.700000e+01  0.000000e+00
     vertex  1.681999e+02 -8.655496e+01  1.516200e+00
     vertex  1.682500e+02 -8.700000e+01  1.516200e+00
   endloop
 endfacet
 facet normal  9.937123e-01  1.119638e-01  0.000000e+00
   outer loop
     vertex  1.682500e+02 -8.700000e+01  0.000000e+00
     vertex  1.681999e+02 -8.655496e+01  0.000000e+00
     vertex  1.681999e+02 -8.655496e+01  1.516200e+00
   endloop
 endfacet
 facet normal  0.000000e+00  1.000000e+00  0.000000e+00
   outer loop
     vertex  1.662500e+02 -8.500000e+01  0.000000e+00
     vertex  1.220000e+02 -8.500000e+01  0.000000e+00
     vertex  1.220000e+02 -8.500000e+01  1.516200e+00
   endloop
 endfacet
 facet normal  0.000000e+00  1.000000e+00 -0.000000e+00
   outer loop
     vertex  1.662500e+02 -8.500000e+01  0.000000e+00
     vertex  1.220000e+02 -8.500000e+01  1.516200e+00
     vertex  1.662500e+02 -8.500000e+01  1.516200e+00
   endloop
 endfacet
 facet normal  1.000000e+00  0.000000e+00  0.000000e+00
   outer loop
     vertex  1.682500e+02 -1.075000e+02  0.000000e+00
     vertex  1.682500e+02 -8.700000e+01  0.000000e+00
     vertex  1.682500e+02 -8.700000e+01  1.516200e+00
   endloop
 endfacet
 facet normal  1.000000e+00  0.000000e+00  0.000000e+00
   outer loop
     vertex  1.682500e+02 -1.075000e+02  0.000000e+00
     vertex  1.682500e+02 -8.700000e+01  1.516200e+00
     vertex  1.682500e+02 -1.075000e+02  1.516200e+00
   endloop
 endfacet
 facet normal  0.000000e+00  0.000000e+00 -1.000000e+00
   outer loop
     vertex  1.200501e+02 -1.079450e+02  0.000000e+00
     vertex  1.207530e+02 -1.090637e+02  0.000000e+00
     vertex  1.204363e+02 -1.087470e+02  0.000000e+00
   endloop
 endfacet
 facet normal  0.000000e+00  0.000000e+00 -1.000000e+00
   outer loop
     vertex  1.200501e+02 -1.079450e+02  0.000000e+00
     vertex  1.204363e+02 -1.087470e+02  0.000000e+00
     vertex  1.201981e+02 -1.083678e+02  0.000000e+00
   endloop
 endfacet
 facet normal  0.000000e+00  0.000000e+00 -1.000000e+00
   outer loop
     vertex  1.215550e+02 -1.094499e+02  0.000000e+00
     vertex  1.211322e+02 -1.093019e+02  0.000000e+00
     vertex  1.207530e+02 -1.090637e+02  0.000000e+00
   endloop
 endfacet
 facet normal  0.000000e+00  0.000000e+00 -1.000000e+00
   outer loop
     vertex  1.215550e+02 -1.094499e+02  0.000000e+00
     vertex  1.207530e+02 -1.090637e+02  0.000000e+00
     vertex  1.200501e+02 -1.079450e+02  0.000000e+00
   endloop
 endfacet
 facet normal  0.000000e+00  0.000000e+00 -1.000000e+00
   outer loop
     vertex  1.200000e+02 -1.075000e+02  0.000000e+00
     vertex  1.215550e+02 -1.094499e+02  0.000000e+00
     vertex  1.200501e+02 -1.079450e+02  0.000000e+00
   endloop
 endfacet
 facet normal  0.000000e+00  0.000000e+00 -1.000000e+00
   outer loop
     vertex  1.220000e+02 -1.095000e+02  0.000000e+00
     vertex  1.215550e+02 -1.094499e+02  0.000000e+00
     vertex  1.200000e+02 -1.075000e+02  0.000000e+00
   endloop
 endfacet
 facet normal  0.000000e+00 -0.000000e+00 -1.000000e+00
   outer loop
     vertex  1.269252e+02 -1.071875e+02  0.000000e+00
     vertex  1.269848e+02 -1.072652e+02  0.000000e+00
     vertex  1.220000e+02 -1.095000e+02  0.000000e+00
   endloop
 endfacet
 facet normal -0.000000e+00  0.000000e+00 -1.000000e+00
   outer loop
     vertex  1.270625e+02 -1.073248e+02  0.000000e+00
     vertex  1.220000e+02 -1.095000e+02  0.000000e+00
     vertex  1.269848e+02 -1.072652e+02  0.000000e+00
   endloop
 endfacet
 facet normal  0.000000e+00 -0.000000e+00 -1.000000e+00
   outer loop
     vertex  1.268878e+02 -1.070971e+02  0.000000e+00
     vertex  1.269252e+02 -1.071875e+02  0.000000e+00
     vertex  1.220000e+02 -1.095000e+02  0.000000e+00
   endloop
 endfacet
 facet normal -0.000000e+00  0.000000e+00 -1.000000e+00
   outer loop
     vertex  1.271529e+02 -1.073622e+02  0.000000e+00
     vertex  1.220000e+02 -1.095000e+02  0.000000e+00
     vertex  1.270625e+02 -1.073248e+02  0.000000e+00
   endloop
 endfacet
 facet normal -0.000000e+00  0.000000e+00 -1.000000e+00
   outer loop
     vertex  1.272500e+02 -1.073750e+02  0.000000e+00
     vertex  1.220000e+02 -1.095000e+02  0.000000e+00
     vertex  1.271529e+02 -1.073622e+02  0.000000e+00
   endloop
 endfacet
 facet normal  0.000000e+00 -0.000000e+00 -1.000000e+00
   outer loop
     vertex  1.268750e+02 -1.070000e+02  0.000000e+00
     vertex  1.268878e+02 -1.070971e+02  0.000000e+00
     vertex  1.220000e+02 -1.095000e+02  0.000000e+00
   endloop
 endfacet
 facet normal  0.000000e+00  0.000000e+00 -1.000000e+00
   outer loop
     vertex  1.268878e+02 -1.069029e+02  0.000000e+00
     vertex  1.220000e+02 -1.095000e+02  0.000000e+00
     vertex  1.200000e+02 -1.075000e+02  0.000000e+00
   endloop
 endfacet
 facet normal  0.000000e+00  0.000000e+00 -1.000000e+00
   outer loop
     vertex  1.268878e+02 -1.069029e+02  0.000000e+00
     vertex  1.268750e+02 -1.070000e+02  0.000000e+00
     vertex  1.220000e+02 -1.095000e+02  0.000000e+00
   endloop
 endfacet
 facet normal  0.000000e+00 -0.000000e+00 -1.000000e+00
   outer loop
     vertex  1.218531e+02 -1.014404e+02  0.000000e+00
     vertex  1.219011e+02 -1.014946e+02  0.000000e+00
     vertex  1.200000e+02 -1.075000e+02  0.000000e+00
   endloop
 endfacet
 facet normal -0.000000e+00  0.000000e+00 -1.000000e+00
   outer loop
     vertex  1.219606e+02 -1.015356e+02  0.000000e+00
     vertex  1.200000e+02 -1.075000e+02  0.000000e+00
     vertex  1.219011e+02 -1.014946e+02  0.000000e+00
   endloop
 endfacet
 facet normal  0.000000e+00 -0.000000e+00 -1.000000e+00
   outer loop
     vertex  1.218195e+02 -1.013764e+02  0.000000e+00
     vertex  1.218531e+02 -1.014404e+02  0.000000e+00
     vertex  1.200000e+02 -1.075000e+02  0.000000e+00
   endloop
 endfacet
 facet normal -0.000000e+00  0.000000e+00 -1.000000e+00
   outer loop
     vertex  1.220282e+02 -1.015613e+02  0.000000e+00
     vertex  1.200000e+02 -1.075000e+02  0.000000e+00
     vertex  1.219606e+02 -1.015356e+02  0.000000e+00
   endloop
 endfacet
 facet normal  0.000000e+00 -0.000000e+00 -1.000000e+00
   outer loop
     vertex  1.218022e+02 -1.013062e+02  0.000000e+00
     vertex  1.218195e+02 -1.013764e+02  0.000000e+00
     vertex  1.200000e+02 -1.075000e+02  0.000000e+00
   endloop
 endfacet
 facet normal -0.000000e+00  0.000000e+00 -1.000000e+00
   outer loop
     vertex  1.221000e+02 -1.015700e+02  0.000000e+00
     vertex  1.200000e+02 -1.075000e+02  0.000000e+00
     vertex  1.220282e+02 -1.015613e+02  0.000000e+00
   endloop
 endfacet
 facet normal  0.000000e+00 -0.000000e+00 -1.000000e+00
   outer loop
     vertex  1.218022e+02 -1.012338e+02  0.000000e+00
     vertex  1.218022e+02 -1.013062e+02  0.000000e+00
     vertex  1.200000e+02 -1.075000e+02  0.000000e+00
   endloop
 endfacet
 facet normal -0.000000e+00  0.000000e+00 -1.000000e+00
   outer loop
     vertex  1.229000e+02 -1.015700e+02  0.000000e+00
     vertex  1.200000e+02 -1.075000e+02  0.000000e+00
     vertex  1.221000e+02 -1.015700e+02  0.000000e+00
   endloop
 endfacet
 facet normal  0.000000e+00  0.000000e+00 -1.000000e+00
   outer loop
     vertex  1.269848e+02 -1.052652e+02  0.000000e+00
     vertex  1.270625e+02 -1.066752e+02  0.000000e+00
     vertex  1.269848e+02 -1.067348e+02  0.000000e+00
   endloop
 endfacet
 facet normal  0.000000e+00  0.000000e+00 -1.000000e+00
   outer loop
     vertex  1.269252e+02 -1.051875e+02  0.000000e+00
     vertex  1.269848e+02 -1.052652e+02  0.000000e+00
     vertex  1.269848e+02 -1.067348e+02  0.000000e+00
   endloop
 endfacet
 facet normal  0.000000e+00 -0.000000e+00 -1.000000e+00
   outer loop
     vertex  1.269252e+02 -1.051875e+02  0.000000e+00
     vertex  1.269252e+02 -1.068125e+02  0.000000e+00
     vertex  1.268878e+02 -1.069029e+02  0.000000e+00
   endloop
 endfacet
 facet normal  0.000000e+00  0.000000e+00 -1.000000e+00
   outer loop
     vertex  1.269252e+02 -1.051875e+02  0.000000e+00
     vertex  1.269848e+02 -1.067348e+02  0.000000e+00
     vertex  1.269252e+02 -1.068125e+02  0.000000e+00
   endloop
 endfacet
 facet normal  0.000000e+00  0.000000e+00 -1.000000e+00
   outer loop
     vertex  1.270625e+02 -1.053248e+02  0.000000e+00
     vertex  1.271529e+02 -1.066378e+02  0.000000e+00
     vertex  1.270625e+02 -1.066752e+02  0.000000e+00
   endloop
 endfacet
 facet normal -0.000000e+00 -0.000000e+00 -1.000000e+00
   outer loop
     vertex  1.270625e+02 -1.053248e+02  0.000000e+00
     vertex  1.270625e+02 -1.066752e+02  0.000000e+00
     vertex  1.269848e+02 -1.052652e+02  0.000000e+00
   endloop
 endfacet
 facet normal  0.000000e+00  0.000000e+00 -1.000000e+00
   outer loop
     vertex  1.268878e+02 -1.050971e+02  0.000000e+00
     vertex  1.269252e+02 -1.051875e+02  0.000000e+00
     vertex  1.268878e+02 -1.069029e+02  0.000000e+00
   endloop
 endfacet
 facet normal  0.000000e+00 -0.000000e+00 -1.000000e+00
   outer loop
     vertex  1.268878e+02 -1.050971e+02  0.000000e+00
     vertex  1.268878e+02 -1.069029e+02  0.000000e+00
     vertex  1.200000e+02 -1.075000e+02  0.000000e+00
   endloop
 endfacet
 facet normal  0.000000e+00  0.000000e+00 -1.000000e+00
   outer loop
     vertex  1.271529e+02 -1.053622e+02  0.000000e+00
     vertex  1.272500e+02 -1.066250e+02  0.000000e+00
     vertex  1.271529e+02 -1.066378e+02  0.000000e+00
   endloop
 endfacet
 facet normal -0.000000e+00 -0.000000e+00 -1.000000e+00
   outer loop
     vertex  1.271529e+02 -1.053622e+02  0.000000e+00
     vertex  1.271529e+02 -1.066378e+02  0.000000e+00
     vertex  1.270625e+02 -1.053248e+02  0.000000e+00
   endloop
 endfacet
 facet normal  0.000000e+00  0.000000e+00 -1.000000e+00
   outer loop
     vertex  1.268750e+02 -1.050000e+02  0.000000e+00
     vertex  1.229000e+02 -1.015700e+02  0.000000e+00
     vertex  1.229718e+02 -1.015613e+02  0.000000e+00
   endloop
 endfacet
 facet normal -0.000000e+00  0.000000e+00 -1.000000e+00
   outer loop
     vertex  1.268750e+02 -1.050000e+02  0.000000e+00
     vertex  1.200000e+02 -1.075000e+02  0.000000e+00
     vertex  1.229000e+02 -1.015700e+02  0.000000e+00
   endloop
 endfacet
 facet normal  0.000000e+00 -0.000000e+00 -1.000000e+00
   outer loop
     vertex  1.268750e+02 -1.050000e+02  0.000000e+00
     vertex  1.268878e+02 -1.050971e+02  0.000000e+00
     vertex  1.200000e+02 -1.075000e+02  0.000000e+00
   endloop
 endfacet
 facet normal -0.000000e+00 -0.000000e+00 -1.000000e+00
   outer loop
     vertex  1.272500e+02 -1.053750e+02  0.000000e+00
     vertex  1.272500e+02 -1.066250e+02  0.000000e+00
     vertex  1.271529e+02 -1.053622e+02  0.000000e+00
   endloop
 endfacet
 facet normal  0.000000e+00  0.000000e+00 -1.000000e+00
   outer loop
     vertex  1.268878e+02 -1.049029e+02  0.000000e+00
     vertex  1.229718e+02 -1.015613e+02  0.000000e+00
     vertex  1.230394e+02 -1.015356e+02  0.000000e+00
   endloop
 endfacet
 facet normal -0.000000e+00  0.000000e+00 -1.000000e+00
   outer loop
     vertex  1.268878e+02 -1.049029e+02  0.000000e+00
     vertex  1.268750e+02 -1.050000e+02  0.000000e+00
     vertex  1.229718e+02 -1.015613e+02  0.000000e+00
   endloop
 endfacet
 facet normal  0.000000e+00  0.000000e+00 -1.000000e+00
   outer loop
     vertex  1.273471e+02 -1.053622e+02  0.000000e+00
     vertex  1.272500e+02 -1.066250e+02  0.000000e+00
     vertex  1.272500e+02 -1.053750e+02  0.000000e+00
   endloop
 endfacet
 facet normal  0.000000e+00  0.000000e+00 -1.000000e+00
   outer loop
     vertex  1.273471e+02 -1.053622e+02  0.000000e+00
     vertex  1.273471e+02 -1.066378e+02  0.000000e+00
     vertex  1.272500e+02 -1.066250e+02  0.000000e+00
   endloop
 endfacet
 facet normal -0.000000e+00  0.000000e+00 -1.000000e+00
   outer loop
     vertex  1.269252e+02 -1.048125e+02  0.000000e+00
     vertex  1.268878e+02 -1.049029e+02  0.000000e+00
     vertex  1.230394e+02 -1.015356e+02  0.000000e+00
   endloop
 endfacet
 facet normal  0.000000e+00 -0.000000e+00 -1.000000e+00
   outer loop
     vertex  1.274375e+02 -1.053248e+02  0.000000e+00
     vertex  1.274375e+02 -1.066752e+02  0.000000e+00
     vertex  1.273471e+02 -1.066378e+02  0.000000e+00
   endloop
 endfacet
 facet normal  0.000000e+00  0.000000e+00 -1.000000e+00
   outer loop
     vertex  1.274375e+02 -1.053248e+02  0.000000e+00
     vertex  1.275152e+02 -1.067348e+02  0.000000e+00
     vertex  1.274375e+02 -1.066752e+02  0.000000e+00
   endloop
 endfacet
 facet normal  0.000000e+00  0.000000e+00 -1.000000e+00
   outer loop
     vertex  1.274375e+02 -1.053248e+02  0.000000e+00
     vertex  1.273471e+02 -1.066378e+02  0.000000e+00
     vertex  1.273471e+02 -1.053622e+02  0.000000e+00
   endloop
 endfacet
 facet normal  0.000000e+00  0.000000e+00 -1.000000e+00
   outer loop
     vertex  1.308211e+02 -1.086789e+02  0.000000e+00
     vertex  1.272500e+02 -1.073750e+02  0.000000e+00
     vertex  1.273471e+02 -1.073622e+02  0.000000e+00
   endloop
 endfacet
 facet normal  0.000000e+00  0.000000e+00 -1.000000e+00
   outer loop
     vertex  1.307337e+02 -1.085650e+02  0.000000e+00
     vertex  1.273471e+02 -1.073622e+02  0.000000e+00
     vertex  1.274375e+02 -1.073248e+02  0.000000e+00
   endloop
 endfacet
 facet normal -0.000000e+00 -0.000000e+00 -1.000000e+00
   outer loop
     vertex  1.307337e+02 -1.085650e+02  0.000000e+00
     vertex  1.308211e+02 -1.086789e+02  0.000000e+00
     vertex  1.273471e+02 -1.073622e+02  0.000000e+00
   endloop
 endfacet
 facet normal -0.000000e+00  0.000000e+00 -1.000000e+00
   outer loop
     vertex  1.309350e+02 -1.087663e+02  0.000000e+00
     vertex  1.220000e+02 -1.095000e+02  0.000000e+00
     vertex  1.272500e+02 -1.073750e+02  0.000000e+00
   endloop
 endfacet
 facet normal  0.000000e+00  0.000000e+00 -1.000000e+00
   outer loop
     vertex  1.309350e+02 -1.087663e+02  0.000000e+00
     vertex  1.272500e+02 -1.073750e+02  0.000000e+00
     vertex  1.308211e+02 -1.086789e+02  0.000000e+00
   endloop
 endfacet
 facet normal  0.000000e+00  0.000000e+00 -1.000000e+00
   outer loop
     vertex  1.306787e+02 -1.084324e+02  0.000000e+00
     vertex  1.274375e+02 -1.073248e+02  0.000000e+00
     vertex  1.275152e+02 -1.072652e+02  0.000000e+00
   endloop
 endfacet
 facet normal -0.000000e+00 -0.000000e+00 -1.000000e+00
   outer loop
     vertex  1.306787e+02 -1.084324e+02  0.000000e+00
     vertex  1.307337e+02 -1.085650e+02  0.000000e+00
     vertex  1.274375e+02 -1.073248e+02  0.000000e+00
   endloop
 endfacet
 facet normal -0.000000e+00  0.000000e+00 -1.000000e+00
   outer loop
     vertex  1.310676e+02 -1.088213e+02  0.000000e+00
     vertex  1.220000e+02 -1.095000e+02  0.000000e+00
     vertex  1.309350e+02 -1.087663e+02  0.000000e+00
   endloop
 endfacet
 facet normal  0.000000e+00 -0.000000e+00 -1.000000e+00
   outer loop
     vertex  1.275152e+02 -1.052652e+02  0.000000e+00
     vertex  1.275152e+02 -1.067348e+02  0.000000e+00
     vertex  1.274375e+02 -1.053248e+02  0.000000e+00
   endloop
 endfacet
 facet normal  0.000000e+00  0.000000e+00 -1.000000e+00
   outer loop
     vertex  1.306600e+02 -1.082900e+02  0.000000e+00
     vertex  1.275152e+02 -1.072652e+02  0.000000e+00
     vertex  1.275748e+02 -1.071875e+02  0.000000e+00
   endloop
 endfacet
 facet normal -0.000000e+00 -0.000000e+00 -1.000000e+00
   outer loop
     vertex  1.306600e+02 -1.082900e+02  0.000000e+00
     vertex  1.306787e+02 -1.084324e+02  0.000000e+00
     vertex  1.275152e+02 -1.072652e+02  0.000000e+00
   endloop
 endfacet
 facet normal -0.000000e+00  0.000000e+00 -1.000000e+00
   outer loop
     vertex  1.312100e+02 -1.088400e+02  0.000000e+00
     vertex  1.220000e+02 -1.095000e+02  0.000000e+00
     vertex  1.310676e+02 -1.088213e+02  0.000000e+00
   endloop
 endfacet
 facet normal  0.000000e+00  0.000000e+00 -1.000000e+00
   outer loop
     vertex  1.275748e+02 -1.051875e+02  0.000000e+00
     vertex  1.275152e+02 -1.067348e+02  0.000000e+00
     vertex  1.275152e+02 -1.052652e+02  0.000000e+00
   endloop
 endfacet
 facet normal  0.000000e+00 -0.000000e+00 -1.000000e+00
   outer loop
     vertex  1.275748e+02 -1.051875e+02  0.000000e+00
     vertex  1.275748e+02 -1.068125e+02  0.000000e+00
     vertex  1.275152e+02 -1.067348e+02  0.000000e+00
   endloop
 endfacet
 facet normal  0.000000e+00  0.000000e+00 -1.000000e+00
   outer loop
     vertex  1.306787e+02 -1.081476e+02  0.000000e+00
     vertex  1.275748e+02 -1.071875e+02  0.000000e+00
     vertex  1.276122e+02 -1.070971e+02  0.000000e+00
   endloop
 endfacet
 facet normal -0.000000e+00  0.000000e+00 -1.000000e+00
   outer loop
     vertex  1.306787e+02 -1.081476e+02  0.000000e+00
     vertex  1.306600e+02 -1.082900e+02  0.000000e+00
     vertex  1.275748e+02 -1.071875e+02  0.000000e+00
   endloop
 endfacet
 facet normal -0.000000e+00  0.000000e+00 -1.000000e+00
   outer loop
     vertex  1.307337e+02 -1.080150e+02  0.000000e+00
     vertex  1.306787e+02 -1.081476e+02  0.000000e+00
     vertex  1.276122e+02 -1.070971e+02  0.000000e+00
   endloop
 endfacet
 facet normal  0.000000e+00  0.000000e+00 -1.000000e+00
   outer loop
     vertex  1.307337e+02 -1.080150e+02  0.000000e+00
     vertex  1.276122e+02 -1.070971e+02  0.000000e+00
     vertex  1.276250e+02 -1.070000e+02  0.000000e+00
   endloop
 endfacet
 facet normal -0.000000e+00  0.000000e+00 -1.000000e+00
   outer loop
     vertex  1.259311e+02 -1.014946e+02  0.000000e+00
     vertex  1.230394e+02 -1.015356e+02  0.000000e+00
     vertex  1.230989e+02 -1.014946e+02  0.000000e+00
   endloop
 endfacet
 facet normal  0.000000e+00 -0.000000e+00 -1.000000e+00
   outer loop
     vertex  1.258831e+02 -1.014404e+02  0.000000e+00
     vertex  1.259311e+02 -1.014946e+02  0.000000e+00
     vertex  1.230989e+02 -1.014946e+02  0.000000e+00
   endloop
 endfacet
 facet normal -0.000000e+00  0.000000e+00 -1.000000e+00
   outer loop
     vertex  1.258831e+02 -1.014404e+02  0.000000e+00
     vertex  1.230989e+02 -1.014946e+02  0.000000e+00
     vertex  1.231469e+02 -1.014404e+02  0.000000e+00
   endloop
 endfacet
 facet normal -0.000000e+00 -0.000000e+00 -1.000000e+00
   outer loop
     vertex  1.259906e+02 -1.015356e+02  0.000000e+00
     vertex  1.269252e+02 -1.048125e+02  0.000000e+00
     vertex  1.230394e+02 -1.015356e+02  0.000000e+00
   endloop
 endfacet
 facet normal  0.000000e+00  0.000000e+00 -1.000000e+00
   outer loop
     vertex  1.259906e+02 -1.015356e+02  0.000000e+00
     vertex  1.230394e+02 -1.015356e+02  0.000000e+00
     vertex  1.259311e+02 -1.014946e+02  0.000000e+00
   endloop
 endfacet
 facet normal  0.000000e+00 -0.000000e+00 -1.000000e+00
   outer loop
     vertex  1.258495e+02 -1.013764e+02  0.000000e+00
     vertex  1.258831e+02 -1.014404e+02  0.000000e+00
     vertex  1.231469e+02 -1.014404e+02  0.000000e+00
   endloop
 endfacet
 facet normal -0.000000e+00  0.000000e+00 -1.000000e+00
   outer loop
     vertex  1.258495e+02 -1.013764e+02  0.000000e+00
     vertex  1.231469e+02 -1.014404e+02  0.000000e+00
     vertex  1.231805e+02 -1.013764e+02  0.000000e+00
   endloop
 endfacet
 facet normal -0.000000e+00 -0.000000e+00 -1.000000e+00
   outer loop
     vertex  1.260582e+02 -1.015613e+02  0.000000e+00
     vertex  1.269252e+02 -1.048125e+02  0.000000e+00
     vertex  1.259906e+02 -1.015356e+02  0.000000e+00
   endloop
 endfacet
 facet normal  0.000000e+00  0.000000e+00 -1.000000e+00
   outer loop
     vertex  1.260582e+02 -1.015613e+02  0.000000e+00
     vertex  1.269848e+02 -1.047348e+02  0.000000e+00
     vertex  1.269252e+02 -1.048125e+02  0.000000e+00
   endloop
 endfacet
 facet normal  0.000000e+00 -0.000000e+00 -1.000000e+00
   outer loop
     vertex  1.258322e+02 -1.013062e+02  0.000000e+00
     vertex  1.258495e+02 -1.013764e+02  0.000000e+00
     vertex  1.231805e+02 -1.013764e+02  0.000000e+00
   endloop
 endfacet
 facet normal  0.000000e+00  0.000000e+00 -1.000000e+00
   outer loop
     vertex  1.258322e+02 -1.013062e+02  0.000000e+00
     vertex  1.231978e+02 -1.013062e+02  0.000000e+00
     vertex  1.231978e+02 -1.012338e+02  0.000000e+00
   endloop
 endfacet
 facet normal -0.000000e+00  0.000000e+00 -1.000000e+00
   outer loop
     vertex  1.258322e+02 -1.013062e+02  0.000000e+00
     vertex  1.231805e+02 -1.013764e+02  0.000000e+00
     vertex  1.231978e+02 -1.013062e+02  0.000000e+00
   endloop
 endfacet
 facet normal  0.000000e+00  0.000000e+00 -1.000000e+00
   outer loop
     vertex  1.261300e+02 -1.015700e+02  0.000000e+00
     vertex  1.270625e+02 -1.046752e+02  0.000000e+00
     vertex  1.269848e+02 -1.047348e+02  0.000000e+00
   endloop
 endfacet
 facet normal  0.000000e+00  0.000000e+00 -1.000000e+00
   outer loop
     vertex  1.261300e+02 -1.015700e+02  0.000000e+00
     vertex  1.271529e+02 -1.046378e+02  0.000000e+00
     vertex  1.270625e+02 -1.046752e+02  0.000000e+00
   endloop
 endfacet
 facet normal -0.000000e+00 -0.000000e+00 -1.000000e+00
   outer loop
     vertex  1.261300e+02 -1.015700e+02  0.000000e+00
     vertex  1.269848e+02 -1.047348e+02  0.000000e+00
     vertex  1.260582e+02 -1.015613e+02  0.000000e+00
   endloop
 endfacet
 facet normal -0.000000e+00 -0.000000e+00 -1.000000e+00
   outer loop
     vertex  1.258322e+02 -1.012338e+02  0.000000e+00
     vertex  1.258322e+02 -1.013062e+02  0.000000e+00
     vertex  1.231978e+02 -1.012338e+02  0.000000e+00
   endloop
 endfacet
 facet normal  0.000000e+00 -0.000000e+00 -1.000000e+00
   outer loop
     vertex  1.308211e+02 -1.061389e+02  0.000000e+00
     vertex  1.309350e+02 -1.078137e+02  0.000000e+00
     vertex  1.308211e+02 -1.079011e+02  0.000000e+00
   endloop
 endfacet
 facet normal -0.000000e+00  0.000000e+00 -1.000000e+00
   outer loop
     vertex  1.333611e+02 -1.086789e+02  0.000000e+00
     vertex  1.314850e+02 -1.087663e+02  0.000000e+00
     vertex  1.315989e+02 -1.086789e+02  0.000000e+00
   endloop
 endfacet
 facet normal  0.000000e+00  0.000000e+00 -1.000000e+00
   outer loop
     vertex  1.258495e+02 -1.011636e+02  0.000000e+00
     vertex  1.258322e+02 -1.012338e+02  0.000000e+00
     vertex  1.231978e+02 -1.012338e+02  0.000000e+00
   endloop
 endfacet
 facet normal -0.000000e+00  0.000000e+00 -1.000000e+00
   outer loop
     vertex  1.258495e+02 -1.011636e+02  0.000000e+00
     vertex  1.231978e+02 -1.012338e+02  0.000000e+00
     vertex  1.231805e+02 -1.011636e+02  0.000000e+00
   endloop
 endfacet
 facet normal  0.000000e+00  0.000000e+00 -1.000000e+00
   outer loop
     vertex  1.307337e+02 -1.060250e+02  0.000000e+00
     vertex  1.276250e+02 -1.070000e+02  0.000000e+00
     vertex  1.276122e+02 -1.069029e+02  0.000000e+00
   endloop
 endfacet
 facet normal  0.000000e+00 -0.000000e+00 -1.000000e+00
   outer loop
     vertex  1.307337e+02 -1.060250e+02  0.000000e+00
     vertex  1.308211e+02 -1.079011e+02  0.000000e+00
     vertex  1.307337e+02 -1.080150e+02  0.000000e+00
   endloop
 endfacet
 facet normal  0.000000e+00  0.000000e+00 -1.000000e+00
   outer loop
     vertex  1.307337e+02 -1.060250e+02  0.000000e+00
     vertex  1.307337e+02 -1.080150e+02  0.000000e+00
     vertex  1.276250e+02 -1.070000e+02  0.000000e+00
   endloop
 endfacet
 facet normal  0.000000e+00  0.000000e+00 -1.000000e+00
   outer loop
     vertex  1.307337e+02 -1.060250e+02  0.000000e+00
     vertex  1.308211e+02 -1.061389e+02  0.000000e+00
     vertex  1.308211e+02 -1.079011e+02  0.000000e+00
   endloop
 endfacet
 facet normal -0.000000e+00  0.000000e+00 -1.000000e+00
   outer loop
     vertex  1.309350e+02 -1.062263e+02  0.000000e+00
     vertex  1.309350e+02 -1.078137e+02  0.000000e+00
     vertex  1.308211e+02 -1.061389e+02  0.000000e+00
   endloop
 endfacet
 facet normal  0.000000e+00 -0.000000e+00 -1.000000e+00
   outer loop
     vertex  1.309350e+02 -1.062263e+02  0.000000e+00
     vertex  1.310676e+02 -1.077587e+02  0.000000e+00
     vertex  1.309350e+02 -1.078137e+02  0.000000e+00
   endloop
 endfacet
 facet normal  0.000000e+00  0.000000e+00 -1.000000e+00
   outer loop
     vertex  1.334750e+02 -1.087663e+02  0.000000e+00
     vertex  1.314850e+02 -1.087663e+02  0.000000e+00
     vertex  1.333611e+02 -1.086789e+02  0.000000e+00
   endloop
 endfacet
 facet normal -0.000000e+00  0.000000e+00 -1.000000e+00
   outer loop
     vertex  1.334750e+02 -1.087663e+02  0.000000e+00
     vertex  1.313524e+02 -1.088213e+02  0.000000e+00
     vertex  1.314850e+02 -1.087663e+02  0.000000e+00
   endloop
 endfacet
 facet normal  0.000000e+00 -0.000000e+00 -1.000000e+00
   outer loop
     vertex  1.332737e+02 -1.085650e+02  0.000000e+00
     vertex  1.333611e+02 -1.086789e+02  0.000000e+00
     vertex  1.315989e+02 -1.086789e+02  0.000000e+00
   endloop
 endfacet
 facet normal -0.000000e+00  0.000000e+00 -1.000000e+00
   outer loop
     vertex  1.332737e+02 -1.085650e+02  0.000000e+00
     vertex  1.315989e+02 -1.086789e+02  0.000000e+00
     vertex  1.316863e+02 -1.085650e+02  0.000000e+00
   endloop
 endfacet
 facet normal  0.000000e+00  0.000000e+00 -1.000000e+00
   outer loop
     vertex  1.306787e+02 -1.058924e+02  0.000000e+00
     vertex  1.276122e+02 -1.069029e+02  0.000000e+00
     vertex  1.275748e+02 -1.068125e+02  0.000000e+00
   endloop
 endfacet
 facet normal  0.000000e+00 -0.000000e+00 -1.000000e+00
   outer loop
     vertex  1.306787e+02 -1.058924e+02  0.000000e+00
     vertex  1.307337e+02 -1.060250e+02  0.000000e+00
     vertex  1.276122e+02 -1.069029e+02  0.000000e+00
   endloop
 endfacet
 facet normal  0.000000e+00  0.000000e+00 -1.000000e+00
   outer loop
     vertex  1.336076e+02 -1.088213e+02  0.000000e+00
     vertex  1.313524e+02 -1.088213e+02  0.000000e+00
     vertex  1.334750e+02 -1.087663e+02  0.000000e+00
   endloop
 endfacet
 facet normal -0.000000e+00  0.000000e+00 -1.000000e+00
   outer loop
     vertex  1.336076e+02 -1.088213e+02  0.000000e+00
     vertex  1.312100e+02 -1.088400e+02  0.000000e+00
     vertex  1.313524e+02 -1.088213e+02  0.000000e+00
   endloop
 endfacet
 facet normal -0.000000e+00  0.000000e+00 -1.000000e+00
   outer loop
     vertex  1.310676e+02 -1.062813e+02  0.000000e+00
     vertex  1.310676e+02 -1.077587e+02  0.000000e+00
     vertex  1.309350e+02 -1.062263e+02  0.000000e+00
   endloop
 endfacet
 facet normal  0.000000e+00 -0.000000e+00 -1.000000e+00
   outer loop
     vertex  1.310676e+02 -1.062813e+02  0.000000e+00
     vertex  1.312100e+02 -1.077400e+02  0.000000e+00
     vertex  1.310676e+02 -1.077587e+02  0.000000e+00
   endloop
 endfacet
 facet normal  0.000000e+00 -0.000000e+00 -1.000000e+00
   outer loop
     vertex  1.332187e+02 -1.084324e+02  0.000000e+00
     vertex  1.332737e+02 -1.085650e+02  0.000000e+00
     vertex  1.316863e+02 -1.085650e+02  0.000000e+00
   endloop
 endfacet
 facet normal -0.000000e+00  0.000000e+00 -1.000000e+00
   outer loop
     vertex  1.332187e+02 -1.084324e+02  0.000000e+00
     vertex  1.316863e+02 -1.085650e+02  0.000000e+00
     vertex  1.317413e+02 -1.084324e+02  0.000000e+00
   endloop
 endfacet
 facet normal  0.000000e+00 -0.000000e+00 -1.000000e+00
   outer loop
     vertex  1.306600e+02 -1.057500e+02  0.000000e+00
     vertex  1.306787e+02 -1.058924e+02  0.000000e+00
     vertex  1.275748e+02 -1.068125e+02  0.000000e+00
   endloop
 endfacet
 facet normal -0.000000e+00  0.000000e+00 -1.000000e+00
   outer loop
     vertex  1.306600e+02 -1.057500e+02  0.000000e+00
     vertex  1.275748e+02 -1.068125e+02  0.000000e+00
     vertex  1.275748e+02 -1.051875e+02  0.000000e+00
   endloop
 endfacet
 facet normal  0.000000e+00  0.000000e+00 -1.000000e+00
   outer loop
     vertex  1.306600e+02 -1.057500e+02  0.000000e+00
     vertex  1.275748e+02 -1.051875e+02  0.000000e+00
     vertex  1.276122e+02 -1.050971e+02  0.000000e+00
   endloop
 endfacet
 facet normal -0.000000e+00  0.000000e+00 -1.000000e+00
   outer loop
     vertex  1.337500e+02 -1.088400e+02  0.000000e+00
     vertex  1.220000e+02 -1.095000e+02  0.000000e+00
     vertex  1.312100e+02 -1.088400e+02  0.000000e+00
   endloop
 endfacet
 facet normal  0.000000e+00  0.000000e+00 -1.000000e+00
   outer loop
     vertex  1.337500e+02 -1.088400e+02  0.000000e+00
     vertex  1.312100e+02 -1.088400e+02  0.000000e+00
     vertex  1.336076e+02 -1.088213e+02  0.000000e+00
   endloop
 endfacet
 facet normal -0.000000e+00  0.000000e+00 -1.000000e+00
   outer loop
     vertex  1.332000e+02 -1.082900e+02  0.000000e+00
     vertex  1.317413e+02 -1.084324e+02  0.000000e+00
     vertex  1.317600e+02 -1.082900e+02  0.000000e+00
   endloop
 endfacet
 facet normal  0.000000e+00 -0.000000e+00 -1.000000e+00
   outer loop
     vertex  1.332000e+02 -1.082900e+02  0.000000e+00
     vertex  1.332187e+02 -1.084324e+02  0.000000e+00
     vertex  1.317413e+02 -1.084324e+02  0.000000e+00
   endloop
 endfacet
 facet normal -0.000000e+00  0.000000e+00 -1.000000e+00
   outer loop
     vertex  1.312100e+02 -1.063000e+02  0.000000e+00
     vertex  1.312100e+02 -1.077400e+02  0.000000e+00
     vertex  1.310676e+02 -1.062813e+02  0.000000e+00
   endloop
 endfacet
 facet normal -0.000000e+00  0.000000e+00 -1.000000e+00
   outer loop
     vertex  1.306787e+02 -1.056076e+02  0.000000e+00
     vertex  1.306600e+02 -1.057500e+02  0.000000e+00
     vertex  1.276122e+02 -1.050971e+02  0.000000e+00
   endloop
 endfacet
 facet normal  0.000000e+00  0.000000e+00 -1.000000e+00
   outer loop
     vertex  1.306787e+02 -1.056076e+02  0.000000e+00
     vertex  1.276122e+02 -1.050971e+02  0.000000e+00
     vertex  1.276250e+02 -1.050000e+02  0.000000e+00
   endloop
 endfacet
 facet normal -0.000000e+00  0.000000e+00 -1.000000e+00
   outer loop
     vertex  1.332187e+02 -1.081476e+02  0.000000e+00
     vertex  1.317600e+02 -1.082900e+02  0.000000e+00
     vertex  1.317413e+02 -1.081476e+02  0.000000e+00
   endloop
 endfacet
 facet normal  0.000000e+00  0.000000e+00 -1.000000e+00
   outer loop
     vertex  1.332187e+02 -1.081476e+02  0.000000e+00
     vertex  1.332000e+02 -1.082900e+02  0.000000e+00
     vertex  1.317600e+02 -1.082900e+02  0.000000e+00
   endloop
 endfacet
 facet normal  0.000000e+00  0.000000e+00 -1.000000e+00
   outer loop
     vertex  1.313524e+02 -1.062813e+02  0.000000e+00
     vertex  1.313524e+02 -1.077587e+02  0.000000e+00
     vertex  1.312100e+02 -1.077400e+02  0.000000e+00
   endloop
 endfacet
 facet normal  0.000000e+00 -0.000000e+00 -1.000000e+00
   outer loop
     vertex  1.313524e+02 -1.062813e+02  0.000000e+00
     vertex  1.314850e+02 -1.078137e+02  0.000000e+00
     vertex  1.313524e+02 -1.077587e+02  0.000000e+00
   endloop
 endfacet
 facet normal  0.000000e+00  0.000000e+00 -1.000000e+00
   outer loop
     vertex  1.313524e+02 -1.062813e+02  0.000000e+00
     vertex  1.312100e+02 -1.077400e+02  0.000000e+00
     vertex  1.312100e+02 -1.063000e+02  0.000000e+00
   endloop
 endfacet
 facet normal -0.000000e+00  0.000000e+00 -1.000000e+00
   outer loop
     vertex  1.307337e+02 -1.054750e+02  0.000000e+00
     vertex  1.306787e+02 -1.056076e+02  0.000000e+00
     vertex  1.276250e+02 -1.050000e+02  0.000000e+00
   endloop
 endfacet
 facet normal  0.000000e+00  0.000000e+00 -1.000000e+00
   outer loop
     vertex  1.307337e+02 -1.054750e+02  0.000000e+00
     vertex  1.276250e+02 -1.050000e+02  0.000000e+00
     vertex  1.276122e+02 -1.049029e+02  0.000000e+00
   endloop
 endfacet
 facet normal -0.000000e+00  0.000000e+00 -1.000000e+00
   outer loop
     vertex  1.332737e+02 -1.080150e+02  0.000000e+00
     vertex  1.317413e+02 -1.081476e+02  0.000000e+00
     vertex  1.316863e+02 -1.080150e+02  0.000000e+00
   endloop
 endfacet
 facet normal  0.000000e+00  0.000000e+00 -1.000000e+00
   outer loop
     vertex  1.332737e+02 -1.080150e+02  0.000000e+00
     vertex  1.332187e+02 -1.081476e+02  0.000000e+00
     vertex  1.317413e+02 -1.081476e+02  0.000000e+00
   endloop
 endfacet
 facet normal  0.000000e+00  0.000000e+00 -1.000000e+00
   outer loop
     vertex  1.314850e+02 -1.062263e+02  0.000000e+00
     vertex  1.314850e+02 -1.078137e+02  0.000000e+00
     vertex  1.313524e+02 -1.062813e+02  0.000000e+00
   endloop
 endfacet
 facet normal -0.000000e+00  0.000000e+00 -1.000000e+00
   outer loop
     vertex  1.308211e+02 -1.053611e+02  0.000000e+00
     vertex  1.307337e+02 -1.054750e+02  0.000000e+00
     vertex  1.276122e+02 -1.049029e+02  0.000000e+00
   endloop
 endfacet
 facet normal  0.000000e+00  0.000000e+00 -1.000000e+00
   outer loop
     vertex  1.308211e+02 -1.053611e+02  0.000000e+00
     vertex  1.276122e+02 -1.049029e+02  0.000000e+00
     vertex  1.275748e+02 -1.048125e+02  0.000000e+00
   endloop
 endfacet
 facet normal  0.000000e+00  0.000000e+00 -1.000000e+00
   outer loop
     vertex  1.315989e+02 -1.061389e+02  0.000000e+00
     vertex  1.314850e+02 -1.078137e+02  0.000000e+00
     vertex  1.314850e+02 -1.062263e+02  0.000000e+00
   endloop
 endfacet
 facet normal  0.000000e+00  0.000000e+00 -1.000000e+00
   outer loop
     vertex  1.315989e+02 -1.061389e+02  0.000000e+00
     vertex  1.315989e+02 -1.079011e+02  0.000000e+00
     vertex  1.314850e+02 -1.078137e+02  0.000000e+00
   endloop
 endfacet
 facet normal  0.000000e+00  0.000000e+00 -1.000000e+00
   outer loop
     vertex  1.333611e+02 -1.079011e+02  0.000000e+00
     vertex  1.332737e+02 -1.080150e+02  0.000000e+00
     vertex  1.316863e+02 -1.080150e+02  0.000000e+00
   endloop
 endfacet
 facet normal -0.000000e+00  0.000000e+00 -1.000000e+00
   outer loop
     vertex  1.333611e+02 -1.079011e+02  0.000000e+00
     vertex  1.316863e+02 -1.080150e+02  0.000000e+00
     vertex  1.315989e+02 -1.079011e+02  0.000000e+00
   endloop
 endfacet
 facet normal -0.000000e+00  0.000000e+00 -1.000000e+00
   outer loop
     vertex  1.272300e+02 -1.015700e+02  0.000000e+00
     vertex  1.271529e+02 -1.046378e+02  0.000000e+00
     vertex  1.261300e+02 -1.015700e+02  0.000000e+00
   endloop
 endfacet
 facet normal  0.000000e+00 -0.000000e+00 -1.000000e+00
   outer loop
     vertex  1.272300e+02 -1.015700e+02  0.000000e+00
     vertex  1.272500e+02 -1.046250e+02  0.000000e+00
     vertex  1.271529e+02 -1.046378e+02  0.000000e+00
   endloop
 endfacet
 facet normal -0.000000e+00  0.000000e+00 -1.000000e+00
   outer loop
     vertex  1.309350e+02 -1.052737e+02  0.000000e+00
     vertex  1.308211e+02 -1.053611e+02  0.000000e+00
     vertex  1.275748e+02 -1.048125e+02  0.000000e+00
   endloop
 endfacet
 facet normal  0.000000e+00  0.000000e+00 -1.000000e+00
   outer loop
     vertex  1.309350e+02 -1.052737e+02  0.000000e+00
     vertex  1.275748e+02 -1.048125e+02  0.000000e+00
     vertex  1.275152e+02 -1.047348e+02  0.000000e+00
   endloop
 endfacet
 facet normal  0.000000e+00  0.000000e+00 -1.000000e+00
   outer loop
     vertex  1.273076e+02 -1.015598e+02  0.000000e+00
     vertex  1.272500e+02 -1.046250e+02  0.000000e+00
     vertex  1.272300e+02 -1.015700e+02  0.000000e+00
   endloop
 endfacet
 facet normal  0.000000e+00 -0.000000e+00 -1.000000e+00
   outer loop
     vertex  1.273076e+02 -1.015598e+02  0.000000e+00
     vertex  1.273471e+02 -1.046378e+02  0.000000e+00
     vertex  1.272500e+02 -1.046250e+02  0.000000e+00
   endloop
 endfacet
 facet normal  0.000000e+00  0.000000e+00 -1.000000e+00
   outer loop
     vertex  1.273800e+02 -1.015298e+02  0.000000e+00
     vertex  1.273471e+02 -1.046378e+02  0.000000e+00
     vertex  1.273076e+02 -1.015598e+02  0.000000e+00
   endloop
 endfacet
 facet normal  0.000000e+00 -0.000000e+00 -1.000000e+00
   outer loop
     vertex  1.273800e+02 -1.015298e+02  0.000000e+00
     vertex  1.274375e+02 -1.046752e+02  0.000000e+00
     vertex  1.273471e+02 -1.046378e+02  0.000000e+00
   endloop
 endfacet
 facet normal  0.000000e+00  0.000000e+00 -1.000000e+00
   outer loop
     vertex  1.259502e+02 -1.000698e+02  0.000000e+00
     vertex  1.259311e+02 -1.010454e+02  0.000000e+00
     vertex  1.258831e+02 -1.010996e+02  0.000000e+00
   endloop
 endfacet
 facet normal -0.000000e+00  0.000000e+00 -1.000000e+00
   outer loop
     vertex  1.260175e+02 -1.001215e+02  0.000000e+00
     vertex  1.259311e+02 -1.010454e+02  0.000000e+00
     vertex  1.259502e+02 -1.000698e+02  0.000000e+00
   endloop
 endfacet
 facet normal  0.000000e+00  0.000000e+00 -1.000000e+00
   outer loop
     vertex  1.260175e+02 -1.001215e+02  0.000000e+00
     vertex  1.259906e+02 -1.010044e+02  0.000000e+00
     vertex  1.259311e+02 -1.010454e+02  0.000000e+00
   endloop
 endfacet
 facet normal  0.000000e+00 -0.000000e+00 -1.000000e+00
   outer loop
     vertex  1.260175e+02 -1.001215e+02  0.000000e+00
     vertex  1.260582e+02 -1.009787e+02  0.000000e+00
     vertex  1.259906e+02 -1.010044e+02  0.000000e+00
   endloop
 endfacet
 facet normal  0.000000e+00  0.000000e+00 -1.000000e+00
   outer loop
     vertex  1.258985e+02 -1.000025e+02  0.000000e+00
     vertex  1.258831e+02 -1.010996e+02  0.000000e+00
     vertex  1.258495e+02 -1.011636e+02  0.000000e+00
   endloop
 endfacet
 facet normal  0.000000e+00 -0.000000e+00 -1.000000e+00
   outer loop
     vertex  1.258985e+02 -1.000025e+02  0.000000e+00
     vertex  1.259502e+02 -1.000698e+02  0.000000e+00
     vertex  1.258831e+02 -1.010996e+02  0.000000e+00
   endloop
 endfacet
 facet normal  0.000000e+00 -0.000000e+00 -1.000000e+00
   outer loop
     vertex  1.260959e+02 -1.001539e+02  0.000000e+00
     vertex  1.261300e+02 -1.009700e+02  0.000000e+00
     vertex  1.260582e+02 -1.009787e+02  0.000000e+00
   endloop
 endfacet
 facet normal -0.000000e+00  0.000000e+00 -1.000000e+00
   outer loop
     vertex  1.260959e+02 -1.001539e+02  0.000000e+00
     vertex  1.260582e+02 -1.009787e+02  0.000000e+00
     vertex  1.260175e+02 -1.001215e+02  0.000000e+00
   endloop
 endfacet
 facet normal  0.000000e+00 -0.000000e+00 -1.000000e+00
   outer loop
     vertex  1.258661e+02 -9.992412e+01  0.000000e+00
     vertex  1.258985e+02 -1.000025e+02  0.000000e+00
     vertex  1.258495e+02 -1.011636e+02  0.000000e+00
   endloop
 endfacet
 facet normal  0.000000e+00  0.000000e+00 -1.000000e+00
   outer loop
     vertex  1.258661e+02 -9.992412e+01  0.000000e+00
     vertex  1.258495e+02 -1.011636e+02  0.000000e+00
     vertex  1.231805e+02 -1.011636e+02  0.000000e+00
   endloop
 endfacet
 facet normal  0.000000e+00  0.000000e+00 -1.000000e+00
   outer loop
     vertex  1.258661e+02 -9.992412e+01  0.000000e+00
     vertex  1.231805e+02 -1.011636e+02  0.000000e+00
     vertex  1.231469e+02 -1.010996e+02  0.000000e+00
   endloop
 endfacet
 facet normal  0.000000e+00  0.000000e+00 -1.000000e+00
   outer loop
     vertex  1.274421e+02 -1.014821e+02  0.000000e+00
     vertex  1.309350e+02 -1.052737e+02  0.000000e+00
     vertex  1.275152e+02 -1.047348e+02  0.000000e+00
   endloop
 endfacet
 facet normal  0.000000e+00  0.000000e+00 -1.000000e+00
   outer loop
     vertex  1.274421e+02 -1.014821e+02  0.000000e+00
     vertex  1.274375e+02 -1.046752e+02  0.000000e+00
     vertex  1.273800e+02 -1.015298e+02  0.000000e+00
   endloop
 endfacet
 facet normal  0.000000e+00 -0.000000e+00 -1.000000e+00
   outer loop
     vertex  1.274421e+02 -1.014821e+02  0.000000e+00
     vertex  1.275152e+02 -1.047348e+02  0.000000e+00
     vertex  1.274375e+02 -1.046752e+02  0.000000e+00
   endloop
 endfacet
 facet normal -0.000000e+00  0.000000e+00 -1.000000e+00
   outer loop
     vertex  1.261800e+02 -1.001650e+02  0.000000e+00
     vertex  1.261300e+02 -1.009700e+02  0.000000e+00
     vertex  1.260959e+02 -1.001539e+02  0.000000e+00
   endloop
 endfacet
 facet normal  0.000000e+00 -0.000000e+00 -1.000000e+00
   outer loop
     vertex  1.258550e+02 -9.984000e+01  0.000000e+00
     vertex  1.258661e+02 -9.992412e+01  0.000000e+00
     vertex  1.231469e+02 -1.010996e+02  0.000000e+00
   endloop
 endfacet
 facet normal  0.000000e+00  0.000000e+00 -1.000000e+00
   outer loop
     vertex  1.258550e+02 -9.984000e+01  0.000000e+00
     vertex  1.231469e+02 -1.010996e+02  0.000000e+00
     vertex  1.230989e+02 -1.010454e+02  0.000000e+00
   endloop
 endfacet
 facet normal  0.000000e+00  0.000000e+00 -1.000000e+00
   outer loop
     vertex  1.274898e+02 -1.014200e+02  0.000000e+00
     vertex  1.310676e+02 -1.052187e+02  0.000000e+00
     vertex  1.309350e+02 -1.052737e+02  0.000000e+00
   endloop
 endfacet
 facet normal  0.000000e+00 -0.000000e+00 -1.000000e+00
   outer loop
     vertex  1.274898e+02 -1.014200e+02  0.000000e+00
     vertex  1.309350e+02 -1.052737e+02  0.000000e+00
     vertex  1.274421e+02 -1.014821e+02  0.000000e+00
   endloop
 endfacet
 facet normal  0.000000e+00  0.000000e+00 -1.000000e+00
   outer loop
     vertex  1.258661e+02 -9.975588e+01  0.000000e+00
     vertex  1.258550e+02 -9.984000e+01  0.000000e+00
     vertex  1.230989e+02 -1.010454e+02  0.000000e+00
   endloop
 endfacet
 facet normal  0.000000e+00  0.000000e+00 -1.000000e+00
   outer loop
     vertex  1.258661e+02 -9.975588e+01  0.000000e+00
     vertex  1.230394e+02 -1.010044e+02  0.000000e+00
     vertex  1.229718e+02 -1.009787e+02  0.000000e+00
   endloop
 endfacet
 facet normal  0.000000e+00  0.000000e+00 -1.000000e+00
   outer loop
     vertex  1.258661e+02 -9.975588e+01  0.000000e+00
     vertex  1.230989e+02 -1.010454e+02  0.000000e+00
     vertex  1.230394e+02 -1.010044e+02  0.000000e+00
   endloop
 endfacet
 facet normal  0.000000e+00  0.000000e+00 -1.000000e+00
   outer loop
     vertex  1.262641e+02 -1.001539e+02  0.000000e+00
     vertex  1.261300e+02 -1.009700e+02  0.000000e+00
     vertex  1.261800e+02 -1.001650e+02  0.000000e+00
   endloop
 endfacet
 facet normal  0.000000e+00  0.000000e+00 -1.000000e+00
   outer loop
     vertex  1.275198e+02 -1.013476e+02  0.000000e+00
     vertex  1.312100e+02 -1.052000e+02  0.000000e+00
     vertex  1.310676e+02 -1.052187e+02  0.000000e+00
   endloop
 endfacet
 facet normal  0.000000e+00 -0.000000e+00 -1.000000e+00
   outer loop
     vertex  1.275198e+02 -1.013476e+02  0.000000e+00
     vertex  1.310676e+02 -1.052187e+02  0.000000e+00
     vertex  1.274898e+02 -1.014200e+02  0.000000e+00
   endloop
 endfacet
 facet normal  0.000000e+00  0.000000e+00 -1.000000e+00
   outer loop
     vertex  1.263425e+02 -1.001215e+02  0.000000e+00
     vertex  1.261300e+02 -1.009700e+02  0.000000e+00
     vertex  1.262641e+02 -1.001539e+02  0.000000e+00
   endloop
 endfacet
 facet normal  0.000000e+00  0.000000e+00 -1.000000e+00
   outer loop
     vertex  1.258985e+02 -9.967750e+01  0.000000e+00
     vertex  1.258661e+02 -9.975588e+01  0.000000e+00
     vertex  1.229718e+02 -1.009787e+02  0.000000e+00
   endloop
 endfacet
 facet normal  0.000000e+00  0.000000e+00 -1.000000e+00
   outer loop
     vertex  1.258985e+02 -9.967750e+01  0.000000e+00
     vertex  1.229718e+02 -1.009787e+02  0.000000e+00
     vertex  1.229000e+02 -1.009700e+02  0.000000e+00
   endloop
 endfacet
 facet normal  0.000000e+00  0.000000e+00 -1.000000e+00
   outer loop
     vertex  1.272300e+02 -1.009700e+02  0.000000e+00
     vertex  1.261300e+02 -1.009700e+02  0.000000e+00
     vertex  1.263425e+02 -1.001215e+02  0.000000e+00
   endloop
 endfacet
 facet normal  0.000000e+00  0.000000e+00 -1.000000e+00
   outer loop
     vertex  1.275300e+02 -1.012700e+02  0.000000e+00
     vertex  1.313524e+02 -1.052187e+02  0.000000e+00
     vertex  1.312100e+02 -1.052000e+02  0.000000e+00
   endloop
 endfacet
 facet normal  0.000000e+00 -0.000000e+00 -1.000000e+00
   outer loop
     vertex  1.275300e+02 -1.012700e+02  0.000000e+00
     vertex  1.312100e+02 -1.052000e+02  0.000000e+00
     vertex  1.275198e+02 -1.013476e+02  0.000000e+00
   endloop
 endfacet
 facet normal  0.000000e+00  0.000000e+00 -1.000000e+00
   outer loop
     vertex  1.275198e+02 -1.011924e+02  0.000000e+00
     vertex  1.313524e+02 -1.052187e+02  0.000000e+00
     vertex  1.275300e+02 -1.012700e+02  0.000000e+00
   endloop
 endfacet
 facet normal  0.000000e+00  0.000000e+00 -1.000000e+00
   outer loop
     vertex  1.259502e+02 -9.961019e+01  0.000000e+00
     vertex  1.258985e+02 -9.967750e+01  0.000000e+00
     vertex  1.229000e+02 -1.009700e+02  0.000000e+00
   endloop
 endfacet
 facet normal  0.000000e+00 -0.000000e+00 -1.000000e+00
   outer loop
     vertex  1.264098e+02 -1.000698e+02  0.000000e+00
     vertex  1.272300e+02 -1.009700e+02  0.000000e+00
     vertex  1.263425e+02 -1.001215e+02  0.000000e+00
   endloop
 endfacet
 facet normal  0.000000e+00 -0.000000e+00 -1.000000e+00
   outer loop
     vertex  1.264615e+02 -1.000025e+02  0.000000e+00
     vertex  1.272300e+02 -1.009700e+02  0.000000e+00
     vertex  1.264098e+02 -1.000698e+02  0.000000e+00
   endloop
 endfacet
 facet normal  0.000000e+00 -0.000000e+00 -1.000000e+00
   outer loop
     vertex  1.264939e+02 -9.992412e+01  0.000000e+00
     vertex  1.272300e+02 -1.009700e+02  0.000000e+00
     vertex  1.264615e+02 -1.000025e+02  0.000000e+00
   endloop
 endfacet
 facet normal  0.000000e+00  0.000000e+00 -1.000000e+00
   outer loop
     vertex  1.264939e+02 -9.992412e+01  0.000000e+00
     vertex  1.273076e+02 -1.009802e+02  0.000000e+00
     vertex  1.272300e+02 -1.009700e+02  0.000000e+00
   endloop
 endfacet
 facet normal  0.000000e+00 -0.000000e+00 -1.000000e+00
   outer loop
     vertex  1.265050e+02 -9.984000e+01  0.000000e+00
     vertex  1.273076e+02 -1.009802e+02  0.000000e+00
     vertex  1.264939e+02 -9.992412e+01  0.000000e+00
   endloop
 endfacet
 facet normal  0.000000e+00  0.000000e+00 -1.000000e+00
   outer loop
     vertex  1.265050e+02 -9.984000e+01  0.000000e+00
     vertex  1.273800e+02 -1.010102e+02  0.000000e+00
     vertex  1.273076e+02 -1.009802e+02  0.000000e+00
   endloop
 endfacet
 facet normal  0.000000e+00  0.000000e+00 -1.000000e+00
   outer loop
     vertex  1.264939e+02 -9.975588e+01  0.000000e+00
     vertex  1.274421e+02 -1.010579e+02  0.000000e+00
     vertex  1.273800e+02 -1.010102e+02  0.000000e+00
   endloop
 endfacet
 facet normal  0.000000e+00  0.000000e+00 -1.000000e+00
   outer loop
     vertex  1.264939e+02 -9.975588e+01  0.000000e+00
     vertex  1.273800e+02 -1.010102e+02  0.000000e+00
     vertex  1.265050e+02 -9.984000e+01  0.000000e+00
   endloop
 endfacet
 facet normal  0.000000e+00  0.000000e+00 -1.000000e+00
   outer loop
     vertex  1.264615e+02 -9.967750e+01  0.000000e+00
     vertex  1.274421e+02 -1.010579e+02  0.000000e+00
     vertex  1.264939e+02 -9.975588e+01  0.000000e+00
   endloop
 endfacet
 facet normal  0.000000e+00 -0.000000e+00 -1.000000e+00
   outer loop
     vertex  1.333611e+02 -1.061389e+02  0.000000e+00
     vertex  1.333611e+02 -1.079011e+02  0.000000e+00
     vertex  1.315989e+02 -1.079011e+02  0.000000e+00
   endloop
 endfacet
 facet normal  0.000000e+00  0.000000e+00 -1.000000e+00
   outer loop
     vertex  1.333611e+02 -1.061389e+02  0.000000e+00
     vertex  1.334750e+02 -1.078137e+02  0.000000e+00
     vertex  1.333611e+02 -1.079011e+02  0.000000e+00
   endloop
 endfacet
 facet normal -0.000000e+00  0.000000e+00 -1.000000e+00
   outer loop
     vertex  1.333611e+02 -1.061389e+02  0.000000e+00
     vertex  1.315989e+02 -1.079011e+02  0.000000e+00
     vertex  1.315989e+02 -1.061389e+02  0.000000e+00
   endloop
 endfacet
 facet normal  0.000000e+00  0.000000e+00 -1.000000e+00
   outer loop
     vertex  1.334750e+02 -1.062263e+02  0.000000e+00
     vertex  1.336076e+02 -1.077587e+02  0.000000e+00
     vertex  1.334750e+02 -1.078137e+02  0.000000e+00
   endloop
 endfacet
 facet normal -0.000000e+00 -0.000000e+00 -1.000000e+00
   outer loop
     vertex  1.334750e+02 -1.062263e+02  0.000000e+00
     vertex  1.334750e+02 -1.078137e+02  0.000000e+00
     vertex  1.333611e+02 -1.061389e+02  0.000000e+00
   endloop
 endfacet
 facet normal -0.000000e+00  0.000000e+00 -1.000000e+00
   outer loop
     vertex  1.332737e+02 -1.060250e+02  0.000000e+00
     vertex  1.315989e+02 -1.061389e+02  0.000000e+00
     vertex  1.316863e+02 -1.060250e+02  0.000000e+00
   endloop
 endfacet
 facet normal  0.000000e+00 -0.000000e+00 -1.000000e+00
   outer loop
     vertex  1.332737e+02 -1.060250e+02  0.000000e+00
     vertex  1.333611e+02 -1.061389e+02  0.000000e+00
     vertex  1.315989e+02 -1.061389e+02  0.000000e+00
   endloop
 endfacet
 facet normal -0.000000e+00 -0.000000e+00 -1.000000e+00
   outer loop
     vertex  1.336076e+02 -1.062813e+02  0.000000e+00
     vertex  1.336076e+02 -1.077587e+02  0.000000e+00
     vertex  1.334750e+02 -1.062263e+02  0.000000e+00
   endloop
 endfacet
 facet normal -0.000000e+00  0.000000e+00 -1.000000e+00
   outer loop
     vertex  1.332187e+02 -1.058924e+02  0.000000e+00
     vertex  1.316863e+02 -1.060250e+02  0.000000e+00
     vertex  1.317413e+02 -1.058924e+02  0.000000e+00
   endloop
 endfacet
 facet normal  0.000000e+00 -0.000000e+00 -1.000000e+00
   outer loop
     vertex  1.332187e+02 -1.058924e+02  0.000000e+00
     vertex  1.332737e+02 -1.060250e+02  0.000000e+00
     vertex  1.316863e+02 -1.060250e+02  0.000000e+00
   endloop
 endfacet
 facet normal -0.000000e+00  0.000000e+00 -1.000000e+00
   outer loop
     vertex  1.337500e+02 -1.063000e+02  0.000000e+00
     vertex  1.336076e+02 -1.077587e+02  0.000000e+00
     vertex  1.336076e+02 -1.062813e+02  0.000000e+00
   endloop
 endfacet
 facet normal  0.000000e+00 -0.000000e+00 -1.000000e+00
   outer loop
     vertex  1.337500e+02 -1.063000e+02  0.000000e+00
     vertex  1.337500e+02 -1.077400e+02  0.000000e+00
     vertex  1.336076e+02 -1.077587e+02  0.000000e+00
   endloop
 endfacet
 facet normal -0.000000e+00  0.000000e+00 -1.000000e+00
   outer loop
     vertex  1.332000e+02 -1.057500e+02  0.000000e+00
     vertex  1.317413e+02 -1.058924e+02  0.000000e+00
     vertex  1.317600e+02 -1.057500e+02  0.000000e+00
   endloop
 endfacet
 facet normal  0.000000e+00 -0.000000e+00 -1.000000e+00
   outer loop
     vertex  1.332000e+02 -1.057500e+02  0.000000e+00
     vertex  1.332187e+02 -1.058924e+02  0.000000e+00
     vertex  1.317413e+02 -1.058924e+02  0.000000e+00
   endloop
 endfacet
 facet normal  0.000000e+00 -0.000000e+00 -1.000000e+00
   outer loop
     vertex  1.338924e+02 -1.062813e+02  0.000000e+00
     vertex  1.338924e+02 -1.077587e+02  0.000000e+00
     vertex  1.337500e+02 -1.077400e+02  0.000000e+00
   endloop
 endfacet
 facet normal  0.000000e+00  0.000000e+00 -1.000000e+00
   outer loop
     vertex  1.338924e+02 -1.062813e+02  0.000000e+00
     vertex  1.337500e+02 -1.077400e+02  0.000000e+00
     vertex  1.337500e+02 -1.063000e+02  0.000000e+00
   endloop
 endfacet
 facet normal  0.000000e+00  0.000000e+00 -1.000000e+00
   outer loop
     vertex  1.338924e+02 -1.062813e+02  0.000000e+00
     vertex  1.340250e+02 -1.078137e+02  0.000000e+00
     vertex  1.338924e+02 -1.077587e+02  0.000000e+00
   endloop
 endfacet
 facet normal -0.000000e+00  0.000000e+00 -1.000000e+00
   outer loop
     vertex  1.332187e+02 -1.056076e+02  0.000000e+00
     vertex  1.317600e+02 -1.057500e+02  0.000000e+00
     vertex  1.317413e+02 -1.056076e+02  0.000000e+00
   endloop
 endfacet
 facet normal  0.000000e+00  0.000000e+00 -1.000000e+00
   outer loop
     vertex  1.332187e+02 -1.056076e+02  0.000000e+00
     vertex  1.332000e+02 -1.057500e+02  0.000000e+00
     vertex  1.317600e+02 -1.057500e+02  0.000000e+00
   endloop
 endfacet
 facet normal -0.000000e+00  0.000000e+00 -1.000000e+00
   outer loop
     vertex  1.332737e+02 -1.054750e+02  0.000000e+00
     vertex  1.317413e+02 -1.056076e+02  0.000000e+00
     vertex  1.316863e+02 -1.054750e+02  0.000000e+00
   endloop
 endfacet
 facet normal  0.000000e+00  0.000000e+00 -1.000000e+00
   outer loop
     vertex  1.332737e+02 -1.054750e+02  0.000000e+00
     vertex  1.332187e+02 -1.056076e+02  0.000000e+00
     vertex  1.317413e+02 -1.056076e+02  0.000000e+00
   endloop
 endfacet
 facet normal  0.000000e+00  0.000000e+00 -1.000000e+00
   outer loop
     vertex  1.340250e+02 -1.062263e+02  0.000000e+00
     vertex  1.341389e+02 -1.079011e+02  0.000000e+00
     vertex  1.340250e+02 -1.078137e+02  0.000000e+00
   endloop
 endfacet
 facet normal  0.000000e+00 -0.000000e+00 -1.000000e+00
   outer loop
     vertex  1.340250e+02 -1.062263e+02  0.000000e+00
     vertex  1.340250e+02 -1.078137e+02  0.000000e+00
     vertex  1.338924e+02 -1.062813e+02  0.000000e+00
   endloop
 endfacet
 facet normal  0.000000e+00 -0.000000e+00 -1.000000e+00
   outer loop
     vertex  1.341389e+02 -1.061389e+02  0.000000e+00
     vertex  1.341389e+02 -1.079011e+02  0.000000e+00
     vertex  1.340250e+02 -1.062263e+02  0.000000e+00
   endloop
 endfacet
 facet normal  0.000000e+00  0.000000e+00 -1.000000e+00
   outer loop
     vertex  1.333611e+02 -1.053611e+02  0.000000e+00
     vertex  1.315989e+02 -1.053611e+02  0.000000e+00
     vertex  1.314850e+02 -1.052737e+02  0.000000e+00
   endloop
 endfacet
 facet normal -0.000000e+00  0.000000e+00 -1.000000e+00
   outer loop
     vertex  1.333611e+02 -1.053611e+02  0.000000e+00
     vertex  1.316863e+02 -1.054750e+02  0.000000e+00
     vertex  1.315989e+02 -1.053611e+02  0.000000e+00
   endloop
 endfacet
 facet normal  0.000000e+00  0.000000e+00 -1.000000e+00
   outer loop
     vertex  1.333611e+02 -1.053611e+02  0.000000e+00
     vertex  1.332737e+02 -1.054750e+02  0.000000e+00
     vertex  1.316863e+02 -1.054750e+02  0.000000e+00
   endloop
 endfacet
 facet normal -0.000000e+00  0.000000e+00 -1.000000e+00
   outer loop
     vertex  1.334750e+02 -1.052737e+02  0.000000e+00
     vertex  1.333611e+02 -1.053611e+02  0.000000e+00
     vertex  1.314850e+02 -1.052737e+02  0.000000e+00
   endloop
 endfacet
 facet normal  0.000000e+00 -0.000000e+00 -1.000000e+00
   outer loop
     vertex  1.342263e+02 -1.060250e+02  0.000000e+00
     vertex  1.342263e+02 -1.080150e+02  0.000000e+00
     vertex  1.341389e+02 -1.079011e+02  0.000000e+00
   endloop
 endfacet
 facet normal  0.000000e+00  0.000000e+00 -1.000000e+00
   outer loop
     vertex  1.342263e+02 -1.060250e+02  0.000000e+00
     vertex  1.341389e+02 -1.079011e+02  0.000000e+00
     vertex  1.341389e+02 -1.061389e+02  0.000000e+00
   endloop
 endfacet
 facet normal  0.000000e+00  0.000000e+00 -1.000000e+00
   outer loop
     vertex  1.336076e+02 -1.052187e+02  0.000000e+00
     vertex  1.313524e+02 -1.052187e+02  0.000000e+00
     vertex  1.275198e+02 -1.011924e+02  0.000000e+00
   endloop
 endfacet
 facet normal -0.000000e+00  0.000000e+00 -1.000000e+00
   outer loop
     vertex  1.336076e+02 -1.052187e+02  0.000000e+00
     vertex  1.314850e+02 -1.052737e+02  0.000000e+00
     vertex  1.313524e+02 -1.052187e+02  0.000000e+00
   endloop
 endfacet
 facet normal  0.000000e+00  0.000000e+00 -1.000000e+00
   outer loop
     vertex  1.336076e+02 -1.052187e+02  0.000000e+00
     vertex  1.334750e+02 -1.052737e+02  0.000000e+00
     vertex  1.314850e+02 -1.052737e+02  0.000000e+00
   endloop
 endfacet
 facet normal  0.000000e+00  0.000000e+00 -1.000000e+00
   outer loop
     vertex  1.342813e+02 -1.058924e+02  0.000000e+00
     vertex  1.342263e+02 -1.080150e+02  0.000000e+00
     vertex  1.342263e+02 -1.060250e+02  0.000000e+00
   endloop
 endfacet
 facet normal  0.000000e+00 -0.000000e+00 -1.000000e+00
   outer loop
     vertex  1.342813e+02 -1.058924e+02  0.000000e+00
     vertex  1.342813e+02 -1.081476e+02  0.000000e+00
     vertex  1.342263e+02 -1.080150e+02  0.000000e+00
   endloop
 endfacet
 facet normal  0.000000e+00  0.000000e+00 -1.000000e+00
   outer loop
     vertex  1.337500e+02 -1.052000e+02  0.000000e+00
     vertex  1.275198e+02 -1.011924e+02  0.000000e+00
     vertex  1.274898e+02 -1.011200e+02  0.000000e+00
   endloop
 endfacet
 facet normal -0.000000e+00  0.000000e+00 -1.000000e+00
   outer loop
     vertex  1.337500e+02 -1.052000e+02  0.000000e+00
     vertex  1.336076e+02 -1.052187e+02  0.000000e+00
     vertex  1.275198e+02 -1.011924e+02  0.000000e+00
   endloop
 endfacet
 facet normal  0.000000e+00 -0.000000e+00 -1.000000e+00
   outer loop
     vertex  1.218879e+02 -9.284213e+01  0.000000e+00
     vertex  1.219011e+02 -1.010454e+02  0.000000e+00
     vertex  1.218531e+02 -1.010996e+02  0.000000e+00
   endloop
 endfacet
 facet normal -0.000000e+00  0.000000e+00 -1.000000e+00
   outer loop
     vertex  1.219500e+02 -9.288981e+01  0.000000e+00
     vertex  1.219011e+02 -1.010454e+02  0.000000e+00
     vertex  1.218879e+02 -9.284213e+01  0.000000e+00
   endloop
 endfacet
 facet normal  0.000000e+00 -0.000000e+00 -1.000000e+00
   outer loop
     vertex  1.219500e+02 -9.288981e+01  0.000000e+00
     vertex  1.219606e+02 -1.010044e+02  0.000000e+00
     vertex  1.219011e+02 -1.010454e+02  0.000000e+00
   endloop
 endfacet
 facet normal  0.000000e+00  0.000000e+00 -1.000000e+00
   outer loop
     vertex  1.218402e+02 -9.278000e+01  0.000000e+00
     vertex  1.218879e+02 -9.284213e+01  0.000000e+00
     vertex  1.218531e+02 -1.010996e+02  0.000000e+00
   endloop
 endfacet
 facet normal  0.000000e+00 -0.000000e+00 -1.000000e+00
   outer loop
     vertex  1.218402e+02 -9.278000e+01  0.000000e+00
     vertex  1.218531e+02 -1.010996e+02  0.000000e+00
     vertex  1.218195e+02 -1.011636e+02  0.000000e+00
   endloop
 endfacet
 facet normal -0.000000e+00  0.000000e+00 -1.000000e+00
   outer loop
     vertex  1.220224e+02 -9.291978e+01  0.000000e+00
     vertex  1.219606e+02 -1.010044e+02  0.000000e+00
     vertex  1.219500e+02 -9.288981e+01  0.000000e+00
   endloop
 endfacet
 facet normal  0.000000e+00 -0.000000e+00 -1.000000e+00
   outer loop
     vertex  1.220224e+02 -9.291978e+01  0.000000e+00
     vertex  1.220282e+02 -1.009787e+02  0.000000e+00
     vertex  1.219606e+02 -1.010044e+02  0.000000e+00
   endloop
 endfacet
 facet normal  0.000000e+00 -0.000000e+00 -1.000000e+00
   outer loop
     vertex  1.218102e+02 -9.270764e+01  0.000000e+00
     vertex  1.218195e+02 -1.011636e+02  0.000000e+00
     vertex  1.218022e+02 -1.012338e+02  0.000000e+00
   endloop
 endfacet
 facet normal  0.000000e+00  0.000000e+00 -1.000000e+00
   outer loop
     vertex  1.218102e+02 -9.270764e+01  0.000000e+00
     vertex  1.218402e+02 -9.278000e+01  0.000000e+00
     vertex  1.218195e+02 -1.011636e+02  0.000000e+00
   endloop
 endfacet
 facet normal  0.000000e+00 -0.000000e+00 -1.000000e+00
   outer loop
     vertex  1.221000e+02 -9.293000e+01  0.000000e+00
     vertex  1.221000e+02 -1.009700e+02  0.000000e+00
     vertex  1.220282e+02 -1.009787e+02  0.000000e+00
   endloop
 endfacet
 facet normal -0.000000e+00  0.000000e+00 -1.000000e+00
   outer loop
     vertex  1.221000e+02 -9.293000e+01  0.000000e+00
     vertex  1.220282e+02 -1.009787e+02  0.000000e+00
     vertex  1.220224e+02 -9.291978e+01  0.000000e+00
   endloop
 endfacet
 facet normal  0.000000e+00 -0.000000e+00 -1.000000e+00
   outer loop
     vertex  1.229000e+02 -9.293000e+01  0.000000e+00
     vertex  1.229000e+02 -1.009700e+02  0.000000e+00
     vertex  1.221000e+02 -1.009700e+02  0.000000e+00
   endloop
 endfacet
 facet normal -0.000000e+00  0.000000e+00 -1.000000e+00
   outer loop
     vertex  1.229000e+02 -9.293000e+01  0.000000e+00
     vertex  1.221000e+02 -1.009700e+02  0.000000e+00
     vertex  1.221000e+02 -9.293000e+01  0.000000e+00
   endloop
 endfacet
 facet normal  0.000000e+00 -0.000000e+00 -1.000000e+00
   outer loop
     vertex  1.259502e+02 -9.428981e+01  0.000000e+00
     vertex  1.259502e+02 -9.961019e+01  0.000000e+00
     vertex  1.229000e+02 -1.009700e+02  0.000000e+00
   endloop
 endfacet
 facet normal -0.000000e+00  0.000000e+00 -1.000000e+00
   outer loop
     vertex  1.259502e+02 -9.428981e+01  0.000000e+00
     vertex  1.229000e+02 -1.009700e+02  0.000000e+00
     vertex  1.229000e+02 -9.293000e+01  0.000000e+00
   endloop
 endfacet
 facet normal -0.000000e+00 -0.000000e+00 -1.000000e+00
   outer loop
     vertex  1.258985e+02 -9.422250e+01  0.000000e+00
     vertex  1.259502e+02 -9.428981e+01  0.000000e+00
     vertex  1.229000e+02 -9.293000e+01  0.000000e+00
   endloop
 endfacet
 facet normal  0.000000e+00  0.000000e+00 -1.000000e+00
   outer loop
     vertex  1.258985e+02 -9.422250e+01  0.000000e+00
     vertex  1.229000e+02 -9.293000e+01  0.000000e+00
     vertex  1.229776e+02 -9.291978e+01  0.000000e+00
   endloop
 endfacet
 facet normal -0.000000e+00  0.000000e+00 -1.000000e+00
   outer loop
     vertex  1.260175e+02 -9.434146e+01  0.000000e+00
     vertex  1.259502e+02 -9.961019e+01  0.000000e+00
     vertex  1.259502e+02 -9.428981e+01  0.000000e+00
   endloop
 endfacet
 facet normal  0.000000e+00 -0.000000e+00 -1.000000e+00
   outer loop
     vertex  1.260175e+02 -9.434146e+01  0.000000e+00
     vertex  1.260175e+02 -9.955854e+01  0.000000e+00
     vertex  1.259502e+02 -9.961019e+01  0.000000e+00
   endloop
 endfacet
 facet normal -0.000000e+00  0.000000e+00 -1.000000e+00
   outer loop
     vertex  1.260959e+02 -9.437392e+01  0.000000e+00
     vertex  1.260175e+02 -9.955854e+01  0.000000e+00
     vertex  1.260175e+02 -9.434146e+01  0.000000e+00
   endloop
 endfacet
 facet normal  0.000000e+00 -0.000000e+00 -1.000000e+00
   outer loop
     vertex  1.260959e+02 -9.437392e+01  0.000000e+00
     vertex  1.260959e+02 -9.952607e+01  0.000000e+00
     vertex  1.260175e+02 -9.955854e+01  0.000000e+00
   endloop
 endfacet
 facet normal  0.000000e+00  0.000000e+00 -1.000000e+00
   outer loop
     vertex  1.260959e+02 -9.437392e+01  0.000000e+00
     vertex  1.261800e+02 -9.951500e+01  0.000000e+00
     vertex  1.260959e+02 -9.952607e+01  0.000000e+00
   endloop
 endfacet
 facet normal -0.000000e+00 -0.000000e+00 -1.000000e+00
   outer loop
     vertex  1.258661e+02 -9.414412e+01  0.000000e+00
     vertex  1.258985e+02 -9.422250e+01  0.000000e+00
     vertex  1.229776e+02 -9.291978e+01  0.000000e+00
   endloop
 endfacet
 facet normal  0.000000e+00  0.000000e+00 -1.000000e+00
   outer loop
     vertex  1.258661e+02 -9.414412e+01  0.000000e+00
     vertex  1.229776e+02 -9.291978e+01  0.000000e+00
     vertex  1.230500e+02 -9.288981e+01  0.000000e+00
   endloop
 endfacet
 facet normal -0.000000e+00 -0.000000e+00 -1.000000e+00
   outer loop
     vertex  1.261800e+02 -9.438500e+01  0.000000e+00
     vertex  1.261800e+02 -9.951500e+01  0.000000e+00
     vertex  1.260959e+02 -9.437392e+01  0.000000e+00
   endloop
 endfacet
 facet normal -0.000000e+00 -0.000000e+00 -1.000000e+00
   outer loop
     vertex  1.258550e+02 -9.406000e+01  0.000000e+00
     vertex  1.258661e+02 -9.414412e+01  0.000000e+00
     vertex  1.230500e+02 -9.288981e+01  0.000000e+00
   endloop
 endfacet
 facet normal  0.000000e+00  0.000000e+00 -1.000000e+00
   outer loop
     vertex  1.258550e+02 -9.406000e+01  0.000000e+00
     vertex  1.230500e+02 -9.288981e+01  0.000000e+00
     vertex  1.231121e+02 -9.284213e+01  0.000000e+00
   endloop
 endfacet
 facet normal  0.000000e+00  0.000000e+00 -1.000000e+00
   outer loop
     vertex  1.262641e+02 -9.437392e+01  0.000000e+00
     vertex  1.261800e+02 -9.951500e+01  0.000000e+00
     vertex  1.261800e+02 -9.438500e+01  0.000000e+00
   endloop
 endfacet
 facet normal  0.000000e+00 -0.000000e+00 -1.000000e+00
   outer loop
     vertex  1.262641e+02 -9.437392e+01  0.000000e+00
     vertex  1.262641e+02 -9.952607e+01  0.000000e+00
     vertex  1.261800e+02 -9.951500e+01  0.000000e+00
   endloop
 endfacet
 facet normal -0.000000e+00  0.000000e+00 -1.000000e+00
   outer loop
     vertex  1.258661e+02 -9.397588e+01  0.000000e+00
     vertex  1.258550e+02 -9.406000e+01  0.000000e+00
     vertex  1.231121e+02 -9.284213e+01  0.000000e+00
   endloop
 endfacet
 facet normal  0.000000e+00  0.000000e+00 -1.000000e+00
   outer loop
     vertex  1.258661e+02 -9.397588e+01  0.000000e+00
     vertex  1.231121e+02 -9.284213e+01  0.000000e+00
     vertex  1.231598e+02 -9.278000e+01  0.000000e+00
   endloop
 endfacet
 facet normal  0.000000e+00  0.000000e+00 -1.000000e+00
   outer loop
     vertex  1.263425e+02 -9.434146e+01  0.000000e+00
     vertex  1.262641e+02 -9.952607e+01  0.000000e+00
     vertex  1.262641e+02 -9.437392e+01  0.000000e+00
   endloop
 endfacet
 facet normal  0.000000e+00 -0.000000e+00 -1.000000e+00
   outer loop
     vertex  1.263425e+02 -9.434146e+01  0.000000e+00
     vertex  1.263425e+02 -9.955854e+01  0.000000e+00
     vertex  1.262641e+02 -9.952607e+01  0.000000e+00
   endloop
 endfacet
 facet normal  0.000000e+00  0.000000e+00 -1.000000e+00
   outer loop
     vertex  1.264098e+02 -9.428981e+01  0.000000e+00
     vertex  1.263425e+02 -9.955854e+01  0.000000e+00
     vertex  1.263425e+02 -9.434146e+01  0.000000e+00
   endloop
 endfacet
 facet normal  0.000000e+00 -0.000000e+00 -1.000000e+00
   outer loop
     vertex  1.264098e+02 -9.428981e+01  0.000000e+00
     vertex  1.264098e+02 -9.961019e+01  0.000000e+00
     vertex  1.263425e+02 -9.955854e+01  0.000000e+00
   endloop
 endfacet
 facet normal  0.000000e+00  0.000000e+00 -1.000000e+00
   outer loop
     vertex  1.264615e+02 -9.422250e+01  0.000000e+00
     vertex  1.264098e+02 -9.961019e+01  0.000000e+00
     vertex  1.264098e+02 -9.428981e+01  0.000000e+00
   endloop
 endfacet
 facet normal  0.000000e+00 -0.000000e+00 -1.000000e+00
   outer loop
     vertex  1.264615e+02 -9.422250e+01  0.000000e+00
     vertex  1.264615e+02 -9.967750e+01  0.000000e+00
     vertex  1.264098e+02 -9.961019e+01  0.000000e+00
   endloop
 endfacet
 facet normal  0.000000e+00  0.000000e+00 -1.000000e+00
   outer loop
     vertex  1.223686e+02 -8.938137e+01  0.000000e+00
     vertex  1.219500e+02 -9.237019e+01  0.000000e+00
     vertex  1.218879e+02 -9.241787e+01  0.000000e+00
   endloop
 endfacet
 facet normal  0.000000e+00  0.000000e+00 -1.000000e+00
   outer loop
     vertex  1.223686e+02 -8.938137e+01  0.000000e+00
     vertex  1.220224e+02 -9.234022e+01  0.000000e+00
     vertex  1.219500e+02 -9.237019e+01  0.000000e+00
   endloop
 endfacet
 facet normal  0.000000e+00  0.000000e+00 -1.000000e+00
   outer loop
     vertex  1.200000e+02 -8.700000e+01  0.000000e+00
     vertex  1.218000e+02 -9.263000e+01  0.000000e+00
     vertex  1.218102e+02 -9.270764e+01  0.000000e+00
   endloop
 endfacet
 facet normal  0.000000e+00  0.000000e+00 -1.000000e+00
   outer loop
     vertex  1.200000e+02 -8.700000e+01  0.000000e+00
     vertex  1.218102e+02 -9.255235e+01  0.000000e+00
     vertex  1.218000e+02 -9.263000e+01  0.000000e+00
   endloop
 endfacet
 facet normal  0.000000e+00  0.000000e+00 -1.000000e+00
   outer loop
     vertex  1.200000e+02 -8.700000e+01  0.000000e+00
     vertex  1.218402e+02 -9.248000e+01  0.000000e+00
     vertex  1.218102e+02 -9.255235e+01  0.000000e+00
   endloop
 endfacet
 facet normal  0.000000e+00  0.000000e+00 -1.000000e+00
   outer loop
     vertex  1.200000e+02 -8.700000e+01  0.000000e+00
     vertex  1.218022e+02 -1.012338e+02  0.000000e+00
     vertex  1.200000e+02 -1.075000e+02  0.000000e+00
   endloop
 endfacet
 facet normal  0.000000e+00  0.000000e+00 -1.000000e+00
   outer loop
     vertex  1.200000e+02 -8.700000e+01  0.000000e+00
     vertex  1.218102e+02 -9.270764e+01  0.000000e+00
     vertex  1.218022e+02 -1.012338e+02  0.000000e+00
   endloop
 endfacet
 facet normal  0.000000e+00 -0.000000e+00 -1.000000e+00
   outer loop
     vertex  1.221144e+02 -8.905000e+01  0.000000e+00
     vertex  1.223686e+02 -8.938137e+01  0.000000e+00
     vertex  1.218879e+02 -9.241787e+01  0.000000e+00
   endloop
 endfacet
 facet normal  0.000000e+00  0.000000e+00 -1.000000e+00
   outer loop
     vertex  1.221144e+02 -8.905000e+01  0.000000e+00
     vertex  1.218879e+02 -9.241787e+01  0.000000e+00
     vertex  1.218402e+02 -9.248000e+01  0.000000e+00
   endloop
 endfacet
 facet normal -0.000000e+00  0.000000e+00 -1.000000e+00
   outer loop
     vertex  1.221144e+02 -8.905000e+01  0.000000e+00
     vertex  1.218402e+02 -9.248000e+01  0.000000e+00
     vertex  1.200000e+02 -8.700000e+01  0.000000e+00
   endloop
 endfacet
 facet normal  0.000000e+00  0.000000e+00 -1.000000e+00
   outer loop
     vertex  1.227000e+02 -8.963564e+01  0.000000e+00
     vertex  1.221000e+02 -9.233000e+01  0.000000e+00
     vertex  1.220224e+02 -9.234022e+01  0.000000e+00
   endloop
 endfacet
 facet normal -0.000000e+00  0.000000e+00 -1.000000e+00
   outer loop
     vertex  1.227000e+02 -8.963564e+01  0.000000e+00
     vertex  1.220224e+02 -9.234022e+01  0.000000e+00
     vertex  1.223686e+02 -8.938137e+01  0.000000e+00
   endloop
 endfacet
 facet normal  0.000000e+00 -0.000000e+00 -1.000000e+00
   outer loop
     vertex  1.259179e+02 -9.284213e+01  0.000000e+00
     vertex  1.259502e+02 -9.383019e+01  0.000000e+00
     vertex  1.258985e+02 -9.389750e+01  0.000000e+00
   endloop
 endfacet
 facet normal  0.000000e+00 -0.000000e+00 -1.000000e+00
   outer loop
     vertex  1.259800e+02 -9.288981e+01  0.000000e+00
     vertex  1.260175e+02 -9.377854e+01  0.000000e+00
     vertex  1.259502e+02 -9.383019e+01  0.000000e+00
   endloop
 endfacet
 facet normal -0.000000e+00  0.000000e+00 -1.000000e+00
   outer loop
     vertex  1.259800e+02 -9.288981e+01  0.000000e+00
     vertex  1.259502e+02 -9.383019e+01  0.000000e+00
     vertex  1.259179e+02 -9.284213e+01  0.000000e+00
   endloop
 endfacet
 facet normal  0.000000e+00  0.000000e+00 -1.000000e+00
   outer loop
     vertex  1.258702e+02 -9.278000e+01  0.000000e+00
     vertex  1.259179e+02 -9.284213e+01  0.000000e+00
     vertex  1.258985e+02 -9.389750e+01  0.000000e+00
   endloop
 endfacet
 facet normal -0.000000e+00  0.000000e+00 -1.000000e+00
   outer loop
     vertex  1.258702e+02 -9.278000e+01  0.000000e+00
     vertex  1.258661e+02 -9.397588e+01  0.000000e+00
     vertex  1.231598e+02 -9.278000e+01  0.000000e+00
   endloop
 endfacet
 facet normal  0.000000e+00 -0.000000e+00 -1.000000e+00
   outer loop
     vertex  1.258702e+02 -9.278000e+01  0.000000e+00
     vertex  1.258985e+02 -9.389750e+01  0.000000e+00
     vertex  1.258661e+02 -9.397588e+01  0.000000e+00
   endloop
 endfacet
 facet normal  0.000000e+00 -0.000000e+00 -1.000000e+00
   outer loop
     vertex  1.260524e+02 -9.291978e+01  0.000000e+00
     vertex  1.260959e+02 -9.374607e+01  0.000000e+00
     vertex  1.260175e+02 -9.377854e+01  0.000000e+00
   endloop
 endfacet
 facet normal -0.000000e+00  0.000000e+00 -1.000000e+00
   outer loop
     vertex  1.260524e+02 -9.291978e+01  0.000000e+00
     vertex  1.260175e+02 -9.377854e+01  0.000000e+00
     vertex  1.259800e+02 -9.288981e+01  0.000000e+00
   endloop
 endfacet
 facet normal  0.000000e+00 -0.000000e+00 -1.000000e+00
   outer loop
     vertex  1.258402e+02 -9.270764e+01  0.000000e+00
     vertex  1.258702e+02 -9.278000e+01  0.000000e+00
     vertex  1.231598e+02 -9.278000e+01  0.000000e+00
   endloop
 endfacet
 facet normal -0.000000e+00  0.000000e+00 -1.000000e+00
   outer loop
     vertex  1.258402e+02 -9.270764e+01  0.000000e+00
     vertex  1.231598e+02 -9.278000e+01  0.000000e+00
     vertex  1.231898e+02 -9.270764e+01  0.000000e+00
   endloop
 endfacet
 facet normal  0.000000e+00 -0.000000e+00 -1.000000e+00
   outer loop
     vertex  1.261300e+02 -9.293000e+01  0.000000e+00
     vertex  1.261800e+02 -9.373500e+01  0.000000e+00
     vertex  1.260959e+02 -9.374607e+01  0.000000e+00
   endloop
 endfacet
 facet normal  0.000000e+00  0.000000e+00 -1.000000e+00
   outer loop
     vertex  1.261300e+02 -9.293000e+01  0.000000e+00
     vertex  1.262641e+02 -9.374607e+01  0.000000e+00
     vertex  1.261800e+02 -9.373500e+01  0.000000e+00
   endloop
 endfacet
 facet normal  0.000000e+00  0.000000e+00 -1.000000e+00
   outer loop
     vertex  1.261300e+02 -9.293000e+01  0.000000e+00
     vertex  1.263425e+02 -9.377854e+01  0.000000e+00
     vertex  1.262641e+02 -9.374607e+01  0.000000e+00
   endloop
 endfacet
 facet normal -0.000000e+00  0.000000e+00 -1.000000e+00
   outer loop
     vertex  1.261300e+02 -9.293000e+01  0.000000e+00
     vertex  1.260959e+02 -9.374607e+01  0.000000e+00
     vertex  1.260524e+02 -9.291978e+01  0.000000e+00
   endloop
 endfacet
 facet normal -0.000000e+00  0.000000e+00 -1.000000e+00
   outer loop
     vertex  1.258300e+02 -9.263000e+01  0.000000e+00
     vertex  1.231898e+02 -9.270764e+01  0.000000e+00
     vertex  1.232000e+02 -9.263000e+01  0.000000e+00
   endloop
 endfacet
 facet normal  0.000000e+00 -0.000000e+00 -1.000000e+00
   outer loop
     vertex  1.258300e+02 -9.263000e+01  0.000000e+00
     vertex  1.258402e+02 -9.270764e+01  0.000000e+00
     vertex  1.231898e+02 -9.270764e+01  0.000000e+00
   endloop
 endfacet
 facet normal  0.000000e+00  0.000000e+00 -1.000000e+00
   outer loop
     vertex  1.258402e+02 -9.255235e+01  0.000000e+00
     vertex  1.258300e+02 -9.263000e+01  0.000000e+00
     vertex  1.232000e+02 -9.263000e+01  0.000000e+00
   endloop
 endfacet
 facet normal -0.000000e+00  0.000000e+00 -1.000000e+00
   outer loop
     vertex  1.258402e+02 -9.255235e+01  0.000000e+00
     vertex  1.232000e+02 -9.263000e+01  0.000000e+00
     vertex  1.231898e+02 -9.255235e+01  0.000000e+00
   endloop
 endfacet
 facet normal -0.000000e+00  0.000000e+00 -1.000000e+00
   outer loop
     vertex  1.230859e+02 -8.979548e+01  0.000000e+00
     vertex  1.221000e+02 -9.233000e+01  0.000000e+00
     vertex  1.227000e+02 -8.963564e+01  0.000000e+00
   endloop
 endfacet
 facet normal  0.000000e+00  0.000000e+00 -1.000000e+00
   outer loop
     vertex  1.230859e+02 -8.979548e+01  0.000000e+00
     vertex  1.229000e+02 -9.233000e+01  0.000000e+00
     vertex  1.221000e+02 -9.233000e+01  0.000000e+00
   endloop
 endfacet
 facet normal  0.000000e+00  0.000000e+00 -1.000000e+00
   outer loop
     vertex  1.230859e+02 -8.979548e+01  0.000000e+00
     vertex  1.229776e+02 -9.234022e+01  0.000000e+00
     vertex  1.229000e+02 -9.233000e+01  0.000000e+00
   endloop
 endfacet
 facet normal -0.000000e+00 -0.000000e+00 -1.000000e+00
   outer loop
     vertex  1.219545e+02 -8.866411e+01  0.000000e+00
     vertex  1.221144e+02 -8.905000e+01  0.000000e+00
     vertex  1.200000e+02 -8.700000e+01  0.000000e+00
   endloop
 endfacet
 facet normal  0.000000e+00  0.000000e+00 -1.000000e+00
   outer loop
     vertex  1.258702e+02 -9.248000e+01  0.000000e+00
     vertex  1.258402e+02 -9.255235e+01  0.000000e+00
     vertex  1.231898e+02 -9.255235e+01  0.000000e+00
   endloop
 endfacet
 facet normal -0.000000e+00  0.000000e+00 -1.000000e+00
   outer loop
     vertex  1.258702e+02 -9.248000e+01  0.000000e+00
     vertex  1.231898e+02 -9.255235e+01  0.000000e+00
     vertex  1.231598e+02 -9.248000e+01  0.000000e+00
   endloop
 endfacet
 facet normal -0.000000e+00 -0.000000e+00 -1.000000e+00
   outer loop
     vertex  1.219000e+02 -8.825000e+01  0.000000e+00
     vertex  1.219545e+02 -8.866411e+01  0.000000e+00
     vertex  1.200000e+02 -8.700000e+01  0.000000e+00
   endloop
 endfacet
 facet normal -0.000000e+00  0.000000e+00 -1.000000e+00
   outer loop
     vertex  1.235000e+02 -8.985000e+01  0.000000e+00
     vertex  1.229776e+02 -9.234022e+01  0.000000e+00
     vertex  1.230859e+02 -8.979548e+01  0.000000e+00
   endloop
 endfacet
 facet normal  0.000000e+00  0.000000e+00 -1.000000e+00
   outer loop
     vertex  1.235000e+02 -8.985000e+01  0.000000e+00
     vertex  1.230500e+02 -9.237019e+01  0.000000e+00
     vertex  1.229776e+02 -9.234022e+01  0.000000e+00
   endloop
 endfacet
 facet normal -0.000000e+00  0.000000e+00 -1.000000e+00
   outer loop
     vertex  1.219545e+02 -8.783589e+01  0.000000e+00
     vertex  1.219000e+02 -8.825000e+01  0.000000e+00
     vertex  1.200000e+02 -8.700000e+01  0.000000e+00
   endloop
 endfacet
 facet normal  0.000000e+00  0.000000e+00 -1.000000e+00
   outer loop
     vertex  1.239141e+02 -8.979548e+01  0.000000e+00
     vertex  1.259179e+02 -9.241787e+01  0.000000e+00
     vertex  1.258702e+02 -9.248000e+01  0.000000e+00
   endloop
 endfacet
 facet normal  0.000000e+00 -0.000000e+00 -1.000000e+00
   outer loop
     vertex  1.239141e+02 -8.979548e+01  0.000000e+00
     vertex  1.258702e+02 -9.248000e+01  0.000000e+00
     vertex  1.231598e+02 -9.248000e+01  0.000000e+00
   endloop
 endfacet
 facet normal  0.000000e+00  0.000000e+00 -1.000000e+00
   outer loop
     vertex  1.239141e+02 -8.979548e+01  0.000000e+00
     vertex  1.230500e+02 -9.237019e+01  0.000000e+00
     vertex  1.235000e+02 -8.985000e+01  0.000000e+00
   endloop
 endfacet
 facet normal  0.000000e+00  0.000000e+00 -1.000000e+00
   outer loop
     vertex  1.239141e+02 -8.979548e+01  0.000000e+00
     vertex  1.231121e+02 -9.241787e+01  0.000000e+00
     vertex  1.230500e+02 -9.237019e+01  0.000000e+00
   endloop
 endfacet
 facet normal  0.000000e+00  0.000000e+00 -1.000000e+00
   outer loop
     vertex  1.239141e+02 -8.979548e+01  0.000000e+00
     vertex  1.231598e+02 -9.248000e+01  0.000000e+00
     vertex  1.231121e+02 -9.241787e+01  0.000000e+00
   endloop
 endfacet
 facet normal  0.000000e+00  0.000000e+00 -1.000000e+00
   outer loop
     vertex  1.272300e+02 -9.293000e+01  0.000000e+00
     vertex  1.264098e+02 -9.383019e+01  0.000000e+00
     vertex  1.263425e+02 -9.377854e+01  0.000000e+00
   endloop
 endfacet
 facet normal -0.000000e+00  0.000000e+00 -1.000000e+00
   outer loop
     vertex  1.272300e+02 -9.293000e+01  0.000000e+00
     vertex  1.263425e+02 -9.377854e+01  0.000000e+00
     vertex  1.261300e+02 -9.293000e+01  0.000000e+00
   endloop
 endfacet
 facet normal  0.000000e+00  0.000000e+00 -1.000000e+00
   outer loop
     vertex  1.272300e+02 -9.293000e+01  0.000000e+00
     vertex  1.264615e+02 -9.389750e+01  0.000000e+00
     vertex  1.264098e+02 -9.383019e+01  0.000000e+00
   endloop
 endfacet
 facet normal  0.000000e+00  0.000000e+00 -1.000000e+00
   outer loop
     vertex  1.272300e+02 -9.293000e+01  0.000000e+00
     vertex  1.264939e+02 -9.397588e+01  0.000000e+00
     vertex  1.264615e+02 -9.389750e+01  0.000000e+00
   endloop
 endfacet
 facet normal  0.000000e+00  0.000000e+00 -1.000000e+00
   outer loop
     vertex  1.273076e+02 -9.291978e+01  0.000000e+00
     vertex  1.264939e+02 -9.397588e+01  0.000000e+00
     vertex  1.272300e+02 -9.293000e+01  0.000000e+00
   endloop
 endfacet
 facet normal  0.000000e+00  0.000000e+00 -1.000000e+00
   outer loop
     vertex  1.273076e+02 -9.291978e+01  0.000000e+00
     vertex  1.265050e+02 -9.406000e+01  0.000000e+00
     vertex  1.264939e+02 -9.397588e+01  0.000000e+00
   endloop
 endfacet
 facet normal  0.000000e+00  0.000000e+00 -1.000000e+00
   outer loop
     vertex  1.273800e+02 -9.288981e+01  0.000000e+00
     vertex  1.264939e+02 -9.414412e+01  0.000000e+00
     vertex  1.265050e+02 -9.406000e+01  0.000000e+00
   endloop
 endfacet
 facet normal  0.000000e+00  0.000000e+00 -1.000000e+00
   outer loop
     vertex  1.273800e+02 -9.288981e+01  0.000000e+00
     vertex  1.265050e+02 -9.406000e+01  0.000000e+00
     vertex  1.273076e+02 -9.291978e+01  0.000000e+00
   endloop
 endfacet
 facet normal  0.000000e+00 -0.000000e+00 -1.000000e+00
   outer loop
     vertex  1.274421e+02 -9.284213e+01  0.000000e+00
     vertex  1.274421e+02 -1.010579e+02  0.000000e+00
     vertex  1.264615e+02 -9.967750e+01  0.000000e+00
   endloop
 endfacet
 facet normal  0.000000e+00  0.000000e+00 -1.000000e+00
   outer loop
     vertex  1.274421e+02 -9.284213e+01  0.000000e+00
     vertex  1.264939e+02 -9.414412e+01  0.000000e+00
     vertex  1.273800e+02 -9.288981e+01  0.000000e+00
   endloop
 endfacet
 facet normal  0.000000e+00  0.000000e+00 -1.000000e+00
   outer loop
     vertex  1.274421e+02 -9.284213e+01  0.000000e+00
     vertex  1.264615e+02 -9.967750e+01  0.000000e+00
     vertex  1.264615e+02 -9.422250e+01  0.000000e+00
   endloop
 endfacet
 facet normal  0.000000e+00  0.000000e+00 -1.000000e+00
   outer loop
     vertex  1.274421e+02 -9.284213e+01  0.000000e+00
     vertex  1.264615e+02 -9.422250e+01  0.000000e+00
     vertex  1.264939e+02 -9.414412e+01  0.000000e+00
   endloop
 endfacet
 facet normal  0.000000e+00  0.000000e+00 -1.000000e+00
   outer loop
     vertex  1.221144e+02 -8.745000e+01  0.000000e+00
     vertex  1.200000e+02 -8.700000e+01  0.000000e+00
     vertex  1.200501e+02 -8.655496e+01  0.000000e+00
   endloop
 endfacet
 facet normal  0.000000e+00  0.000000e+00 -1.000000e+00
   outer loop
     vertex  1.221144e+02 -8.745000e+01  0.000000e+00
     vertex  1.200501e+02 -8.655496e+01  0.000000e+00
     vertex  1.201981e+02 -8.613223e+01  0.000000e+00
   endloop
 endfacet
 facet normal -0.000000e+00  0.000000e+00 -1.000000e+00
   outer loop
     vertex  1.221144e+02 -8.745000e+01  0.000000e+00
     vertex  1.219545e+02 -8.783589e+01  0.000000e+00
     vertex  1.200000e+02 -8.700000e+01  0.000000e+00
   endloop
 endfacet
 facet normal  0.000000e+00  0.000000e+00 -1.000000e+00
   outer loop
     vertex  1.243000e+02 -8.963564e+01  0.000000e+00
     vertex  1.259800e+02 -9.237019e+01  0.000000e+00
     vertex  1.259179e+02 -9.241787e+01  0.000000e+00
   endloop
 endfacet
 facet normal  0.000000e+00  0.000000e+00 -1.000000e+00
   outer loop
     vertex  1.243000e+02 -8.963564e+01  0.000000e+00
     vertex  1.260524e+02 -9.234022e+01  0.000000e+00
     vertex  1.259800e+02 -9.237019e+01  0.000000e+00
   endloop
 endfacet
 facet normal  0.000000e+00 -0.000000e+00 -1.000000e+00
   outer loop
     vertex  1.243000e+02 -8.963564e+01  0.000000e+00
     vertex  1.259179e+02 -9.241787e+01  0.000000e+00
     vertex  1.239141e+02 -8.979548e+01  0.000000e+00
   endloop
 endfacet
 facet normal  0.000000e+00 -0.000000e+00 -1.000000e+00
   outer loop
     vertex  1.274898e+02 -9.278000e+01  0.000000e+00
     vertex  1.274898e+02 -1.011200e+02  0.000000e+00
     vertex  1.274421e+02 -1.010579e+02  0.000000e+00
   endloop
 endfacet
 facet normal  0.000000e+00  0.000000e+00 -1.000000e+00
   outer loop
     vertex  1.274898e+02 -9.278000e+01  0.000000e+00
     vertex  1.274421e+02 -1.010579e+02  0.000000e+00
     vertex  1.274421e+02 -9.284213e+01  0.000000e+00
   endloop
 endfacet
 facet normal  0.000000e+00  0.000000e+00 -1.000000e+00
   outer loop
     vertex  1.274898e+02 -9.278000e+01  0.000000e+00
     vertex  1.337500e+02 -1.052000e+02  0.000000e+00
     vertex  1.274898e+02 -1.011200e+02  0.000000e+00
   endloop
 endfacet
 facet normal  0.000000e+00  0.000000e+00 -1.000000e+00
   outer loop
     vertex  1.274898e+02 -9.278000e+01  0.000000e+00
     vertex  1.338924e+02 -1.052187e+02  0.000000e+00
     vertex  1.337500e+02 -1.052000e+02  0.000000e+00
   endloop
 endfacet
 facet normal  0.000000e+00 -0.000000e+00 -1.000000e+00
   outer loop
     vertex  1.275198e+02 -9.270764e+01  0.000000e+00
     vertex  1.338924e+02 -1.052187e+02  0.000000e+00
     vertex  1.274898e+02 -9.278000e+01  0.000000e+00
   endloop
 endfacet
 facet normal  0.000000e+00  0.000000e+00 -1.000000e+00
   outer loop
     vertex  1.275198e+02 -9.270764e+01  0.000000e+00
     vertex  1.340250e+02 -1.052737e+02  0.000000e+00
     vertex  1.338924e+02 -1.052187e+02  0.000000e+00
   endloop
 endfacet
 facet normal  0.000000e+00 -0.000000e+00 -1.000000e+00
   outer loop
     vertex  1.275300e+02 -9.263000e+01  0.000000e+00
     vertex  1.340250e+02 -1.052737e+02  0.000000e+00
     vertex  1.275198e+02 -9.270764e+01  0.000000e+00
   endloop
 endfacet
 facet normal  0.000000e+00  0.000000e+00 -1.000000e+00
   outer loop
     vertex  1.223686e+02 -8.711863e+01  0.000000e+00
     vertex  1.201981e+02 -8.613223e+01  0.000000e+00
     vertex  1.204363e+02 -8.575302e+01  0.000000e+00
   endloop
 endfacet
 facet normal -0.000000e+00  0.000000e+00 -1.000000e+00
   outer loop
     vertex  1.223686e+02 -8.711863e+01  0.000000e+00
     vertex  1.221144e+02 -8.745000e+01  0.000000e+00
     vertex  1.201981e+02 -8.613223e+01  0.000000e+00
   endloop
 endfacet
 facet normal  0.000000e+00  0.000000e+00 -1.000000e+00
   outer loop
     vertex  1.246314e+02 -8.938137e+01  0.000000e+00
     vertex  1.261300e+02 -9.233000e+01  0.000000e+00
     vertex  1.260524e+02 -9.234022e+01  0.000000e+00
   endloop
 endfacet
 facet normal  0.000000e+00 -0.000000e+00 -1.000000e+00
   outer loop
     vertex  1.246314e+02 -8.938137e+01  0.000000e+00
     vertex  1.260524e+02 -9.234022e+01  0.000000e+00
     vertex  1.243000e+02 -8.963564e+01  0.000000e+00
   endloop
 endfacet
 facet normal  0.000000e+00 -0.000000e+00 -1.000000e+00
   outer loop
     vertex  1.207530e+02 -8.543634e+01  0.000000e+00
     vertex  1.223686e+02 -8.711863e+01  0.000000e+00
     vertex  1.204363e+02 -8.575302e+01  0.000000e+00
   endloop
 endfacet
 facet normal  0.000000e+00  0.000000e+00 -1.000000e+00
   outer loop
     vertex  1.248856e+02 -8.905000e+01  0.000000e+00
     vertex  1.272300e+02 -9.233000e+01  0.000000e+00
     vertex  1.261300e+02 -9.233000e+01  0.000000e+00
   endloop
 endfacet
 facet normal  0.000000e+00 -0.000000e+00 -1.000000e+00
   outer loop
     vertex  1.248856e+02 -8.905000e+01  0.000000e+00
     vertex  1.261300e+02 -9.233000e+01  0.000000e+00
     vertex  1.246314e+02 -8.938137e+01  0.000000e+00
   endloop
 endfacet
 facet normal  0.000000e+00 -0.000000e+00 -1.000000e+00
   outer loop
     vertex  1.211322e+02 -8.519806e+01  0.000000e+00
     vertex  1.223686e+02 -8.711863e+01  0.000000e+00
     vertex  1.207530e+02 -8.543634e+01  0.000000e+00
   endloop
 endfacet
 facet normal  0.000000e+00  0.000000e+00 -1.000000e+00
   outer loop
     vertex  1.250455e+02 -8.866411e+01  0.000000e+00
     vertex  1.273076e+02 -9.234022e+01  0.000000e+00
     vertex  1.272300e+02 -9.233000e+01  0.000000e+00
   endloop
 endfacet
 facet normal  0.000000e+00 -0.000000e+00 -1.000000e+00
   outer loop
     vertex  1.250455e+02 -8.866411e+01  0.000000e+00
     vertex  1.272300e+02 -9.233000e+01  0.000000e+00
     vertex  1.248856e+02 -8.905000e+01  0.000000e+00
   endloop
 endfacet
 facet normal  0.000000e+00  0.000000e+00 -1.000000e+00
   outer loop
     vertex  1.215550e+02 -8.505014e+01  0.000000e+00
     vertex  1.227000e+02 -8.686436e+01  0.000000e+00
     vertex  1.223686e+02 -8.711863e+01  0.000000e+00
   endloop
 endfacet
 facet normal  0.000000e+00 -0.000000e+00 -1.000000e+00
   outer loop
     vertex  1.215550e+02 -8.505014e+01  0.000000e+00
     vertex  1.223686e+02 -8.711863e+01  0.000000e+00
     vertex  1.211322e+02 -8.519806e+01  0.000000e+00
   endloop
 endfacet
 facet normal  0.000000e+00  0.000000e+00 -1.000000e+00
   outer loop
     vertex  1.251000e+02 -8.825000e+01  0.000000e+00
     vertex  1.273800e+02 -9.237019e+01  0.000000e+00
     vertex  1.273076e+02 -9.234022e+01  0.000000e+00
   endloop
 endfacet
 facet normal  0.000000e+00  0.000000e+00 -1.000000e+00
   outer loop
     vertex  1.251000e+02 -8.825000e+01  0.000000e+00
     vertex  1.274421e+02 -9.241787e+01  0.000000e+00
     vertex  1.273800e+02 -9.237019e+01  0.000000e+00
   endloop
 endfacet
 facet normal  0.000000e+00 -0.000000e+00 -1.000000e+00
   outer loop
     vertex  1.251000e+02 -8.825000e+01  0.000000e+00
     vertex  1.273076e+02 -9.234022e+01  0.000000e+00
     vertex  1.250455e+02 -8.866411e+01  0.000000e+00
   endloop
 endfacet
 facet normal  0.000000e+00  0.000000e+00 -1.000000e+00
   outer loop
     vertex  1.220000e+02 -8.500000e+01  0.000000e+00
     vertex  1.230859e+02 -8.670452e+01  0.000000e+00
     vertex  1.227000e+02 -8.686436e+01  0.000000e+00
   endloop
 endfacet
 facet normal  0.000000e+00  0.000000e+00 -1.000000e+00
   outer loop
     vertex  1.220000e+02 -8.500000e+01  0.000000e+00
     vertex  1.235000e+02 -8.665000e+01  0.000000e+00
     vertex  1.230859e+02 -8.670452e+01  0.000000e+00
   endloop
 endfacet
 facet normal  0.000000e+00 -0.000000e+00 -1.000000e+00
   outer loop
     vertex  1.220000e+02 -8.500000e+01  0.000000e+00
     vertex  1.227000e+02 -8.686436e+01  0.000000e+00
     vertex  1.215550e+02 -8.505014e+01  0.000000e+00
   endloop
 endfacet
 facet normal  0.000000e+00  0.000000e+00 -1.000000e+00
   outer loop
     vertex  1.239141e+02 -8.670452e+01  0.000000e+00
     vertex  1.235000e+02 -8.665000e+01  0.000000e+00
     vertex  1.220000e+02 -8.500000e+01  0.000000e+00
   endloop
 endfacet
 facet normal  0.000000e+00  0.000000e+00 -1.000000e+00
   outer loop
     vertex  1.250455e+02 -8.783589e+01  0.000000e+00
     vertex  1.274898e+02 -9.248000e+01  0.000000e+00
     vertex  1.274421e+02 -9.241787e+01  0.000000e+00
   endloop
 endfacet
 facet normal  0.000000e+00  0.000000e+00 -1.000000e+00
   outer loop
     vertex  1.250455e+02 -8.783589e+01  0.000000e+00
     vertex  1.274421e+02 -9.241787e+01  0.000000e+00
     vertex  1.251000e+02 -8.825000e+01  0.000000e+00
   endloop
 endfacet
 facet normal  0.000000e+00  0.000000e+00 -1.000000e+00
   outer loop
     vertex  1.243000e+02 -8.686436e+01  0.000000e+00
     vertex  1.239141e+02 -8.670452e+01  0.000000e+00
     vertex  1.220000e+02 -8.500000e+01  0.000000e+00
   endloop
 endfacet
 facet normal  0.000000e+00  0.000000e+00 -1.000000e+00
   outer loop
     vertex  1.512172e+02 -1.040328e+02  0.000000e+00
     vertex  1.342263e+02 -1.085650e+02  0.000000e+00
     vertex  1.342813e+02 -1.084324e+02  0.000000e+00
   endloop
 endfacet
 facet normal  0.000000e+00 -0.000000e+00 -1.000000e+00
   outer loop
     vertex  1.511536e+02 -1.039500e+02  0.000000e+00
     vertex  1.512172e+02 -1.040328e+02  0.000000e+00
     vertex  1.342813e+02 -1.084324e+02  0.000000e+00
   endloop
 endfacet
 facet normal  0.000000e+00  0.000000e+00 -1.000000e+00
   outer loop
     vertex  1.511536e+02 -1.039500e+02  0.000000e+00
     vertex  1.342813e+02 -1.084324e+02  0.000000e+00
     vertex  1.343000e+02 -1.082900e+02  0.000000e+00
   endloop
 endfacet
 facet normal -0.000000e+00  0.000000e+00 -1.000000e+00
   outer loop
     vertex  1.513000e+02 -1.040964e+02  0.000000e+00
     vertex  1.342263e+02 -1.085650e+02  0.000000e+00
     vertex  1.512172e+02 -1.040328e+02  0.000000e+00
   endloop
 endfacet
 facet normal  0.000000e+00  0.000000e+00 -1.000000e+00
   outer loop
     vertex  1.513000e+02 -1.040964e+02  0.000000e+00
     vertex  1.341389e+02 -1.086789e+02  0.000000e+00
     vertex  1.342263e+02 -1.085650e+02  0.000000e+00
   endloop
 endfacet
 facet normal  0.000000e+00  0.000000e+00 -1.000000e+00
   outer loop
     vertex  1.511136e+02 -1.038535e+02  0.000000e+00
     vertex  1.342813e+02 -1.081476e+02  0.000000e+00
     vertex  1.342813e+02 -1.058924e+02  0.000000e+00
   endloop
 endfacet
 facet normal  0.000000e+00  0.000000e+00 -1.000000e+00
   outer loop
     vertex  1.511136e+02 -1.038535e+02  0.000000e+00
     vertex  1.343000e+02 -1.082900e+02  0.000000e+00
     vertex  1.342813e+02 -1.081476e+02  0.000000e+00
   endloop
 endfacet
 facet normal  0.000000e+00  0.000000e+00 -1.000000e+00
   outer loop
     vertex  1.511136e+02 -1.038535e+02  0.000000e+00
     vertex  1.342813e+02 -1.058924e+02  0.000000e+00
     vertex  1.343000e+02 -1.057500e+02  0.000000e+00
   endloop
 endfacet
 facet normal  0.000000e+00 -0.000000e+00 -1.000000e+00
   outer loop
     vertex  1.511136e+02 -1.038535e+02  0.000000e+00
     vertex  1.511536e+02 -1.039500e+02  0.000000e+00
     vertex  1.343000e+02 -1.082900e+02  0.000000e+00
   endloop
 endfacet
 facet normal  0.000000e+00  0.000000e+00 -1.000000e+00
   outer loop
     vertex  1.513965e+02 -1.041364e+02  0.000000e+00
     vertex  1.340250e+02 -1.087663e+02  0.000000e+00
     vertex  1.341389e+02 -1.086789e+02  0.000000e+00
   endloop
 endfacet
 facet normal -0.000000e+00  0.000000e+00 -1.000000e+00
   outer loop
     vertex  1.513965e+02 -1.041364e+02  0.000000e+00
     vertex  1.341389e+02 -1.086789e+02  0.000000e+00
     vertex  1.513000e+02 -1.040964e+02  0.000000e+00
   endloop
 endfacet
 facet normal -0.000000e+00  0.000000e+00 -1.000000e+00
   outer loop
     vertex  1.515000e+02 -1.041500e+02  0.000000e+00
     vertex  1.340250e+02 -1.087663e+02  0.000000e+00
     vertex  1.513965e+02 -1.041364e+02  0.000000e+00
   endloop
 endfacet
 facet normal  0.000000e+00 -0.000000e+00 -1.000000e+00
   outer loop
     vertex  1.511000e+02 -1.037500e+02  0.000000e+00
     vertex  1.511136e+02 -1.038535e+02  0.000000e+00
     vertex  1.343000e+02 -1.057500e+02  0.000000e+00
   endloop
 endfacet
 facet normal  0.000000e+00  0.000000e+00 -1.000000e+00
   outer loop
     vertex  1.511000e+02 -1.037500e+02  0.000000e+00
     vertex  1.343000e+02 -1.057500e+02  0.000000e+00
     vertex  1.342813e+02 -1.056076e+02  0.000000e+00
   endloop
 endfacet
 facet normal  0.000000e+00  0.000000e+00 -1.000000e+00
   outer loop
     vertex  1.511136e+02 -1.036465e+02  0.000000e+00
     vertex  1.511000e+02 -1.037500e+02  0.000000e+00
     vertex  1.342813e+02 -1.056076e+02  0.000000e+00
   endloop
 endfacet
 facet normal  0.000000e+00  0.000000e+00 -1.000000e+00
   outer loop
     vertex  1.511136e+02 -1.036465e+02  0.000000e+00
     vertex  1.342813e+02 -1.056076e+02  0.000000e+00
     vertex  1.342263e+02 -1.054750e+02  0.000000e+00
   endloop
 endfacet
 facet normal  0.000000e+00  0.000000e+00 -1.000000e+00
   outer loop
     vertex  1.511536e+02 -1.035500e+02  0.000000e+00
     vertex  1.511136e+02 -1.036465e+02  0.000000e+00
     vertex  1.342263e+02 -1.054750e+02  0.000000e+00
   endloop
 endfacet
 facet normal  0.000000e+00  0.000000e+00 -1.000000e+00
   outer loop
     vertex  1.511536e+02 -1.035500e+02  0.000000e+00
     vertex  1.342263e+02 -1.054750e+02  0.000000e+00
     vertex  1.341389e+02 -1.053611e+02  0.000000e+00
   endloop
 endfacet
 facet normal  0.000000e+00  0.000000e+00 -1.000000e+00
   outer loop
     vertex  1.512172e+02 -1.034672e+02  0.000000e+00
     vertex  1.511536e+02 -1.035500e+02  0.000000e+00
     vertex  1.341389e+02 -1.053611e+02  0.000000e+00
   endloop
 endfacet
 facet normal -0.000000e+00  0.000000e+00 -1.000000e+00
   outer loop
     vertex  1.512172e+02 -1.034672e+02  0.000000e+00
     vertex  1.340250e+02 -1.052737e+02  0.000000e+00
     vertex  1.275300e+02 -9.263000e+01  0.000000e+00
   endloop
 endfacet
 facet normal  0.000000e+00  0.000000e+00 -1.000000e+00
   outer loop
     vertex  1.512172e+02 -1.034672e+02  0.000000e+00
     vertex  1.341389e+02 -1.053611e+02  0.000000e+00
     vertex  1.340250e+02 -1.052737e+02  0.000000e+00
   endloop
 endfacet
 facet normal -0.000000e+00  0.000000e+00 -1.000000e+00
   outer loop
     vertex  1.513000e+02 -1.034036e+02  0.000000e+00
     vertex  1.512172e+02 -1.034672e+02  0.000000e+00
     vertex  1.275300e+02 -9.263000e+01  0.000000e+00
   endloop
 endfacet
 facet normal  0.000000e+00  0.000000e+00 -1.000000e+00
   outer loop
     vertex  1.513000e+02 -1.034036e+02  0.000000e+00
     vertex  1.275300e+02 -9.263000e+01  0.000000e+00
     vertex  1.275198e+02 -9.255235e+01  0.000000e+00
   endloop
 endfacet
 facet normal -0.000000e+00  0.000000e+00 -1.000000e+00
   outer loop
     vertex  1.513965e+02 -1.033636e+02  0.000000e+00
     vertex  1.513000e+02 -1.034036e+02  0.000000e+00
     vertex  1.275198e+02 -9.255235e+01  0.000000e+00
   endloop
 endfacet
 facet normal  0.000000e+00  0.000000e+00 -1.000000e+00
   outer loop
     vertex  1.562172e+02 -1.040328e+02  0.000000e+00
     vertex  1.517828e+02 -1.040328e+02  0.000000e+00
     vertex  1.518464e+02 -1.039500e+02  0.000000e+00
   endloop
 endfacet
 facet normal -0.000000e+00  0.000000e+00 -1.000000e+00
   outer loop
     vertex  1.562172e+02 -1.040328e+02  0.000000e+00
     vertex  1.517000e+02 -1.040964e+02  0.000000e+00
     vertex  1.517828e+02 -1.040328e+02  0.000000e+00
   endloop
 endfacet
 facet normal -0.000000e+00 -0.000000e+00 -1.000000e+00
   outer loop
     vertex  1.561536e+02 -1.039500e+02  0.000000e+00
     vertex  1.562172e+02 -1.040328e+02  0.000000e+00
     vertex  1.518464e+02 -1.039500e+02  0.000000e+00
   endloop
 endfacet
 facet normal  0.000000e+00  0.000000e+00 -1.000000e+00
   outer loop
     vertex  1.561536e+02 -1.039500e+02  0.000000e+00
     vertex  1.518464e+02 -1.039500e+02  0.000000e+00
     vertex  1.518864e+02 -1.038535e+02  0.000000e+00
   endloop
 endfacet
 facet normal  0.000000e+00  0.000000e+00 -1.000000e+00
   outer loop
     vertex  1.563000e+02 -1.040964e+02  0.000000e+00
     vertex  1.517000e+02 -1.040964e+02  0.000000e+00
     vertex  1.562172e+02 -1.040328e+02  0.000000e+00
   endloop
 endfacet
 facet normal -0.000000e+00 -0.000000e+00 -1.000000e+00
   outer loop
     vertex  1.561136e+02 -1.038535e+02  0.000000e+00
     vertex  1.561536e+02 -1.039500e+02  0.000000e+00
     vertex  1.518864e+02 -1.038535e+02  0.000000e+00
   endloop
 endfacet
 facet normal  0.000000e+00  0.000000e+00 -1.000000e+00
   outer loop
     vertex  1.563965e+02 -1.041364e+02  0.000000e+00
     vertex  1.517000e+02 -1.040964e+02  0.000000e+00
     vertex  1.563000e+02 -1.040964e+02  0.000000e+00
   endloop
 endfacet
 facet normal  0.000000e+00  0.000000e+00 -1.000000e+00
   outer loop
     vertex  1.563965e+02 -1.041364e+02  0.000000e+00
     vertex  1.516035e+02 -1.041364e+02  0.000000e+00
     vertex  1.517000e+02 -1.040964e+02  0.000000e+00
   endloop
 endfacet
 facet normal  0.000000e+00 -0.000000e+00 -1.000000e+00
   outer loop
     vertex  1.561000e+02 -1.037500e+02  0.000000e+00
     vertex  1.561136e+02 -1.038535e+02  0.000000e+00
     vertex  1.518864e+02 -1.038535e+02  0.000000e+00
   endloop
 endfacet
 facet normal  0.000000e+00  0.000000e+00 -1.000000e+00
   outer loop
     vertex  1.561000e+02 -1.037500e+02  0.000000e+00
     vertex  1.519000e+02 -1.037500e+02  0.000000e+00
     vertex  1.518864e+02 -1.036465e+02  0.000000e+00
   endloop
 endfacet
 facet normal -0.000000e+00  0.000000e+00 -1.000000e+00
   outer loop
     vertex  1.561000e+02 -1.037500e+02  0.000000e+00
     vertex  1.518864e+02 -1.038535e+02  0.000000e+00
     vertex  1.519000e+02 -1.037500e+02  0.000000e+00
   endloop
 endfacet
 facet normal -0.000000e+00  0.000000e+00 -1.000000e+00
   outer loop
     vertex  1.561136e+02 -1.036465e+02  0.000000e+00
     vertex  1.561000e+02 -1.037500e+02  0.000000e+00
     vertex  1.518864e+02 -1.036465e+02  0.000000e+00
   endloop
 endfacet
 facet normal  0.000000e+00  0.000000e+00 -1.000000e+00
   outer loop
     vertex  1.561536e+02 -1.035500e+02  0.000000e+00
     vertex  1.561136e+02 -1.036465e+02  0.000000e+00
     vertex  1.518864e+02 -1.036465e+02  0.000000e+00
   endloop
 endfacet
 facet normal -0.000000e+00  0.000000e+00 -1.000000e+00
   outer loop
     vertex  1.561536e+02 -1.035500e+02  0.000000e+00
     vertex  1.518864e+02 -1.036465e+02  0.000000e+00
     vertex  1.518464e+02 -1.035500e+02  0.000000e+00
   endloop
 endfacet
 facet normal  0.000000e+00  0.000000e+00 -1.000000e+00
   outer loop
     vertex  1.562172e+02 -1.034672e+02  0.000000e+00
     vertex  1.561536e+02 -1.035500e+02  0.000000e+00
     vertex  1.518464e+02 -1.035500e+02  0.000000e+00
   endloop
 endfacet
 facet normal  0.000000e+00  0.000000e+00 -1.000000e+00
   outer loop
     vertex  1.562172e+02 -1.034672e+02  0.000000e+00
     vertex  1.517828e+02 -1.034672e+02  0.000000e+00
     vertex  1.517000e+02 -1.034036e+02  0.000000e+00
   endloop
 endfacet
 facet normal -0.000000e+00  0.000000e+00 -1.000000e+00
   outer loop
     vertex  1.562172e+02 -1.034672e+02  0.000000e+00
     vertex  1.518464e+02 -1.035500e+02  0.000000e+00
     vertex  1.517828e+02 -1.034672e+02  0.000000e+00
   endloop
 endfacet
 facet normal -0.000000e+00  0.000000e+00 -1.000000e+00
   outer loop
     vertex  1.563000e+02 -1.034036e+02  0.000000e+00
     vertex  1.562172e+02 -1.034672e+02  0.000000e+00
     vertex  1.517000e+02 -1.034036e+02  0.000000e+00
   endloop
 endfacet
 facet normal  0.000000e+00  0.000000e+00 -1.000000e+00
   outer loop
     vertex  1.563965e+02 -1.033636e+02  0.000000e+00
     vertex  1.563000e+02 -1.034036e+02  0.000000e+00
     vertex  1.517000e+02 -1.034036e+02  0.000000e+00
   endloop
 endfacet
 facet normal -0.000000e+00  0.000000e+00 -1.000000e+00
   outer loop
     vertex  1.563965e+02 -1.033636e+02  0.000000e+00
     vertex  1.517000e+02 -1.034036e+02  0.000000e+00
     vertex  1.516035e+02 -1.033636e+02  0.000000e+00
   endloop
 endfacet
 facet normal  0.000000e+00  0.000000e+00 -1.000000e+00
   outer loop
     vertex  1.633686e+02 -1.073814e+02  0.000000e+00
     vertex  1.563965e+02 -1.041364e+02  0.000000e+00
     vertex  1.565000e+02 -1.041500e+02  0.000000e+00
   endloop
 endfacet
 facet normal  0.000000e+00  0.000000e+00 -1.000000e+00
   outer loop
     vertex  1.633686e+02 -1.073814e+02  0.000000e+00
     vertex  1.516035e+02 -1.041364e+02  0.000000e+00
     vertex  1.563965e+02 -1.041364e+02  0.000000e+00
   endloop
 endfacet
 facet normal  0.000000e+00  0.000000e+00 -1.000000e+00
   outer loop
     vertex  1.633686e+02 -1.073814e+02  0.000000e+00
     vertex  1.515000e+02 -1.041500e+02  0.000000e+00
     vertex  1.516035e+02 -1.041364e+02  0.000000e+00
   endloop
 endfacet
 facet normal  0.000000e+00  0.000000e+00 -1.000000e+00
   outer loop
     vertex  1.637000e+02 -1.076356e+02  0.000000e+00
     vertex  1.515000e+02 -1.041500e+02  0.000000e+00
     vertex  1.633686e+02 -1.073814e+02  0.000000e+00
   endloop
 endfacet
 facet normal  0.000000e+00  0.000000e+00 -1.000000e+00
   outer loop
     vertex  1.631144e+02 -1.070500e+02  0.000000e+00
     vertex  1.565000e+02 -1.041500e+02  0.000000e+00
     vertex  1.566035e+02 -1.041364e+02  0.000000e+00
   endloop
 endfacet
 facet normal -0.000000e+00 -0.000000e+00 -1.000000e+00
   outer loop
     vertex  1.631144e+02 -1.070500e+02  0.000000e+00
     vertex  1.633686e+02 -1.073814e+02  0.000000e+00
     vertex  1.565000e+02 -1.041500e+02  0.000000e+00
   endloop
 endfacet
 facet normal  0.000000e+00  0.000000e+00 -1.000000e+00
   outer loop
     vertex  1.629545e+02 -1.066641e+02  0.000000e+00
     vertex  1.567000e+02 -1.040964e+02  0.000000e+00
     vertex  1.567828e+02 -1.040328e+02  0.000000e+00
   endloop
 endfacet
 facet normal  0.000000e+00  0.000000e+00 -1.000000e+00
   outer loop
     vertex  1.629545e+02 -1.066641e+02  0.000000e+00
     vertex  1.566035e+02 -1.041364e+02  0.000000e+00
     vertex  1.567000e+02 -1.040964e+02  0.000000e+00
   endloop
 endfacet
 facet normal -0.000000e+00 -0.000000e+00 -1.000000e+00
   outer loop
     vertex  1.629545e+02 -1.066641e+02  0.000000e+00
     vertex  1.631144e+02 -1.070500e+02  0.000000e+00
     vertex  1.566035e+02 -1.041364e+02  0.000000e+00
   endloop
 endfacet
 facet normal  0.000000e+00  0.000000e+00 -1.000000e+00
   outer loop
     vertex  1.629000e+02 -1.062500e+02  0.000000e+00
     vertex  1.567828e+02 -1.040328e+02  0.000000e+00
     vertex  1.568464e+02 -1.039500e+02  0.000000e+00
   endloop
 endfacet
 facet normal -0.000000e+00 -0.000000e+00 -1.000000e+00
   outer loop
     vertex  1.629000e+02 -1.062500e+02  0.000000e+00
     vertex  1.629545e+02 -1.066641e+02  0.000000e+00
     vertex  1.567828e+02 -1.040328e+02  0.000000e+00
   endloop
 endfacet
 facet normal  0.000000e+00  0.000000e+00 -1.000000e+00
   outer loop
     vertex  1.662500e+02 -1.095000e+02  0.000000e+00
     vertex  1.340250e+02 -1.087663e+02  0.000000e+00
     vertex  1.515000e+02 -1.041500e+02  0.000000e+00
   endloop
 endfacet
 facet normal  0.000000e+00  0.000000e+00 -1.000000e+00
   outer loop
     vertex  1.662500e+02 -1.095000e+02  0.000000e+00
     vertex  1.338924e+02 -1.088213e+02  0.000000e+00
     vertex  1.340250e+02 -1.087663e+02  0.000000e+00
   endloop
 endfacet
 facet normal  0.000000e+00  0.000000e+00 -1.000000e+00
   outer loop
     vertex  1.662500e+02 -1.095000e+02  0.000000e+00
     vertex  1.337500e+02 -1.088400e+02  0.000000e+00
     vertex  1.338924e+02 -1.088213e+02  0.000000e+00
   endloop
 endfacet
 facet normal  0.000000e+00  0.000000e+00 -1.000000e+00
   outer loop
     vertex  1.662500e+02 -1.095000e+02  0.000000e+00
     vertex  1.640859e+02 -1.077955e+02  0.000000e+00
     vertex  1.645000e+02 -1.078500e+02  0.000000e+00
   endloop
 endfacet
 facet normal  0.000000e+00  0.000000e+00 -1.000000e+00
   outer loop
     vertex  1.662500e+02 -1.095000e+02  0.000000e+00
     vertex  1.637000e+02 -1.076356e+02  0.000000e+00
     vertex  1.640859e+02 -1.077955e+02  0.000000e+00
   endloop
 endfacet
 facet normal  0.000000e+00  0.000000e+00 -1.000000e+00
   outer loop
     vertex  1.662500e+02 -1.095000e+02  0.000000e+00
     vertex  1.515000e+02 -1.041500e+02  0.000000e+00
     vertex  1.637000e+02 -1.076356e+02  0.000000e+00
   endloop
 endfacet
 facet normal  0.000000e+00 -0.000000e+00 -1.000000e+00
   outer loop
     vertex  1.649141e+02 -1.077955e+02  0.000000e+00
     vertex  1.662500e+02 -1.095000e+02  0.000000e+00
     vertex  1.645000e+02 -1.078500e+02  0.000000e+00
   endloop
 endfacet
 facet normal  0.000000e+00  0.000000e+00 -1.000000e+00
   outer loop
     vertex  1.629545e+02 -1.058359e+02  0.000000e+00
     vertex  1.568464e+02 -1.039500e+02  0.000000e+00
     vertex  1.568864e+02 -1.038535e+02  0.000000e+00
   endloop
 endfacet
 facet normal -0.000000e+00  0.000000e+00 -1.000000e+00
   outer loop
     vertex  1.629545e+02 -1.058359e+02  0.000000e+00
     vertex  1.629000e+02 -1.062500e+02  0.000000e+00
     vertex  1.568464e+02 -1.039500e+02  0.000000e+00
   endloop
 endfacet
 facet normal  0.000000e+00  0.000000e+00 -1.000000e+00
   outer loop
     vertex  1.631144e+02 -1.054500e+02  0.000000e+00
     vertex  1.569000e+02 -1.037500e+02  0.000000e+00
     vertex  1.568864e+02 -1.036465e+02  0.000000e+00
   endloop
 endfacet
 facet normal  0.000000e+00  0.000000e+00 -1.000000e+00
   outer loop
     vertex  1.631144e+02 -1.054500e+02  0.000000e+00
     vertex  1.568864e+02 -1.038535e+02  0.000000e+00
     vertex  1.569000e+02 -1.037500e+02  0.000000e+00
   endloop
 endfacet
 facet normal -0.000000e+00  0.000000e+00 -1.000000e+00
   outer loop
     vertex  1.631144e+02 -1.054500e+02  0.000000e+00
     vertex  1.629545e+02 -1.058359e+02  0.000000e+00
     vertex  1.568864e+02 -1.038535e+02  0.000000e+00
   endloop
 endfacet
 facet normal  0.000000e+00 -0.000000e+00 -1.000000e+00
   outer loop
     vertex  1.653000e+02 -1.076356e+02  0.000000e+00
     vertex  1.662500e+02 -1.095000e+02  0.000000e+00
     vertex  1.649141e+02 -1.077955e+02  0.000000e+00
   endloop
 endfacet
 facet normal -0.000000e+00  0.000000e+00 -1.000000e+00
   outer loop
     vertex  1.633686e+02 -1.051186e+02  0.000000e+00
     vertex  1.631144e+02 -1.054500e+02  0.000000e+00
     vertex  1.568864e+02 -1.036465e+02  0.000000e+00
   endloop
 endfacet
 facet normal  0.000000e+00 -0.000000e+00 -1.000000e+00
   outer loop
     vertex  1.656314e+02 -1.073814e+02  0.000000e+00
     vertex  1.662500e+02 -1.095000e+02  0.000000e+00
     vertex  1.653000e+02 -1.076356e+02  0.000000e+00
   endloop
 endfacet
 facet normal  0.000000e+00  0.000000e+00 -1.000000e+00
   outer loop
     vertex  1.656314e+02 -1.073814e+02  0.000000e+00
     vertex  1.671178e+02 -1.093019e+02  0.000000e+00
     vertex  1.666950e+02 -1.094499e+02  0.000000e+00
   endloop
 endfacet
 facet normal  0.000000e+00  0.000000e+00 -1.000000e+00
   outer loop
     vertex  1.656314e+02 -1.073814e+02  0.000000e+00
     vertex  1.666950e+02 -1.094499e+02  0.000000e+00
     vertex  1.662500e+02 -1.095000e+02  0.000000e+00
   endloop
 endfacet
 facet normal -0.000000e+00  0.000000e+00 -1.000000e+00
   outer loop
     vertex  1.674970e+02 -1.090637e+02  0.000000e+00
     vertex  1.671178e+02 -1.093019e+02  0.000000e+00
     vertex  1.656314e+02 -1.073814e+02  0.000000e+00
   endloop
 endfacet
 facet normal -0.000000e+00  0.000000e+00 -1.000000e+00
   outer loop
     vertex  1.678137e+02 -1.087470e+02  0.000000e+00
     vertex  1.674970e+02 -1.090637e+02  0.000000e+00
     vertex  1.656314e+02 -1.073814e+02  0.000000e+00
   endloop
 endfacet
 facet normal  0.000000e+00  0.000000e+00 -1.000000e+00
   outer loop
     vertex  1.678137e+02 -1.087470e+02  0.000000e+00
     vertex  1.656314e+02 -1.073814e+02  0.000000e+00
     vertex  1.658856e+02 -1.070500e+02  0.000000e+00
   endloop
 endfacet
 facet normal -0.000000e+00  0.000000e+00 -1.000000e+00
   outer loop
     vertex  1.680519e+02 -1.083678e+02  0.000000e+00
     vertex  1.678137e+02 -1.087470e+02  0.000000e+00
     vertex  1.658856e+02 -1.070500e+02  0.000000e+00
   endloop
 endfacet
 facet normal -0.000000e+00  0.000000e+00 -1.000000e+00
   outer loop
     vertex  1.681999e+02 -1.079450e+02  0.000000e+00
     vertex  1.680519e+02 -1.083678e+02  0.000000e+00
     vertex  1.658856e+02 -1.070500e+02  0.000000e+00
   endloop
 endfacet
 facet normal -0.000000e+00  0.000000e+00 -1.000000e+00
   outer loop
     vertex  1.682500e+02 -1.075000e+02  0.000000e+00
     vertex  1.681999e+02 -1.079450e+02  0.000000e+00
     vertex  1.658856e+02 -1.070500e+02  0.000000e+00
   endloop
 endfacet
 facet normal  0.000000e+00  0.000000e+00 -1.000000e+00
   outer loop
     vertex  1.682500e+02 -1.075000e+02  0.000000e+00
     vertex  1.660455e+02 -1.058359e+02  0.000000e+00
     vertex  1.658856e+02 -1.054500e+02  0.000000e+00
   endloop
 endfacet
 facet normal  0.000000e+00  0.000000e+00 -1.000000e+00
   outer loop
     vertex  1.682500e+02 -1.075000e+02  0.000000e+00
     vertex  1.661000e+02 -1.062500e+02  0.000000e+00
     vertex  1.660455e+02 -1.058359e+02  0.000000e+00
   endloop
 endfacet
 facet normal  0.000000e+00  0.000000e+00 -1.000000e+00
   outer loop
     vertex  1.682500e+02 -1.075000e+02  0.000000e+00
     vertex  1.660455e+02 -1.066641e+02  0.000000e+00
     vertex  1.661000e+02 -1.062500e+02  0.000000e+00
   endloop
 endfacet
 facet normal  0.000000e+00  0.000000e+00 -1.000000e+00
   outer loop
     vertex  1.682500e+02 -1.075000e+02  0.000000e+00
     vertex  1.658856e+02 -1.070500e+02  0.000000e+00
     vertex  1.660455e+02 -1.066641e+02  0.000000e+00
   endloop
 endfacet
 facet normal  0.000000e+00 -0.000000e+00 -1.000000e+00
   outer loop
     vertex  1.636111e+02 -1.008889e+02  0.000000e+00
     vertex  1.637000e+02 -1.048644e+02  0.000000e+00
     vertex  1.633686e+02 -1.051186e+02  0.000000e+00
   endloop
 endfacet
 facet normal  0.000000e+00  0.000000e+00 -1.000000e+00
   outer loop
     vertex  1.635237e+02 -1.007750e+02  0.000000e+00
     vertex  1.568864e+02 -1.036465e+02  0.000000e+00
     vertex  1.568464e+02 -1.035500e+02  0.000000e+00
   endloop
 endfacet
 facet normal  0.000000e+00  0.000000e+00 -1.000000e+00
   outer loop
     vertex  1.635237e+02 -1.007750e+02  0.000000e+00
     vertex  1.633686e+02 -1.051186e+02  0.000000e+00
     vertex  1.568864e+02 -1.036465e+02  0.000000e+00
   endloop
 endfacet
 facet normal  0.000000e+00 -0.000000e+00 -1.000000e+00
   outer loop
     vertex  1.635237e+02 -1.007750e+02  0.000000e+00
     vertex  1.636111e+02 -1.008889e+02  0.000000e+00
     vertex  1.633686e+02 -1.051186e+02  0.000000e+00
   endloop
 endfacet
 facet normal -0.000000e+00  0.000000e+00 -1.000000e+00
   outer loop
     vertex  1.637250e+02 -1.009763e+02  0.000000e+00
     vertex  1.637000e+02 -1.048644e+02  0.000000e+00
     vertex  1.636111e+02 -1.008889e+02  0.000000e+00
   endloop
 endfacet
 facet normal  0.000000e+00  0.000000e+00 -1.000000e+00
   outer loop
     vertex  1.634687e+02 -1.006424e+02  0.000000e+00
     vertex  1.568464e+02 -1.035500e+02  0.000000e+00
     vertex  1.567828e+02 -1.034672e+02  0.000000e+00
   endloop
 endfacet
 facet normal  0.000000e+00 -0.000000e+00 -1.000000e+00
   outer loop
     vertex  1.634687e+02 -1.006424e+02  0.000000e+00
     vertex  1.635237e+02 -1.007750e+02  0.000000e+00
     vertex  1.568464e+02 -1.035500e+02  0.000000e+00
   endloop
 endfacet
 facet normal -0.000000e+00  0.000000e+00 -1.000000e+00
   outer loop
     vertex  1.638576e+02 -1.010313e+02  0.000000e+00
     vertex  1.637000e+02 -1.048644e+02  0.000000e+00
     vertex  1.637250e+02 -1.009763e+02  0.000000e+00
   endloop
 endfacet
 facet normal  0.000000e+00 -0.000000e+00 -1.000000e+00
   outer loop
     vertex  1.638576e+02 -1.010313e+02  0.000000e+00
     vertex  1.640859e+02 -1.047045e+02  0.000000e+00
     vertex  1.637000e+02 -1.048644e+02  0.000000e+00
   endloop
 endfacet
 facet normal  0.000000e+00  0.000000e+00 -1.000000e+00
   outer loop
     vertex  1.634500e+02 -1.005000e+02  0.000000e+00
     vertex  1.567828e+02 -1.034672e+02  0.000000e+00
     vertex  1.567000e+02 -1.034036e+02  0.000000e+00
   endloop
 endfacet
 facet normal  0.000000e+00 -0.000000e+00 -1.000000e+00
   outer loop
     vertex  1.634500e+02 -1.005000e+02  0.000000e+00
     vertex  1.634687e+02 -1.006424e+02  0.000000e+00
     vertex  1.567828e+02 -1.034672e+02  0.000000e+00
   endloop
 endfacet
 facet normal -0.000000e+00 -0.000000e+00 -1.000000e+00
   outer loop
     vertex  1.640000e+02 -1.010500e+02  0.000000e+00
     vertex  1.640859e+02 -1.047045e+02  0.000000e+00
     vertex  1.638576e+02 -1.010313e+02  0.000000e+00
   endloop
 endfacet
 facet normal  0.000000e+00  0.000000e+00 -1.000000e+00
   outer loop
     vertex  1.640000e+02 -1.010500e+02  0.000000e+00
     vertex  1.645000e+02 -1.046500e+02  0.000000e+00
     vertex  1.640859e+02 -1.047045e+02  0.000000e+00
   endloop
 endfacet
 facet normal  0.000000e+00  0.000000e+00 -1.000000e+00
   outer loop
     vertex  1.634687e+02 -1.003576e+02  0.000000e+00
     vertex  1.567000e+02 -1.034036e+02  0.000000e+00
     vertex  1.566035e+02 -1.033636e+02  0.000000e+00
   endloop
 endfacet
 facet normal  0.000000e+00  0.000000e+00 -1.000000e+00
   outer loop
     vertex  1.634687e+02 -1.003576e+02  0.000000e+00
     vertex  1.634500e+02 -1.005000e+02  0.000000e+00
     vertex  1.567000e+02 -1.034036e+02  0.000000e+00
   endloop
 endfacet
 facet normal  0.000000e+00 -0.000000e+00 -1.000000e+00
   outer loop
     vertex  1.641424e+02 -1.010313e+02  0.000000e+00
     vertex  1.645000e+02 -1.046500e+02  0.000000e+00
     vertex  1.640000e+02 -1.010500e+02  0.000000e+00
   endloop
 endfacet
 facet normal  0.000000e+00 -0.000000e+00 -1.000000e+00
   outer loop
     vertex  1.642750e+02 -1.009763e+02  0.000000e+00
     vertex  1.645000e+02 -1.046500e+02  0.000000e+00
     vertex  1.641424e+02 -1.010313e+02  0.000000e+00
   endloop
 endfacet
 facet normal  0.000000e+00  0.000000e+00 -1.000000e+00
   outer loop
     vertex  1.642750e+02 -1.009763e+02  0.000000e+00
     vertex  1.649141e+02 -1.047045e+02  0.000000e+00
     vertex  1.645000e+02 -1.046500e+02  0.000000e+00
   endloop
 endfacet
 facet normal  0.000000e+00 -0.000000e+00 -1.000000e+00
   outer loop
     vertex  1.643889e+02 -1.008889e+02  0.000000e+00
     vertex  1.649141e+02 -1.047045e+02  0.000000e+00
     vertex  1.642750e+02 -1.009763e+02  0.000000e+00
   endloop
 endfacet
 facet normal  0.000000e+00  0.000000e+00 -1.000000e+00
   outer loop
     vertex  1.643889e+02 -1.008889e+02  0.000000e+00
     vertex  1.653000e+02 -1.048644e+02  0.000000e+00
     vertex  1.649141e+02 -1.047045e+02  0.000000e+00
   endloop
 endfacet
 facet normal  0.000000e+00 -0.000000e+00 -1.000000e+00
   outer loop
     vertex  1.644763e+02 -1.007750e+02  0.000000e+00
     vertex  1.653000e+02 -1.048644e+02  0.000000e+00
     vertex  1.643889e+02 -1.008889e+02  0.000000e+00
   endloop
 endfacet
 facet normal  0.000000e+00  0.000000e+00 -1.000000e+00
   outer loop
     vertex  1.644763e+02 -1.007750e+02  0.000000e+00
     vertex  1.656314e+02 -1.051186e+02  0.000000e+00
     vertex  1.653000e+02 -1.048644e+02  0.000000e+00
   endloop
 endfacet
 facet normal  0.000000e+00 -0.000000e+00 -1.000000e+00
   outer loop
     vertex  1.645313e+02 -1.006424e+02  0.000000e+00
     vertex  1.656314e+02 -1.051186e+02  0.000000e+00
     vertex  1.644763e+02 -1.007750e+02  0.000000e+00
   endloop
 endfacet
 facet normal  0.000000e+00  0.000000e+00 -1.000000e+00
   outer loop
     vertex  1.645313e+02 -1.006424e+02  0.000000e+00
     vertex  1.658856e+02 -1.054500e+02  0.000000e+00
     vertex  1.656314e+02 -1.051186e+02  0.000000e+00
   endloop
 endfacet
 facet normal  0.000000e+00  0.000000e+00 -1.000000e+00
   outer loop
     vertex  1.645500e+02 -1.005000e+02  0.000000e+00
     vertex  1.682500e+02 -1.075000e+02  0.000000e+00
     vertex  1.658856e+02 -1.054500e+02  0.000000e+00
   endloop
 endfacet
 facet normal  0.000000e+00 -0.000000e+00 -1.000000e+00
   outer loop
     vertex  1.645500e+02 -1.005000e+02  0.000000e+00
     vertex  1.658856e+02 -1.054500e+02  0.000000e+00
     vertex  1.645313e+02 -1.006424e+02  0.000000e+00
   endloop
 endfacet
 facet normal  0.000000e+00  0.000000e+00 -1.000000e+00
   outer loop
     vertex  1.645313e+02 -1.003576e+02  0.000000e+00
     vertex  1.682500e+02 -1.075000e+02  0.000000e+00
     vertex  1.645500e+02 -1.005000e+02  0.000000e+00
   endloop
 endfacet
 facet normal  0.000000e+00 -0.000000e+00 -1.000000e+00
   outer loop
     vertex  1.637250e+02 -9.716631e+01  0.000000e+00
     vertex  1.637250e+02 -1.000237e+02  0.000000e+00
     vertex  1.636111e+02 -1.001111e+02  0.000000e+00
   endloop
 endfacet
 facet normal -0.000000e+00  0.000000e+00 -1.000000e+00
   outer loop
     vertex  1.637250e+02 -9.716631e+01  0.000000e+00
     vertex  1.636111e+02 -1.001111e+02  0.000000e+00
     vertex  1.636111e+02 -9.707891e+01  0.000000e+00
   endloop
 endfacet
 facet normal  0.000000e+00  0.000000e+00 -1.000000e+00
   outer loop
     vertex  1.635237e+02 -9.696500e+01  0.000000e+00
     vertex  1.636111e+02 -1.001111e+02  0.000000e+00
     vertex  1.635237e+02 -1.002250e+02  0.000000e+00
   endloop
 endfacet
 facet normal  0.000000e+00  0.000000e+00 -1.000000e+00
   outer loop
     vertex  1.635237e+02 -9.696500e+01  0.000000e+00
     vertex  1.636111e+02 -9.707891e+01  0.000000e+00
     vertex  1.636111e+02 -1.001111e+02  0.000000e+00
   endloop
 endfacet
 facet normal -0.000000e+00  0.000000e+00 -1.000000e+00
   outer loop
     vertex  1.638576e+02 -9.722126e+01  0.000000e+00
     vertex  1.637250e+02 -1.000237e+02  0.000000e+00
     vertex  1.637250e+02 -9.716631e+01  0.000000e+00
   endloop
 endfacet
 facet normal  0.000000e+00 -0.000000e+00 -1.000000e+00
   outer loop
     vertex  1.638576e+02 -9.722126e+01  0.000000e+00
     vertex  1.638576e+02 -9.996874e+01  0.000000e+00
     vertex  1.637250e+02 -1.000237e+02  0.000000e+00
   endloop
 endfacet
 facet normal  0.000000e+00  0.000000e+00 -1.000000e+00
   outer loop
     vertex  1.638576e+02 -9.722126e+01  0.000000e+00
     vertex  1.640000e+02 -9.995000e+01  0.000000e+00
     vertex  1.638576e+02 -9.996874e+01  0.000000e+00
   endloop
 endfacet
 facet normal  0.000000e+00 -0.000000e+00 -1.000000e+00
   outer loop
     vertex  1.634687e+02 -9.683235e+01  0.000000e+00
     vertex  1.634687e+02 -1.003576e+02  0.000000e+00
     vertex  1.566035e+02 -1.033636e+02  0.000000e+00
   endloop
 endfacet
 facet normal  0.000000e+00  0.000000e+00 -1.000000e+00
   outer loop
     vertex  1.634687e+02 -9.683235e+01  0.000000e+00
     vertex  1.635237e+02 -1.002250e+02  0.000000e+00
     vertex  1.634687e+02 -1.003576e+02  0.000000e+00
   endloop
 endfacet
 facet normal  0.000000e+00  0.000000e+00 -1.000000e+00
   outer loop
     vertex  1.634687e+02 -9.683235e+01  0.000000e+00
     vertex  1.635237e+02 -9.696500e+01  0.000000e+00
     vertex  1.635237e+02 -1.002250e+02  0.000000e+00
   endloop
 endfacet
 facet normal  0.000000e+00 -0.000000e+00 -1.000000e+00
   outer loop
     vertex  1.634500e+02 -9.669000e+01  0.000000e+00
     vertex  1.634687e+02 -9.683235e+01  0.000000e+00
     vertex  1.566035e+02 -1.033636e+02  0.000000e+00
   endloop
 endfacet
 facet normal  0.000000e+00  0.000000e+00 -1.000000e+00
   outer loop
     vertex  1.634500e+02 -9.669000e+01  0.000000e+00
     vertex  1.566035e+02 -1.033636e+02  0.000000e+00
     vertex  1.565000e+02 -1.033500e+02  0.000000e+00
   endloop
 endfacet
 facet normal -0.000000e+00 -0.000000e+00 -1.000000e+00
   outer loop
     vertex  1.640000e+02 -9.724000e+01  0.000000e+00
     vertex  1.640000e+02 -9.995000e+01  0.000000e+00
     vertex  1.638576e+02 -9.722126e+01  0.000000e+00
   endloop
 endfacet
 facet normal  0.000000e+00  0.000000e+00 -1.000000e+00
   outer loop
     vertex  1.634687e+02 -9.654765e+01  0.000000e+00
     vertex  1.634500e+02 -9.669000e+01  0.000000e+00
     vertex  1.565000e+02 -1.033500e+02  0.000000e+00
   endloop
 endfacet
 facet normal  0.000000e+00  0.000000e+00 -1.000000e+00
   outer loop
     vertex  1.634687e+02 -9.654765e+01  0.000000e+00
     vertex  1.565000e+02 -1.033500e+02  0.000000e+00
     vertex  1.563965e+02 -1.033636e+02  0.000000e+00
   endloop
 endfacet
 facet normal  0.000000e+00  0.000000e+00 -1.000000e+00
   outer loop
     vertex  1.641424e+02 -9.722126e+01  0.000000e+00
     vertex  1.640000e+02 -9.995000e+01  0.000000e+00
     vertex  1.640000e+02 -9.724000e+01  0.000000e+00
   endloop
 endfacet
 facet normal  0.000000e+00 -0.000000e+00 -1.000000e+00
   outer loop
     vertex  1.641424e+02 -9.722126e+01  0.000000e+00
     vertex  1.641424e+02 -9.996874e+01  0.000000e+00
     vertex  1.640000e+02 -9.995000e+01  0.000000e+00
   endloop
 endfacet
 facet normal  0.000000e+00 -0.000000e+00 -1.000000e+00
   outer loop
     vertex  1.642750e+02 -9.716631e+01  0.000000e+00
     vertex  1.642750e+02 -1.000237e+02  0.000000e+00
     vertex  1.641424e+02 -9.996874e+01  0.000000e+00
   endloop
 endfacet
 facet normal  0.000000e+00  0.000000e+00 -1.000000e+00
   outer loop
     vertex  1.642750e+02 -9.716631e+01  0.000000e+00
     vertex  1.641424e+02 -9.996874e+01  0.000000e+00
     vertex  1.641424e+02 -9.722126e+01  0.000000e+00
   endloop
 endfacet
 facet normal  0.000000e+00  0.000000e+00 -1.000000e+00
   outer loop
     vertex  1.643889e+02 -9.707891e+01  0.000000e+00
     vertex  1.642750e+02 -1.000237e+02  0.000000e+00
     vertex  1.642750e+02 -9.716631e+01  0.000000e+00
   endloop
 endfacet
 facet normal  0.000000e+00 -0.000000e+00 -1.000000e+00
   outer loop
     vertex  1.643889e+02 -9.707891e+01  0.000000e+00
     vertex  1.643889e+02 -1.001111e+02  0.000000e+00
     vertex  1.642750e+02 -1.000237e+02  0.000000e+00
   endloop
 endfacet
 facet normal  0.000000e+00  0.000000e+00 -1.000000e+00
   outer loop
     vertex  1.644763e+02 -9.696500e+01  0.000000e+00
     vertex  1.643889e+02 -1.001111e+02  0.000000e+00
     vertex  1.643889e+02 -9.707891e+01  0.000000e+00
   endloop
 endfacet
 facet normal  0.000000e+00 -0.000000e+00 -1.000000e+00
   outer loop
     vertex  1.644763e+02 -9.696500e+01  0.000000e+00
     vertex  1.644763e+02 -1.002250e+02  0.000000e+00
     vertex  1.643889e+02 -1.001111e+02  0.000000e+00
   endloop
 endfacet
 facet normal  0.000000e+00  0.000000e+00 -1.000000e+00
   outer loop
     vertex  1.645313e+02 -9.683235e+01  0.000000e+00
     vertex  1.644763e+02 -1.002250e+02  0.000000e+00
     vertex  1.644763e+02 -9.696500e+01  0.000000e+00
   endloop
 endfacet
 facet normal  0.000000e+00 -0.000000e+00 -1.000000e+00
   outer loop
     vertex  1.645313e+02 -9.683235e+01  0.000000e+00
     vertex  1.645313e+02 -1.003576e+02  0.000000e+00
     vertex  1.644763e+02 -1.002250e+02  0.000000e+00
   endloop
 endfacet
 facet normal  0.000000e+00  0.000000e+00 -1.000000e+00
   outer loop
     vertex  1.645313e+02 -9.683235e+01  0.000000e+00
     vertex  1.682500e+02 -1.075000e+02  0.000000e+00
     vertex  1.645313e+02 -1.003576e+02  0.000000e+00
   endloop
 endfacet
 facet normal  0.000000e+00 -0.000000e+00 -1.000000e+00
   outer loop
     vertex  1.645500e+02 -9.669000e+01  0.000000e+00
     vertex  1.682500e+02 -1.075000e+02  0.000000e+00
     vertex  1.645313e+02 -9.683235e+01  0.000000e+00
   endloop
 endfacet
 facet normal -0.000000e+00  0.000000e+00 -1.000000e+00
   outer loop
     vertex  1.637250e+02 -9.335631e+01  0.000000e+00
     vertex  1.636111e+02 -9.630109e+01  0.000000e+00
     vertex  1.636111e+02 -9.326891e+01  0.000000e+00
   endloop
 endfacet
 facet normal  0.000000e+00 -0.000000e+00 -1.000000e+00
   outer loop
     vertex  1.637250e+02 -9.335631e+01  0.000000e+00
     vertex  1.637250e+02 -9.621369e+01  0.000000e+00
     vertex  1.636111e+02 -9.630109e+01  0.000000e+00
   endloop
 endfacet
 facet normal  0.000000e+00  0.000000e+00 -1.000000e+00
   outer loop
     vertex  1.635237e+02 -9.315500e+01  0.000000e+00
     vertex  1.636111e+02 -9.326891e+01  0.000000e+00
     vertex  1.636111e+02 -9.630109e+01  0.000000e+00
   endloop
 endfacet
 facet normal  0.000000e+00  0.000000e+00 -1.000000e+00
   outer loop
     vertex  1.635237e+02 -9.315500e+01  0.000000e+00
     vertex  1.636111e+02 -9.630109e+01  0.000000e+00
     vertex  1.635237e+02 -9.641500e+01  0.000000e+00
   endloop
 endfacet
 facet normal -0.000000e+00  0.000000e+00 -1.000000e+00
   outer loop
     vertex  1.638576e+02 -9.341126e+01  0.000000e+00
     vertex  1.637250e+02 -9.621369e+01  0.000000e+00
     vertex  1.637250e+02 -9.335631e+01  0.000000e+00
   endloop
 endfacet
 facet normal  0.000000e+00 -0.000000e+00 -1.000000e+00
   outer loop
     vertex  1.638576e+02 -9.341126e+01  0.000000e+00
     vertex  1.638576e+02 -9.615874e+01  0.000000e+00
     vertex  1.637250e+02 -9.621369e+01  0.000000e+00
   endloop
 endfacet
 facet normal  0.000000e+00  0.000000e+00 -1.000000e+00
   outer loop
     vertex  1.638576e+02 -9.341126e+01  0.000000e+00
     vertex  1.640000e+02 -9.614000e+01  0.000000e+00
     vertex  1.638576e+02 -9.615874e+01  0.000000e+00
   endloop
 endfacet
 facet normal  0.000000e+00  0.000000e+00 -1.000000e+00
   outer loop
     vertex  1.634687e+02 -9.302235e+01  0.000000e+00
     vertex  1.635237e+02 -9.315500e+01  0.000000e+00
     vertex  1.635237e+02 -9.641500e+01  0.000000e+00
   endloop
 endfacet
 facet normal  0.000000e+00  0.000000e+00 -1.000000e+00
   outer loop
     vertex  1.634687e+02 -9.302235e+01  0.000000e+00
     vertex  1.635237e+02 -9.641500e+01  0.000000e+00
     vertex  1.634687e+02 -9.654765e+01  0.000000e+00
   endloop
 endfacet
 facet normal  0.000000e+00 -0.000000e+00 -1.000000e+00
   outer loop
     vertex  1.634687e+02 -9.302235e+01  0.000000e+00
     vertex  1.634687e+02 -9.654765e+01  0.000000e+00
     vertex  1.563965e+02 -1.033636e+02  0.000000e+00
   endloop
 endfacet
 facet normal -0.000000e+00 -0.000000e+00 -1.000000e+00
   outer loop
     vertex  1.640000e+02 -9.343000e+01  0.000000e+00
     vertex  1.640000e+02 -9.614000e+01  0.000000e+00
     vertex  1.638576e+02 -9.341126e+01  0.000000e+00
   endloop
 endfacet
 facet normal  0.000000e+00  0.000000e+00 -1.000000e+00
   outer loop
     vertex  1.640000e+02 -9.343000e+01  0.000000e+00
     vertex  1.641424e+02 -9.615874e+01  0.000000e+00
     vertex  1.640000e+02 -9.614000e+01  0.000000e+00
   endloop
 endfacet
 facet normal  0.000000e+00 -0.000000e+00 -1.000000e+00
   outer loop
     vertex  1.634500e+02 -9.288000e+01  0.000000e+00
     vertex  1.634687e+02 -9.302235e+01  0.000000e+00
     vertex  1.563965e+02 -1.033636e+02  0.000000e+00
   endloop
 endfacet
 facet normal  0.000000e+00  0.000000e+00 -1.000000e+00
   outer loop
     vertex  1.634500e+02 -9.288000e+01  0.000000e+00
     vertex  1.516035e+02 -1.033636e+02  0.000000e+00
     vertex  1.515000e+02 -1.033500e+02  0.000000e+00
   endloop
 endfacet
 facet normal  0.000000e+00  0.000000e+00 -1.000000e+00
   outer loop
     vertex  1.634500e+02 -9.288000e+01  0.000000e+00
     vertex  1.563965e+02 -1.033636e+02  0.000000e+00
     vertex  1.516035e+02 -1.033636e+02  0.000000e+00
   endloop
 endfacet
 facet normal  0.000000e+00 -0.000000e+00 -1.000000e+00
   outer loop
     vertex  1.641424e+02 -9.341126e+01  0.000000e+00
     vertex  1.641424e+02 -9.615874e+01  0.000000e+00
     vertex  1.640000e+02 -9.343000e+01  0.000000e+00
   endloop
 endfacet
 facet normal  0.000000e+00  0.000000e+00 -1.000000e+00
   outer loop
     vertex  1.634687e+02 -9.273765e+01  0.000000e+00
     vertex  1.634500e+02 -9.288000e+01  0.000000e+00
     vertex  1.515000e+02 -1.033500e+02  0.000000e+00
   endloop
 endfacet
 facet normal  0.000000e+00  0.000000e+00 -1.000000e+00
   outer loop
     vertex  1.642750e+02 -9.335631e+01  0.000000e+00
     vertex  1.641424e+02 -9.615874e+01  0.000000e+00
     vertex  1.641424e+02 -9.341126e+01  0.000000e+00
   endloop
 endfacet
 facet normal  0.000000e+00 -0.000000e+00 -1.000000e+00
   outer loop
     vertex  1.642750e+02 -9.335631e+01  0.000000e+00
     vertex  1.642750e+02 -9.621369e+01  0.000000e+00
     vertex  1.641424e+02 -9.615874e+01  0.000000e+00
   endloop
 endfacet
 facet normal  0.000000e+00 -0.000000e+00 -1.000000e+00
   outer loop
     vertex  1.643889e+02 -9.326891e+01  0.000000e+00
     vertex  1.643889e+02 -9.630109e+01  0.000000e+00
     vertex  1.642750e+02 -9.621369e+01  0.000000e+00
   endloop
 endfacet
 facet normal  0.000000e+00  0.000000e+00 -1.000000e+00
   outer loop
     vertex  1.643889e+02 -9.326891e+01  0.000000e+00
     vertex  1.642750e+02 -9.621369e+01  0.000000e+00
     vertex  1.642750e+02 -9.335631e+01  0.000000e+00
   endloop
 endfacet
 facet normal  0.000000e+00 -0.000000e+00 -1.000000e+00
   outer loop
     vertex  1.644763e+02 -9.315500e+01  0.000000e+00
     vertex  1.644763e+02 -9.641500e+01  0.000000e+00
     vertex  1.643889e+02 -9.630109e+01  0.000000e+00
   endloop
 endfacet
 facet normal  0.000000e+00  0.000000e+00 -1.000000e+00
   outer loop
     vertex  1.644763e+02 -9.315500e+01  0.000000e+00
     vertex  1.643889e+02 -9.630109e+01  0.000000e+00
     vertex  1.643889e+02 -9.326891e+01  0.000000e+00
   endloop
 endfacet
 facet normal  0.000000e+00 -0.000000e+00 -1.000000e+00
   outer loop
     vertex  1.645313e+02 -9.302235e+01  0.000000e+00
     vertex  1.645313e+02 -9.654765e+01  0.000000e+00
     vertex  1.644763e+02 -9.641500e+01  0.000000e+00
   endloop
 endfacet
 facet normal  0.000000e+00  0.000000e+00 -1.000000e+00
   outer loop
     vertex  1.645313e+02 -9.302235e+01  0.000000e+00
     vertex  1.644763e+02 -9.641500e+01  0.000000e+00
     vertex  1.644763e+02 -9.315500e+01  0.000000e+00
   endloop
 endfacet
 facet normal  0.000000e+00 -0.000000e+00 -1.000000e+00
   outer loop
     vertex  1.636111e+02 -8.945891e+01  0.000000e+00
     vertex  1.636111e+02 -9.249109e+01  0.000000e+00
     vertex  1.635237e+02 -9.260500e+01  0.000000e+00
   endloop
 endfacet
 facet normal -0.000000e+00  0.000000e+00 -1.000000e+00
   outer loop
     vertex  1.637250e+02 -8.954631e+01  0.000000e+00
     vertex  1.636111e+02 -9.249109e+01  0.000000e+00
     vertex  1.636111e+02 -8.945891e+01  0.000000e+00
   endloop
 endfacet
 facet normal  0.000000e+00 -0.000000e+00 -1.000000e+00
   outer loop
     vertex  1.637250e+02 -8.954631e+01  0.000000e+00
     vertex  1.637250e+02 -9.240369e+01  0.000000e+00
     vertex  1.636111e+02 -9.249109e+01  0.000000e+00
   endloop
 endfacet
 facet normal  0.000000e+00  0.000000e+00 -1.000000e+00
   outer loop
     vertex  1.637250e+02 -8.954631e+01  0.000000e+00
     vertex  1.638576e+02 -9.234874e+01  0.000000e+00
     vertex  1.637250e+02 -9.240369e+01  0.000000e+00
   endloop
 endfacet
 facet normal  0.000000e+00  0.000000e+00 -1.000000e+00
   outer loop
     vertex  1.635237e+02 -8.934500e+01  0.000000e+00
     vertex  1.636111e+02 -8.945891e+01  0.000000e+00
     vertex  1.635237e+02 -9.260500e+01  0.000000e+00
   endloop
 endfacet
 facet normal -0.000000e+00 -0.000000e+00 -1.000000e+00
   outer loop
     vertex  1.638576e+02 -8.960126e+01  0.000000e+00
     vertex  1.638576e+02 -9.234874e+01  0.000000e+00
     vertex  1.637250e+02 -8.954631e+01  0.000000e+00
   endloop
 endfacet
 facet normal  0.000000e+00 -0.000000e+00 -1.000000e+00
   outer loop
     vertex  1.634687e+02 -8.921235e+01  0.000000e+00
     vertex  1.634687e+02 -9.273765e+01  0.000000e+00
     vertex  1.515000e+02 -1.033500e+02  0.000000e+00
   endloop
 endfacet
 facet normal  0.000000e+00  0.000000e+00 -1.000000e+00
   outer loop
     vertex  1.634687e+02 -8.921235e+01  0.000000e+00
     vertex  1.635237e+02 -9.260500e+01  0.000000e+00
     vertex  1.634687e+02 -9.273765e+01  0.000000e+00
   endloop
 endfacet
 facet normal  0.000000e+00  0.000000e+00 -1.000000e+00
   outer loop
     vertex  1.634687e+02 -8.921235e+01  0.000000e+00
     vertex  1.635237e+02 -8.934500e+01  0.000000e+00
     vertex  1.635237e+02 -9.260500e+01  0.000000e+00
   endloop
 endfacet
 facet normal -0.000000e+00  0.000000e+00 -1.000000e+00
   outer loop
     vertex  1.640000e+02 -8.962000e+01  0.000000e+00
     vertex  1.638576e+02 -9.234874e+01  0.000000e+00
     vertex  1.638576e+02 -8.960126e+01  0.000000e+00
   endloop
 endfacet
 facet normal  0.000000e+00 -0.000000e+00 -1.000000e+00
   outer loop
     vertex  1.640000e+02 -8.962000e+01  0.000000e+00
     vertex  1.640000e+02 -9.233000e+01  0.000000e+00
     vertex  1.638576e+02 -9.234874e+01  0.000000e+00
   endloop
 endfacet
 facet normal  0.000000e+00  0.000000e+00 -1.000000e+00
   outer loop
     vertex  1.634500e+02 -8.907000e+01  0.000000e+00
     vertex  1.515000e+02 -1.033500e+02  0.000000e+00
     vertex  1.513965e+02 -1.033636e+02  0.000000e+00
   endloop
 endfacet
 facet normal  0.000000e+00 -0.000000e+00 -1.000000e+00
   outer loop
     vertex  1.634500e+02 -8.907000e+01  0.000000e+00
     vertex  1.634687e+02 -8.921235e+01  0.000000e+00
     vertex  1.515000e+02 -1.033500e+02  0.000000e+00
   endloop
 endfacet
 facet normal  0.000000e+00  0.000000e+00 -1.000000e+00
   outer loop
     vertex  1.641424e+02 -8.960126e+01  0.000000e+00
     vertex  1.640000e+02 -9.233000e+01  0.000000e+00
     vertex  1.640000e+02 -8.962000e+01  0.000000e+00
   endloop
 endfacet
 facet normal  0.000000e+00 -0.000000e+00 -1.000000e+00
   outer loop
     vertex  1.641424e+02 -8.960126e+01  0.000000e+00
     vertex  1.641424e+02 -9.234874e+01  0.000000e+00
     vertex  1.640000e+02 -9.233000e+01  0.000000e+00
   endloop
 endfacet
 facet normal  0.000000e+00  0.000000e+00 -1.000000e+00
   outer loop
     vertex  1.641424e+02 -8.960126e+01  0.000000e+00
     vertex  1.642750e+02 -9.240369e+01  0.000000e+00
     vertex  1.641424e+02 -9.234874e+01  0.000000e+00
   endloop
 endfacet
 facet normal  0.000000e+00  0.000000e+00 -1.000000e+00
   outer loop
     vertex  1.634687e+02 -8.892765e+01  0.000000e+00
     vertex  1.634500e+02 -8.907000e+01  0.000000e+00
     vertex  1.513965e+02 -1.033636e+02  0.000000e+00
   endloop
 endfacet
 facet normal  0.000000e+00  0.000000e+00 -1.000000e+00
   outer loop
     vertex  1.634687e+02 -8.892765e+01  0.000000e+00
     vertex  1.275198e+02 -9.255235e+01  0.000000e+00
     vertex  1.274898e+02 -9.248000e+01  0.000000e+00
   endloop
 endfacet
 facet normal  0.000000e+00  0.000000e+00 -1.000000e+00
   outer loop
     vertex  1.634687e+02 -8.892765e+01  0.000000e+00
     vertex  1.513965e+02 -1.033636e+02  0.000000e+00
     vertex  1.275198e+02 -9.255235e+01  0.000000e+00
   endloop
 endfacet
 facet normal  0.000000e+00 -0.000000e+00 -1.000000e+00
   outer loop
     vertex  1.642750e+02 -8.954631e+01  0.000000e+00
     vertex  1.642750e+02 -9.240369e+01  0.000000e+00
     vertex  1.641424e+02 -8.960126e+01  0.000000e+00
   endloop
 endfacet
 facet normal  0.000000e+00  0.000000e+00 -1.000000e+00
   outer loop
     vertex  1.635237e+02 -8.879500e+01  0.000000e+00
     vertex  1.634687e+02 -8.892765e+01  0.000000e+00
     vertex  1.274898e+02 -9.248000e+01  0.000000e+00
   endloop
 endfacet
 facet normal  0.000000e+00  0.000000e+00 -1.000000e+00
   outer loop
     vertex  1.635237e+02 -8.879500e+01  0.000000e+00
     vertex  1.250455e+02 -8.783589e+01  0.000000e+00
     vertex  1.248856e+02 -8.745000e+01  0.000000e+00
   endloop
 endfacet
 facet normal -0.000000e+00  0.000000e+00 -1.000000e+00
   outer loop
     vertex  1.635237e+02 -8.879500e+01  0.000000e+00
     vertex  1.274898e+02 -9.248000e+01  0.000000e+00
     vertex  1.250455e+02 -8.783589e+01  0.000000e+00
   endloop
 endfacet
 facet normal  0.000000e+00  0.000000e+00 -1.000000e+00
   outer loop
     vertex  1.643889e+02 -8.945891e+01  0.000000e+00
     vertex  1.642750e+02 -9.240369e+01  0.000000e+00
     vertex  1.642750e+02 -8.954631e+01  0.000000e+00
   endloop
 endfacet
 facet normal  0.000000e+00 -0.000000e+00 -1.000000e+00
   outer loop
     vertex  1.643889e+02 -8.945891e+01  0.000000e+00
     vertex  1.643889e+02 -9.249109e+01  0.000000e+00
     vertex  1.642750e+02 -9.240369e+01  0.000000e+00
   endloop
 endfacet
 facet normal -0.000000e+00  0.000000e+00 -1.000000e+00
   outer loop
     vertex  1.636111e+02 -8.868109e+01  0.000000e+00
     vertex  1.635237e+02 -8.879500e+01  0.000000e+00
     vertex  1.248856e+02 -8.745000e+01  0.000000e+00
   endloop
 endfacet
 facet normal  0.000000e+00  0.000000e+00 -1.000000e+00
   outer loop
     vertex  1.644763e+02 -8.934500e+01  0.000000e+00
     vertex  1.643889e+02 -9.249109e+01  0.000000e+00
     vertex  1.643889e+02 -8.945891e+01  0.000000e+00
   endloop
 endfacet
 facet normal  0.000000e+00 -0.000000e+00 -1.000000e+00
   outer loop
     vertex  1.644763e+02 -8.934500e+01  0.000000e+00
     vertex  1.644763e+02 -9.260500e+01  0.000000e+00
     vertex  1.643889e+02 -9.249109e+01  0.000000e+00
   endloop
 endfacet
 facet normal  0.000000e+00  0.000000e+00 -1.000000e+00
   outer loop
     vertex  1.662500e+02 -8.500000e+01  0.000000e+00
     vertex  1.637250e+02 -8.859369e+01  0.000000e+00
     vertex  1.636111e+02 -8.868109e+01  0.000000e+00
   endloop
 endfacet
 facet normal  0.000000e+00  0.000000e+00 -1.000000e+00
   outer loop
     vertex  1.662500e+02 -8.500000e+01  0.000000e+00
     vertex  1.638576e+02 -8.853874e+01  0.000000e+00
     vertex  1.637250e+02 -8.859369e+01  0.000000e+00
   endloop
 endfacet
 facet normal  0.000000e+00  0.000000e+00 -1.000000e+00
   outer loop
     vertex  1.662500e+02 -8.500000e+01  0.000000e+00
     vertex  1.640000e+02 -8.852000e+01  0.000000e+00
     vertex  1.638576e+02 -8.853874e+01  0.000000e+00
   endloop
 endfacet
 facet normal  0.000000e+00  0.000000e+00 -1.000000e+00
   outer loop
     vertex  1.662500e+02 -8.500000e+01  0.000000e+00
     vertex  1.641424e+02 -8.853874e+01  0.000000e+00
     vertex  1.640000e+02 -8.852000e+01  0.000000e+00
   endloop
 endfacet
 facet normal  0.000000e+00  0.000000e+00 -1.000000e+00
   outer loop
     vertex  1.662500e+02 -8.500000e+01  0.000000e+00
     vertex  1.642750e+02 -8.859369e+01  0.000000e+00
     vertex  1.641424e+02 -8.853874e+01  0.000000e+00
   endloop
 endfacet
 facet normal  0.000000e+00  0.000000e+00 -1.000000e+00
   outer loop
     vertex  1.662500e+02 -8.500000e+01  0.000000e+00
     vertex  1.643889e+02 -8.868109e+01  0.000000e+00
     vertex  1.642750e+02 -8.859369e+01  0.000000e+00
   endloop
 endfacet
 facet normal  0.000000e+00  0.000000e+00 -1.000000e+00
   outer loop
     vertex  1.662500e+02 -8.500000e+01  0.000000e+00
     vertex  1.248856e+02 -8.745000e+01  0.000000e+00
     vertex  1.246314e+02 -8.711863e+01  0.000000e+00
   endloop
 endfacet
 facet normal  0.000000e+00  0.000000e+00 -1.000000e+00
   outer loop
     vertex  1.662500e+02 -8.500000e+01  0.000000e+00
     vertex  1.636111e+02 -8.868109e+01  0.000000e+00
     vertex  1.248856e+02 -8.745000e+01  0.000000e+00
   endloop
 endfacet
 facet normal  0.000000e+00  0.000000e+00 -1.000000e+00
   outer loop
     vertex  1.682500e+02 -8.700000e+01  0.000000e+00
     vertex  1.644763e+02 -8.879500e+01  0.000000e+00
     vertex  1.643889e+02 -8.868109e+01  0.000000e+00
   endloop
 endfacet
 facet normal  0.000000e+00  0.000000e+00 -1.000000e+00
   outer loop
     vertex  1.682500e+02 -8.700000e+01  0.000000e+00
     vertex  1.645313e+02 -8.892765e+01  0.000000e+00
     vertex  1.644763e+02 -8.879500e+01  0.000000e+00
   endloop
 endfacet
 facet normal  0.000000e+00  0.000000e+00 -1.000000e+00
   outer loop
     vertex  1.682500e+02 -8.700000e+01  0.000000e+00
     vertex  1.645500e+02 -8.907000e+01  0.000000e+00
     vertex  1.645313e+02 -8.892765e+01  0.000000e+00
   endloop
 endfacet
 facet normal  0.000000e+00  0.000000e+00 -1.000000e+00
   outer loop
     vertex  1.682500e+02 -8.700000e+01  0.000000e+00
     vertex  1.645313e+02 -8.921235e+01  0.000000e+00
     vertex  1.645500e+02 -8.907000e+01  0.000000e+00
   endloop
 endfacet
 facet normal  0.000000e+00  0.000000e+00 -1.000000e+00
   outer loop
     vertex  1.682500e+02 -8.700000e+01  0.000000e+00
     vertex  1.644763e+02 -8.934500e+01  0.000000e+00
     vertex  1.645313e+02 -8.921235e+01  0.000000e+00
   endloop
 endfacet
 facet normal  0.000000e+00  0.000000e+00 -1.000000e+00
   outer loop
     vertex  1.682500e+02 -8.700000e+01  0.000000e+00
     vertex  1.644763e+02 -9.260500e+01  0.000000e+00
     vertex  1.644763e+02 -8.934500e+01  0.000000e+00
   endloop
 endfacet
 facet normal  0.000000e+00 -0.000000e+00 -1.000000e+00
   outer loop
     vertex  1.682500e+02 -8.700000e+01  0.000000e+00
     vertex  1.682500e+02 -1.075000e+02  0.000000e+00
     vertex  1.645500e+02 -9.669000e+01  0.000000e+00
   endloop
 endfacet
 facet normal  0.000000e+00  0.000000e+00 -1.000000e+00
   outer loop
     vertex  1.682500e+02 -8.700000e+01  0.000000e+00
     vertex  1.645500e+02 -9.669000e+01  0.000000e+00
     vertex  1.645313e+02 -9.654765e+01  0.000000e+00
   endloop
 endfacet
 facet normal  0.000000e+00  0.000000e+00 -1.000000e+00
   outer loop
     vertex  1.682500e+02 -8.700000e+01  0.000000e+00
     vertex  1.645313e+02 -9.654765e+01  0.000000e+00
     vertex  1.645313e+02 -9.302235e+01  0.000000e+00
   endloop
 endfacet
 facet normal  0.000000e+00  0.000000e+00 -1.000000e+00
   outer loop
     vertex  1.682500e+02 -8.700000e+01  0.000000e+00
     vertex  1.645313e+02 -9.273765e+01  0.000000e+00
     vertex  1.644763e+02 -9.260500e+01  0.000000e+00
   endloop
 endfacet
 facet normal  0.000000e+00  0.000000e+00 -1.000000e+00
   outer loop
     vertex  1.682500e+02 -8.700000e+01  0.000000e+00
     vertex  1.645500e+02 -9.288000e+01  0.000000e+00
     vertex  1.645313e+02 -9.273765e+01  0.000000e+00
   endloop
 endfacet
 facet normal  0.000000e+00  0.000000e+00 -1.000000e+00
   outer loop
     vertex  1.682500e+02 -8.700000e+01  0.000000e+00
     vertex  1.645313e+02 -9.302235e+01  0.000000e+00
     vertex  1.645500e+02 -9.288000e+01  0.000000e+00
   endloop
 endfacet
 facet normal -0.000000e+00  0.000000e+00 -1.000000e+00
   outer loop
     vertex  1.682500e+02 -8.700000e+01  0.000000e+00
     vertex  1.643889e+02 -8.868109e+01  0.000000e+00
     vertex  1.662500e+02 -8.500000e+01  0.000000e+00
   endloop
 endfacet
 facet normal  0.000000e+00  0.000000e+00 -1.000000e+00
   outer loop
     vertex  1.674970e+02 -8.543634e+01  0.000000e+00
     vertex  1.666950e+02 -8.505014e+01  0.000000e+00
     vertex  1.671178e+02 -8.519806e+01  0.000000e+00
   endloop
 endfacet
 facet normal  0.000000e+00  0.000000e+00 -1.000000e+00
   outer loop
     vertex  1.678137e+02 -8.575302e+01  0.000000e+00
     vertex  1.662500e+02 -8.500000e+01  0.000000e+00
     vertex  1.666950e+02 -8.505014e+01  0.000000e+00
   endloop
 endfacet
 facet normal  0.000000e+00  0.000000e+00 -1.000000e+00
   outer loop
     vertex  1.678137e+02 -8.575302e+01  0.000000e+00
     vertex  1.680519e+02 -8.613223e+01  0.000000e+00
     vertex  1.681999e+02 -8.655496e+01  0.000000e+00
   endloop
 endfacet
 facet normal  0.000000e+00  0.000000e+00 -1.000000e+00
   outer loop
     vertex  1.678137e+02 -8.575302e+01  0.000000e+00
     vertex  1.681999e+02 -8.655496e+01  0.000000e+00
     vertex  1.682500e+02 -8.700000e+01  0.000000e+00
   endloop
 endfacet
 facet normal -0.000000e+00 -0.000000e+00 -1.000000e+00
   outer loop
     vertex  1.678137e+02 -8.575302e+01  0.000000e+00
     vertex  1.682500e+02 -8.700000e+01  0.000000e+00
     vertex  1.662500e+02 -8.500000e+01  0.000000e+00
   endloop
 endfacet
 facet normal  0.000000e+00  0.000000e+00 -1.000000e+00
   outer loop
     vertex  1.678137e+02 -8.575302e+01  0.000000e+00
     vertex  1.666950e+02 -8.505014e+01  0.000000e+00
     vertex  1.674970e+02 -8.543634e+01  0.000000e+00
   endloop
 endfacet
 facet normal -0.000000e+00  0.000000e+00 -1.000000e+00
   outer loop
     vertex  1.662500e+02 -8.500000e+01  0.000000e+00
     vertex  1.243000e+02 -8.686436e+01  0.000000e+00
     vertex  1.220000e+02 -8.500000e+01  0.000000e+00
   endloop
 endfacet
 facet normal  0.000000e+00  0.000000e+00 -1.000000e+00
   outer loop
     vertex  1.662500e+02 -8.500000e+01  0.000000e+00
     vertex  1.246314e+02 -8.711863e+01  0.000000e+00
     vertex  1.243000e+02 -8.686436e+01  0.000000e+00
   endloop
 endfacet
 facet normal  0.000000e+00  0.000000e+00 -1.000000e+00
   outer loop
     vertex  1.220000e+02 -1.095000e+02  0.000000e+00
     vertex  1.337500e+02 -1.088400e+02  0.000000e+00
     vertex  1.662500e+02 -1.095000e+02  0.000000e+00
   endloop
 endfacet
 facet normal  0.000000e+00  0.000000e+00  1.000000e+00
   outer loop
     vertex  1.200501e+02 -1.079450e+02  1.516200e+00
     vertex  1.204363e+02 -1.087470e+02  1.516200e+00
     vertex  1.207530e+02 -1.090637e+02  1.516200e+00
   endloop
 endfacet
 facet normal  0.000000e+00  0.000000e+00  1.000000e+00
   outer loop
     vertex  1.200501e+02 -1.079450e+02  1.516200e+00
     vertex  1.201981e+02 -1.083678e+02  1.516200e+00
     vertex  1.204363e+02 -1.087470e+02  1.516200e+00
   endloop
 endfacet
 facet normal  0.000000e+00  0.000000e+00  1.000000e+00
   outer loop
     vertex  1.215550e+02 -1.094499e+02  1.516200e+00
     vertex  1.207530e+02 -1.090637e+02  1.516200e+00
     vertex  1.211322e+02 -1.093019e+02  1.516200e+00
   endloop
 endfacet
 facet normal  0.000000e+00  0.000000e+00  1.000000e+00
   outer loop
     vertex  1.215550e+02 -1.094499e+02  1.516200e+00
     vertex  1.200501e+02 -1.079450e+02  1.516200e+00
     vertex  1.207530e+02 -1.090637e+02  1.516200e+00
   endloop
 endfacet
 facet normal  0.000000e+00  0.000000e+00  1.000000e+00
   outer loop
     vertex  1.200000e+02 -1.075000e+02  1.516200e+00
     vertex  1.200501e+02 -1.079450e+02  1.516200e+00
     vertex  1.215550e+02 -1.094499e+02  1.516200e+00
   endloop
 endfacet
 facet normal  0.000000e+00  0.000000e+00  1.000000e+00
   outer loop
     vertex  1.220000e+02 -1.095000e+02  1.516200e+00
     vertex  1.200000e+02 -1.075000e+02  1.516200e+00
     vertex  1.215550e+02 -1.094499e+02  1.516200e+00
   endloop
 endfacet
 facet normal  0.000000e+00  0.000000e+00  1.000000e+00
   outer loop
     vertex  1.269252e+02 -1.071875e+02  1.516200e+00
     vertex  1.220000e+02 -1.095000e+02  1.516200e+00
     vertex  1.269848e+02 -1.072652e+02  1.516200e+00
   endloop
 endfacet
 facet normal  0.000000e+00  0.000000e+00  1.000000e+00
   outer loop
     vertex  1.270625e+02 -1.073248e+02  1.516200e+00
     vertex  1.269848e+02 -1.072652e+02  1.516200e+00
     vertex  1.220000e+02 -1.095000e+02  1.516200e+00
   endloop
 endfacet
 facet normal  0.000000e+00  0.000000e+00  1.000000e+00
   outer loop
     vertex  1.268878e+02 -1.070971e+02  1.516200e+00
     vertex  1.220000e+02 -1.095000e+02  1.516200e+00
     vertex  1.269252e+02 -1.071875e+02  1.516200e+00
   endloop
 endfacet
 facet normal  0.000000e+00  0.000000e+00  1.000000e+00
   outer loop
     vertex  1.271529e+02 -1.073622e+02  1.516200e+00
     vertex  1.270625e+02 -1.073248e+02  1.516200e+00
     vertex  1.220000e+02 -1.095000e+02  1.516200e+00
   endloop
 endfacet
 facet normal  0.000000e+00  0.000000e+00  1.000000e+00
   outer loop
     vertex  1.272500e+02 -1.073750e+02  1.516200e+00
     vertex  1.271529e+02 -1.073622e+02  1.516200e+00
     vertex  1.220000e+02 -1.095000e+02  1.516200e+00
   endloop
 endfacet
 facet normal  0.000000e+00  0.000000e+00  1.000000e+00
   outer loop
     vertex  1.268750e+02 -1.070000e+02  1.516200e+00
     vertex  1.220000e+02 -1.095000e+02  1.516200e+00
     vertex  1.268878e+02 -1.070971e+02  1.516200e+00
   endloop
 endfacet
 facet normal  0.000000e+00  0.000000e+00  1.000000e+00
   outer loop
     vertex  1.268878e+02 -1.069029e+02  1.516200e+00
     vertex  1.200000e+02 -1.075000e+02  1.516200e+00
     vertex  1.220000e+02 -1.095000e+02  1.516200e+00
   endloop
 endfacet
 facet normal  0.000000e+00  0.000000e+00  1.000000e+00
   outer loop
     vertex  1.268878e+02 -1.069029e+02  1.516200e+00
     vertex  1.220000e+02 -1.095000e+02  1.516200e+00
     vertex  1.268750e+02 -1.070000e+02  1.516200e+00
   endloop
 endfacet
 facet normal  0.000000e+00  0.000000e+00  1.000000e+00
   outer loop
     vertex  1.218531e+02 -1.014404e+02  1.516200e+00
     vertex  1.200000e+02 -1.075000e+02  1.516200e+00
     vertex  1.219011e+02 -1.014946e+02  1.516200e+00
   endloop
 endfacet
 facet normal  0.000000e+00  0.000000e+00  1.000000e+00
   outer loop
     vertex  1.219606e+02 -1.015356e+02  1.516200e+00
     vertex  1.219011e+02 -1.014946e+02  1.516200e+00
     vertex  1.200000e+02 -1.075000e+02  1.516200e+00
   endloop
 endfacet
 facet normal  0.000000e+00  0.000000e+00  1.000000e+00
   outer loop
     vertex  1.218195e+02 -1.013764e+02  1.516200e+00
     vertex  1.200000e+02 -1.075000e+02  1.516200e+00
     vertex  1.218531e+02 -1.014404e+02  1.516200e+00
   endloop
 endfacet
 facet normal  0.000000e+00  0.000000e+00  1.000000e+00
   outer loop
     vertex  1.220282e+02 -1.015613e+02  1.516200e+00
     vertex  1.219606e+02 -1.015356e+02  1.516200e+00
     vertex  1.200000e+02 -1.075000e+02  1.516200e+00
   endloop
 endfacet
 facet normal  0.000000e+00  0.000000e+00  1.000000e+00
   outer loop
     vertex  1.218022e+02 -1.013062e+02  1.516200e+00
     vertex  1.200000e+02 -1.075000e+02  1.516200e+00
     vertex  1.218195e+02 -1.013764e+02  1.516200e+00
   endloop
 endfacet
 facet normal  0.000000e+00  0.000000e+00  1.000000e+00
   outer loop
     vertex  1.221000e+02 -1.015700e+02  1.516200e+00
     vertex  1.220282e+02 -1.015613e+02  1.516200e+00
     vertex  1.200000e+02 -1.075000e+02  1.516200e+00
   endloop
 endfacet
 facet normal  0.000000e+00  0.000000e+00  1.000000e+00
   outer loop
     vertex  1.218022e+02 -1.012338e+02  1.516200e+00
     vertex  1.200000e+02 -1.075000e+02  1.516200e+00
     vertex  1.218022e+02 -1.013062e+02  1.516200e+00
   endloop
 endfacet
 facet normal  0.000000e+00  0.000000e+00  1.000000e+00
   outer loop
     vertex  1.229000e+02 -1.015700e+02  1.516200e+00
     vertex  1.221000e+02 -1.015700e+02  1.516200e+00
     vertex  1.200000e+02 -1.075000e+02  1.516200e+00
   endloop
 endfacet
 facet normal  0.000000e+00  0.000000e+00  1.000000e+00
   outer loop
     vertex  1.269848e+02 -1.052652e+02  1.516200e+00
     vertex  1.269848e+02 -1.067348e+02  1.516200e+00
     vertex  1.270625e+02 -1.066752e+02  1.516200e+00
   endloop
 endfacet
 facet normal  0.000000e+00  0.000000e+00  1.000000e+00
   outer loop
     vertex  1.269252e+02 -1.051875e+02  1.516200e+00
     vertex  1.269848e+02 -1.067348e+02  1.516200e+00
     vertex  1.269848e+02 -1.052652e+02  1.516200e+00
   endloop
 endfacet
 facet normal  0.000000e+00  0.000000e+00  1.000000e+00
   outer loop
     vertex  1.269252e+02 -1.051875e+02  1.516200e+00
     vertex  1.268878e+02 -1.069029e+02  1.516200e+00
     vertex  1.269252e+02 -1.068125e+02  1.516200e+00
   endloop
 endfacet
 facet normal  0.000000e+00  0.000000e+00  1.000000e+00
   outer loop
     vertex  1.269252e+02 -1.051875e+02  1.516200e+00
     vertex  1.269252e+02 -1.068125e+02  1.516200e+00
     vertex  1.269848e+02 -1.067348e+02  1.516200e+00
   endloop
 endfacet
 facet normal  0.000000e+00  0.000000e+00  1.000000e+00
   outer loop
     vertex  1.270625e+02 -1.053248e+02  1.516200e+00
     vertex  1.270625e+02 -1.066752e+02  1.516200e+00
     vertex  1.271529e+02 -1.066378e+02  1.516200e+00
   endloop
 endfacet
 facet normal  0.000000e+00  0.000000e+00  1.000000e+00
   outer loop
     vertex  1.270625e+02 -1.053248e+02  1.516200e+00
     vertex  1.269848e+02 -1.052652e+02  1.516200e+00
     vertex  1.270625e+02 -1.066752e+02  1.516200e+00
   endloop
 endfacet
 facet normal  0.000000e+00  0.000000e+00  1.000000e+00
   outer loop
     vertex  1.268878e+02 -1.050971e+02  1.516200e+00
     vertex  1.268878e+02 -1.069029e+02  1.516200e+00
     vertex  1.269252e+02 -1.051875e+02  1.516200e+00
   endloop
 endfacet
 facet normal  0.000000e+00  0.000000e+00  1.000000e+00
   outer loop
     vertex  1.268878e+02 -1.050971e+02  1.516200e+00
     vertex  1.200000e+02 -1.075000e+02  1.516200e+00
     vertex  1.268878e+02 -1.069029e+02  1.516200e+00
   endloop
 endfacet
 facet normal  0.000000e+00  0.000000e+00  1.000000e+00
   outer loop
     vertex  1.271529e+02 -1.053622e+02  1.516200e+00
     vertex  1.271529e+02 -1.066378e+02  1.516200e+00
     vertex  1.272500e+02 -1.066250e+02  1.516200e+00
   endloop
 endfacet
 facet normal  0.000000e+00  0.000000e+00  1.000000e+00
   outer loop
     vertex  1.271529e+02 -1.053622e+02  1.516200e+00
     vertex  1.270625e+02 -1.053248e+02  1.516200e+00
     vertex  1.271529e+02 -1.066378e+02  1.516200e+00
   endloop
 endfacet
 facet normal  0.000000e+00  0.000000e+00  1.000000e+00
   outer loop
     vertex  1.268750e+02 -1.050000e+02  1.516200e+00
     vertex  1.229718e+02 -1.015613e+02  1.516200e+00
     vertex  1.229000e+02 -1.015700e+02  1.516200e+00
   endloop
 endfacet
 facet normal  0.000000e+00  0.000000e+00  1.000000e+00
   outer loop
     vertex  1.268750e+02 -1.050000e+02  1.516200e+00
     vertex  1.229000e+02 -1.015700e+02  1.516200e+00
     vertex  1.200000e+02 -1.075000e+02  1.516200e+00
   endloop
 endfacet
 facet normal  0.000000e+00  0.000000e+00  1.000000e+00
   outer loop
     vertex  1.268750e+02 -1.050000e+02  1.516200e+00
     vertex  1.200000e+02 -1.075000e+02  1.516200e+00
     vertex  1.268878e+02 -1.050971e+02  1.516200e+00
   endloop
 endfacet
 facet normal  0.000000e+00  0.000000e+00  1.000000e+00
   outer loop
     vertex  1.272500e+02 -1.053750e+02  1.516200e+00
     vertex  1.271529e+02 -1.053622e+02  1.516200e+00
     vertex  1.272500e+02 -1.066250e+02  1.516200e+00
   endloop
 endfacet
 facet normal  0.000000e+00  0.000000e+00  1.000000e+00
   outer loop
     vertex  1.268878e+02 -1.049029e+02  1.516200e+00
     vertex  1.230394e+02 -1.015356e+02  1.516200e+00
     vertex  1.229718e+02 -1.015613e+02  1.516200e+00
   endloop
 endfacet
 facet normal  0.000000e+00  0.000000e+00  1.000000e+00
   outer loop
     vertex  1.268878e+02 -1.049029e+02  1.516200e+00
     vertex  1.229718e+02 -1.015613e+02  1.516200e+00
     vertex  1.268750e+02 -1.050000e+02  1.516200e+00
   endloop
 endfacet
 facet normal  0.000000e+00  0.000000e+00  1.000000e+00
   outer loop
     vertex  1.273471e+02 -1.053622e+02  1.516200e+00
     vertex  1.272500e+02 -1.053750e+02  1.516200e+00
     vertex  1.272500e+02 -1.066250e+02  1.516200e+00
   endloop
 endfacet
 facet normal  0.000000e+00  0.000000e+00  1.000000e+00
   outer loop
     vertex  1.273471e+02 -1.053622e+02  1.516200e+00
     vertex  1.272500e+02 -1.066250e+02  1.516200e+00
     vertex  1.273471e+02 -1.066378e+02  1.516200e+00
   endloop
 endfacet
 facet normal  0.000000e+00  0.000000e+00  1.000000e+00
   outer loop
     vertex  1.269252e+02 -1.048125e+02  1.516200e+00
     vertex  1.230394e+02 -1.015356e+02  1.516200e+00
     vertex  1.268878e+02 -1.049029e+02  1.516200e+00
   endloop
 endfacet
 facet normal  0.000000e+00  0.000000e+00  1.000000e+00
   outer loop
     vertex  1.274375e+02 -1.053248e+02  1.516200e+00
     vertex  1.273471e+02 -1.066378e+02  1.516200e+00
     vertex  1.274375e+02 -1.066752e+02  1.516200e+00
   endloop
 endfacet
 facet normal  0.000000e+00  0.000000e+00  1.000000e+00
   outer loop
     vertex  1.274375e+02 -1.053248e+02  1.516200e+00
     vertex  1.274375e+02 -1.066752e+02  1.516200e+00
     vertex  1.275152e+02 -1.067348e+02  1.516200e+00
   endloop
 endfacet
 facet normal  0.000000e+00  0.000000e+00  1.000000e+00
   outer loop
     vertex  1.274375e+02 -1.053248e+02  1.516200e+00
     vertex  1.273471e+02 -1.053622e+02  1.516200e+00
     vertex  1.273471e+02 -1.066378e+02  1.516200e+00
   endloop
 endfacet
 facet normal  0.000000e+00  0.000000e+00  1.000000e+00
   outer loop
     vertex  1.308211e+02 -1.086789e+02  1.516200e+00
     vertex  1.273471e+02 -1.073622e+02  1.516200e+00
     vertex  1.272500e+02 -1.073750e+02  1.516200e+00
   endloop
 endfacet
 facet normal  0.000000e+00  0.000000e+00  1.000000e+00
   outer loop
     vertex  1.307337e+02 -1.085650e+02  1.516200e+00
     vertex  1.274375e+02 -1.073248e+02  1.516200e+00
     vertex  1.273471e+02 -1.073622e+02  1.516200e+00
   endloop
 endfacet
 facet normal  0.000000e+00  0.000000e+00  1.000000e+00
   outer loop
     vertex  1.307337e+02 -1.085650e+02  1.516200e+00
     vertex  1.273471e+02 -1.073622e+02  1.516200e+00
     vertex  1.308211e+02 -1.086789e+02  1.516200e+00
   endloop
 endfacet
 facet normal  0.000000e+00  0.000000e+00  1.000000e+00
   outer loop
     vertex  1.309350e+02 -1.087663e+02  1.516200e+00
     vertex  1.272500e+02 -1.073750e+02  1.516200e+00
     vertex  1.220000e+02 -1.095000e+02  1.516200e+00
   endloop
 endfacet
 facet normal  0.000000e+00  0.000000e+00  1.000000e+00
   outer loop
     vertex  1.309350e+02 -1.087663e+02  1.516200e+00
     vertex  1.308211e+02 -1.086789e+02  1.516200e+00
     vertex  1.272500e+02 -1.073750e+02  1.516200e+00
   endloop
 endfacet
 facet normal  0.000000e+00  0.000000e+00  1.000000e+00
   outer loop
     vertex  1.306787e+02 -1.084324e+02  1.516200e+00
     vertex  1.275152e+02 -1.072652e+02  1.516200e+00
     vertex  1.274375e+02 -1.073248e+02  1.516200e+00
   endloop
 endfacet
 facet normal  0.000000e+00  0.000000e+00  1.000000e+00
   outer loop
     vertex  1.306787e+02 -1.084324e+02  1.516200e+00
     vertex  1.274375e+02 -1.073248e+02  1.516200e+00
     vertex  1.307337e+02 -1.085650e+02  1.516200e+00
   endloop
 endfacet
 facet normal  0.000000e+00  0.000000e+00  1.000000e+00
   outer loop
     vertex  1.310676e+02 -1.088213e+02  1.516200e+00
     vertex  1.309350e+02 -1.087663e+02  1.516200e+00
     vertex  1.220000e+02 -1.095000e+02  1.516200e+00
   endloop
 endfacet
 facet normal  0.000000e+00  0.000000e+00  1.000000e+00
   outer loop
     vertex  1.275152e+02 -1.052652e+02  1.516200e+00
     vertex  1.274375e+02 -1.053248e+02  1.516200e+00
     vertex  1.275152e+02 -1.067348e+02  1.516200e+00
   endloop
 endfacet
 facet normal  0.000000e+00  0.000000e+00  1.000000e+00
   outer loop
     vertex  1.306600e+02 -1.082900e+02  1.516200e+00
     vertex  1.275748e+02 -1.071875e+02  1.516200e+00
     vertex  1.275152e+02 -1.072652e+02  1.516200e+00
   endloop
 endfacet
 facet normal  0.000000e+00  0.000000e+00  1.000000e+00
   outer loop
     vertex  1.306600e+02 -1.082900e+02  1.516200e+00
     vertex  1.275152e+02 -1.072652e+02  1.516200e+00
     vertex  1.306787e+02 -1.084324e+02  1.516200e+00
   endloop
 endfacet
 facet normal  0.000000e+00  0.000000e+00  1.000000e+00
   outer loop
     vertex  1.312100e+02 -1.088400e+02  1.516200e+00
     vertex  1.310676e+02 -1.088213e+02  1.516200e+00
     vertex  1.220000e+02 -1.095000e+02  1.516200e+00
   endloop
 endfacet
 facet normal  0.000000e+00  0.000000e+00  1.000000e+00
   outer loop
     vertex  1.275748e+02 -1.051875e+02  1.516200e+00
     vertex  1.275152e+02 -1.052652e+02  1.516200e+00
     vertex  1.275152e+02 -1.067348e+02  1.516200e+00
   endloop
 endfacet
 facet normal  0.000000e+00  0.000000e+00  1.000000e+00
   outer loop
     vertex  1.275748e+02 -1.051875e+02  1.516200e+00
     vertex  1.275152e+02 -1.067348e+02  1.516200e+00
     vertex  1.275748e+02 -1.068125e+02  1.516200e+00
   endloop
 endfacet
 facet normal  0.000000e+00  0.000000e+00  1.000000e+00
   outer loop
     vertex  1.306787e+02 -1.081476e+02  1.516200e+00
     vertex  1.276122e+02 -1.070971e+02  1.516200e+00
     vertex  1.275748e+02 -1.071875e+02  1.516200e+00
   endloop
 endfacet
 facet normal  0.000000e+00  0.000000e+00  1.000000e+00
   outer loop
     vertex  1.306787e+02 -1.081476e+02  1.516200e+00
     vertex  1.275748e+02 -1.071875e+02  1.516200e+00
     vertex  1.306600e+02 -1.082900e+02  1.516200e+00
   endloop
 endfacet
 facet normal  0.000000e+00  0.000000e+00  1.000000e+00
   outer loop
     vertex  1.307337e+02 -1.080150e+02  1.516200e+00
     vertex  1.276122e+02 -1.070971e+02  1.516200e+00
     vertex  1.306787e+02 -1.081476e+02  1.516200e+00
   endloop
 endfacet
 facet normal  0.000000e+00  0.000000e+00  1.000000e+00
   outer loop
     vertex  1.307337e+02 -1.080150e+02  1.516200e+00
     vertex  1.276250e+02 -1.070000e+02  1.516200e+00
     vertex  1.276122e+02 -1.070971e+02  1.516200e+00
   endloop
 endfacet
 facet normal  0.000000e+00  0.000000e+00  1.000000e+00
   outer loop
     vertex  1.259311e+02 -1.014946e+02  1.516200e+00
     vertex  1.230989e+02 -1.014946e+02  1.516200e+00
     vertex  1.230394e+02 -1.015356e+02  1.516200e+00
   endloop
 endfacet
 facet normal  0.000000e+00  0.000000e+00  1.000000e+00
   outer loop
     vertex  1.258831e+02 -1.014404e+02  1.516200e+00
     vertex  1.230989e+02 -1.014946e+02  1.516200e+00
     vertex  1.259311e+02 -1.014946e+02  1.516200e+00
   endloop
 endfacet
 facet normal  0.000000e+00  0.000000e+00  1.000000e+00
   outer loop
     vertex  1.258831e+02 -1.014404e+02  1.516200e+00
     vertex  1.231469e+02 -1.014404e+02  1.516200e+00
     vertex  1.230989e+02 -1.014946e+02  1.516200e+00
   endloop
 endfacet
 facet normal  0.000000e+00  0.000000e+00  1.000000e+00
   outer loop
     vertex  1.259906e+02 -1.015356e+02  1.516200e+00
     vertex  1.230394e+02 -1.015356e+02  1.516200e+00
     vertex  1.269252e+02 -1.048125e+02  1.516200e+00
   endloop
 endfacet
 facet normal  0.000000e+00  0.000000e+00  1.000000e+00
   outer loop
     vertex  1.259906e+02 -1.015356e+02  1.516200e+00
     vertex  1.259311e+02 -1.014946e+02  1.516200e+00
     vertex  1.230394e+02 -1.015356e+02  1.516200e+00
   endloop
 endfacet
 facet normal  0.000000e+00  0.000000e+00  1.000000e+00
   outer loop
     vertex  1.258495e+02 -1.013764e+02  1.516200e+00
     vertex  1.231469e+02 -1.014404e+02  1.516200e+00
     vertex  1.258831e+02 -1.014404e+02  1.516200e+00
   endloop
 endfacet
 facet normal  0.000000e+00  0.000000e+00  1.000000e+00
   outer loop
     vertex  1.258495e+02 -1.013764e+02  1.516200e+00
     vertex  1.231805e+02 -1.013764e+02  1.516200e+00
     vertex  1.231469e+02 -1.014404e+02  1.516200e+00
   endloop
 endfacet
 facet normal  0.000000e+00  0.000000e+00  1.000000e+00
   outer loop
     vertex  1.260582e+02 -1.015613e+02  1.516200e+00
     vertex  1.259906e+02 -1.015356e+02  1.516200e+00
     vertex  1.269252e+02 -1.048125e+02  1.516200e+00
   endloop
 endfacet
 facet normal  0.000000e+00  0.000000e+00  1.000000e+00
   outer loop
     vertex  1.260582e+02 -1.015613e+02  1.516200e+00
     vertex  1.269252e+02 -1.048125e+02  1.516200e+00
     vertex  1.269848e+02 -1.047348e+02  1.516200e+00
   endloop
 endfacet
 facet normal  0.000000e+00  0.000000e+00  1.000000e+00
   outer loop
     vertex  1.258322e+02 -1.013062e+02  1.516200e+00
     vertex  1.231805e+02 -1.013764e+02  1.516200e+00
     vertex  1.258495e+02 -1.013764e+02  1.516200e+00
   endloop
 endfacet
 facet normal  0.000000e+00  0.000000e+00  1.000000e+00
   outer loop
     vertex  1.258322e+02 -1.013062e+02  1.516200e+00
     vertex  1.231978e+02 -1.012338e+02  1.516200e+00
     vertex  1.231978e+02 -1.013062e+02  1.516200e+00
   endloop
 endfacet
 facet normal  0.000000e+00  0.000000e+00  1.000000e+00
   outer loop
     vertex  1.258322e+02 -1.013062e+02  1.516200e+00
     vertex  1.231978e+02 -1.013062e+02  1.516200e+00
     vertex  1.231805e+02 -1.013764e+02  1.516200e+00
   endloop
 endfacet
 facet normal  0.000000e+00  0.000000e+00  1.000000e+00
   outer loop
     vertex  1.261300e+02 -1.015700e+02  1.516200e+00
     vertex  1.269848e+02 -1.047348e+02  1.516200e+00
     vertex  1.270625e+02 -1.046752e+02  1.516200e+00
   endloop
 endfacet
 facet normal  0.000000e+00  0.000000e+00  1.000000e+00
   outer loop
     vertex  1.261300e+02 -1.015700e+02  1.516200e+00
     vertex  1.270625e+02 -1.046752e+02  1.516200e+00
     vertex  1.271529e+02 -1.046378e+02  1.516200e+00
   endloop
 endfacet
 facet normal  0.000000e+00  0.000000e+00  1.000000e+00
   outer loop
     vertex  1.261300e+02 -1.015700e+02  1.516200e+00
     vertex  1.260582e+02 -1.015613e+02  1.516200e+00
     vertex  1.269848e+02 -1.047348e+02  1.516200e+00
   endloop
 endfacet
 facet normal  0.000000e+00  0.000000e+00  1.000000e+00
   outer loop
     vertex  1.258322e+02 -1.012338e+02  1.516200e+00
     vertex  1.231978e+02 -1.012338e+02  1.516200e+00
     vertex  1.258322e+02 -1.013062e+02  1.516200e+00
   endloop
 endfacet
 facet normal  0.000000e+00  0.000000e+00  1.000000e+00
   outer loop
     vertex  1.308211e+02 -1.061389e+02  1.516200e+00
     vertex  1.308211e+02 -1.079011e+02  1.516200e+00
     vertex  1.309350e+02 -1.078137e+02  1.516200e+00
   endloop
 endfacet
 facet normal  0.000000e+00  0.000000e+00  1.000000e+00
   outer loop
     vertex  1.333611e+02 -1.086789e+02  1.516200e+00
     vertex  1.315989e+02 -1.086789e+02  1.516200e+00
     vertex  1.314850e+02 -1.087663e+02  1.516200e+00
   endloop
 endfacet
 facet normal  0.000000e+00  0.000000e+00  1.000000e+00
   outer loop
     vertex  1.258495e+02 -1.011636e+02  1.516200e+00
     vertex  1.231978e+02 -1.012338e+02  1.516200e+00
     vertex  1.258322e+02 -1.012338e+02  1.516200e+00
   endloop
 endfacet
 facet normal  0.000000e+00  0.000000e+00  1.000000e+00
   outer loop
     vertex  1.258495e+02 -1.011636e+02  1.516200e+00
     vertex  1.231805e+02 -1.011636e+02  1.516200e+00
     vertex  1.231978e+02 -1.012338e+02  1.516200e+00
   endloop
 endfacet
 facet normal  0.000000e+00  0.000000e+00  1.000000e+00
   outer loop
     vertex  1.307337e+02 -1.060250e+02  1.516200e+00
     vertex  1.276122e+02 -1.069029e+02  1.516200e+00
     vertex  1.276250e+02 -1.070000e+02  1.516200e+00
   endloop
 endfacet
 facet normal  0.000000e+00  0.000000e+00  1.000000e+00
   outer loop
     vertex  1.307337e+02 -1.060250e+02  1.516200e+00
     vertex  1.307337e+02 -1.080150e+02  1.516200e+00
     vertex  1.308211e+02 -1.079011e+02  1.516200e+00
   endloop
 endfacet
 facet normal  0.000000e+00  0.000000e+00  1.000000e+00
   outer loop
     vertex  1.307337e+02 -1.060250e+02  1.516200e+00
     vertex  1.276250e+02 -1.070000e+02  1.516200e+00
     vertex  1.307337e+02 -1.080150e+02  1.516200e+00
   endloop
 endfacet
 facet normal  0.000000e+00  0.000000e+00  1.000000e+00
   outer loop
     vertex  1.307337e+02 -1.060250e+02  1.516200e+00
     vertex  1.308211e+02 -1.079011e+02  1.516200e+00
     vertex  1.308211e+02 -1.061389e+02  1.516200e+00
   endloop
 endfacet
 facet normal  0.000000e+00  0.000000e+00  1.000000e+00
   outer loop
     vertex  1.309350e+02 -1.062263e+02  1.516200e+00
     vertex  1.308211e+02 -1.061389e+02  1.516200e+00
     vertex  1.309350e+02 -1.078137e+02  1.516200e+00
   endloop
 endfacet
 facet normal  0.000000e+00  0.000000e+00  1.000000e+00
   outer loop
     vertex  1.309350e+02 -1.062263e+02  1.516200e+00
     vertex  1.309350e+02 -1.078137e+02  1.516200e+00
     vertex  1.310676e+02 -1.077587e+02  1.516200e+00
   endloop
 endfacet
 facet normal  0.000000e+00  0.000000e+00  1.000000e+00
   outer loop
     vertex  1.334750e+02 -1.087663e+02  1.516200e+00
     vertex  1.333611e+02 -1.086789e+02  1.516200e+00
     vertex  1.314850e+02 -1.087663e+02  1.516200e+00
   endloop
 endfacet
 facet normal  0.000000e+00  0.000000e+00  1.000000e+00
   outer loop
     vertex  1.334750e+02 -1.087663e+02  1.516200e+00
     vertex  1.314850e+02 -1.087663e+02  1.516200e+00
     vertex  1.313524e+02 -1.088213e+02  1.516200e+00
   endloop
 endfacet
 facet normal  0.000000e+00  0.000000e+00  1.000000e+00
   outer loop
     vertex  1.332737e+02 -1.085650e+02  1.516200e+00
     vertex  1.315989e+02 -1.086789e+02  1.516200e+00
     vertex  1.333611e+02 -1.086789e+02  1.516200e+00
   endloop
 endfacet
 facet normal  0.000000e+00  0.000000e+00  1.000000e+00
   outer loop
     vertex  1.332737e+02 -1.085650e+02  1.516200e+00
     vertex  1.316863e+02 -1.085650e+02  1.516200e+00
     vertex  1.315989e+02 -1.086789e+02  1.516200e+00
   endloop
 endfacet
 facet normal  0.000000e+00  0.000000e+00  1.000000e+00
   outer loop
     vertex  1.306787e+02 -1.058924e+02  1.516200e+00
     vertex  1.275748e+02 -1.068125e+02  1.516200e+00
     vertex  1.276122e+02 -1.069029e+02  1.516200e+00
   endloop
 endfacet
 facet normal  0.000000e+00  0.000000e+00  1.000000e+00
   outer loop
     vertex  1.306787e+02 -1.058924e+02  1.516200e+00
     vertex  1.276122e+02 -1.069029e+02  1.516200e+00
     vertex  1.307337e+02 -1.060250e+02  1.516200e+00
   endloop
 endfacet
 facet normal  0.000000e+00  0.000000e+00  1.000000e+00
   outer loop
     vertex  1.336076e+02 -1.088213e+02  1.516200e+00
     vertex  1.334750e+02 -1.087663e+02  1.516200e+00
     vertex  1.313524e+02 -1.088213e+02  1.516200e+00
   endloop
 endfacet
 facet normal  0.000000e+00  0.000000e+00  1.000000e+00
   outer loop
     vertex  1.336076e+02 -1.088213e+02  1.516200e+00
     vertex  1.313524e+02 -1.088213e+02  1.516200e+00
     vertex  1.312100e+02 -1.088400e+02  1.516200e+00
   endloop
 endfacet
 facet normal  0.000000e+00  0.000000e+00  1.000000e+00
   outer loop
     vertex  1.310676e+02 -1.062813e+02  1.516200e+00
     vertex  1.309350e+02 -1.062263e+02  1.516200e+00
     vertex  1.310676e+02 -1.077587e+02  1.516200e+00
   endloop
 endfacet
 facet normal  0.000000e+00  0.000000e+00  1.000000e+00
   outer loop
     vertex  1.310676e+02 -1.062813e+02  1.516200e+00
     vertex  1.310676e+02 -1.077587e+02  1.516200e+00
     vertex  1.312100e+02 -1.077400e+02  1.516200e+00
   endloop
 endfacet
 facet normal  0.000000e+00  0.000000e+00  1.000000e+00
   outer loop
     vertex  1.332187e+02 -1.084324e+02  1.516200e+00
     vertex  1.316863e+02 -1.085650e+02  1.516200e+00
     vertex  1.332737e+02 -1.085650e+02  1.516200e+00
   endloop
 endfacet
 facet normal  0.000000e+00  0.000000e+00  1.000000e+00
   outer loop
     vertex  1.332187e+02 -1.084324e+02  1.516200e+00
     vertex  1.317413e+02 -1.084324e+02  1.516200e+00
     vertex  1.316863e+02 -1.085650e+02  1.516200e+00
   endloop
 endfacet
 facet normal  0.000000e+00  0.000000e+00  1.000000e+00
   outer loop
     vertex  1.306600e+02 -1.057500e+02  1.516200e+00
     vertex  1.275748e+02 -1.068125e+02  1.516200e+00
     vertex  1.306787e+02 -1.058924e+02  1.516200e+00
   endloop
 endfacet
 facet normal  0.000000e+00  0.000000e+00  1.000000e+00
   outer loop
     vertex  1.306600e+02 -1.057500e+02  1.516200e+00
     vertex  1.275748e+02 -1.051875e+02  1.516200e+00
     vertex  1.275748e+02 -1.068125e+02  1.516200e+00
   endloop
 endfacet
 facet normal  0.000000e+00  0.000000e+00  1.000000e+00
   outer loop
     vertex  1.306600e+02 -1.057500e+02  1.516200e+00
     vertex  1.276122e+02 -1.050971e+02  1.516200e+00
     vertex  1.275748e+02 -1.051875e+02  1.516200e+00
   endloop
 endfacet
 facet normal  0.000000e+00  0.000000e+00  1.000000e+00
   outer loop
     vertex  1.337500e+02 -1.088400e+02  1.516200e+00
     vertex  1.312100e+02 -1.088400e+02  1.516200e+00
     vertex  1.220000e+02 -1.095000e+02  1.516200e+00
   endloop
 endfacet
 facet normal  0.000000e+00  0.000000e+00  1.000000e+00
   outer loop
     vertex  1.337500e+02 -1.088400e+02  1.516200e+00
     vertex  1.336076e+02 -1.088213e+02  1.516200e+00
     vertex  1.312100e+02 -1.088400e+02  1.516200e+00
   endloop
 endfacet
 facet normal  0.000000e+00  0.000000e+00  1.000000e+00
   outer loop
     vertex  1.332000e+02 -1.082900e+02  1.516200e+00
     vertex  1.317600e+02 -1.082900e+02  1.516200e+00
     vertex  1.317413e+02 -1.084324e+02  1.516200e+00
   endloop
 endfacet
 facet normal  0.000000e+00  0.000000e+00  1.000000e+00
   outer loop
     vertex  1.332000e+02 -1.082900e+02  1.516200e+00
     vertex  1.317413e+02 -1.084324e+02  1.516200e+00
     vertex  1.332187e+02 -1.084324e+02  1.516200e+00
   endloop
 endfacet
 facet normal  0.000000e+00  0.000000e+00  1.000000e+00
   outer loop
     vertex  1.312100e+02 -1.063000e+02  1.516200e+00
     vertex  1.310676e+02 -1.062813e+02  1.516200e+00
     vertex  1.312100e+02 -1.077400e+02  1.516200e+00
   endloop
 endfacet
 facet normal  0.000000e+00  0.000000e+00  1.000000e+00
   outer loop
     vertex  1.306787e+02 -1.056076e+02  1.516200e+00
     vertex  1.276122e+02 -1.050971e+02  1.516200e+00
     vertex  1.306600e+02 -1.057500e+02  1.516200e+00
   endloop
 endfacet
 facet normal  0.000000e+00  0.000000e+00  1.000000e+00
   outer loop
     vertex  1.306787e+02 -1.056076e+02  1.516200e+00
     vertex  1.276250e+02 -1.050000e+02  1.516200e+00
     vertex  1.276122e+02 -1.050971e+02  1.516200e+00
   endloop
 endfacet
 facet normal  0.000000e+00  0.000000e+00  1.000000e+00
   outer loop
     vertex  1.332187e+02 -1.081476e+02  1.516200e+00
     vertex  1.317413e+02 -1.081476e+02  1.516200e+00
     vertex  1.317600e+02 -1.082900e+02  1.516200e+00
   endloop
 endfacet
 facet normal  0.000000e+00  0.000000e+00  1.000000e+00
   outer loop
     vertex  1.332187e+02 -1.081476e+02  1.516200e+00
     vertex  1.317600e+02 -1.082900e+02  1.516200e+00
     vertex  1.332000e+02 -1.082900e+02  1.516200e+00
   endloop
 endfacet
 facet normal  0.000000e+00  0.000000e+00  1.000000e+00
   outer loop
     vertex  1.313524e+02 -1.062813e+02  1.516200e+00
     vertex  1.312100e+02 -1.077400e+02  1.516200e+00
     vertex  1.313524e+02 -1.077587e+02  1.516200e+00
   endloop
 endfacet
 facet normal  0.000000e+00  0.000000e+00  1.000000e+00
   outer loop
     vertex  1.313524e+02 -1.062813e+02  1.516200e+00
     vertex  1.313524e+02 -1.077587e+02  1.516200e+00
     vertex  1.314850e+02 -1.078137e+02  1.516200e+00
   endloop
 endfacet
 facet normal  0.000000e+00  0.000000e+00  1.000000e+00
   outer loop
     vertex  1.313524e+02 -1.062813e+02  1.516200e+00
     vertex  1.312100e+02 -1.063000e+02  1.516200e+00
     vertex  1.312100e+02 -1.077400e+02  1.516200e+00
   endloop
 endfacet
 facet normal  0.000000e+00  0.000000e+00  1.000000e+00
   outer loop
     vertex  1.307337e+02 -1.054750e+02  1.516200e+00
     vertex  1.276250e+02 -1.050000e+02  1.516200e+00
     vertex  1.306787e+02 -1.056076e+02  1.516200e+00
   endloop
 endfacet
 facet normal  0.000000e+00  0.000000e+00  1.000000e+00
   outer loop
     vertex  1.307337e+02 -1.054750e+02  1.516200e+00
     vertex  1.276122e+02 -1.049029e+02  1.516200e+00
     vertex  1.276250e+02 -1.050000e+02  1.516200e+00
   endloop
 endfacet
 facet normal  0.000000e+00  0.000000e+00  1.000000e+00
   outer loop
     vertex  1.332737e+02 -1.080150e+02  1.516200e+00
     vertex  1.316863e+02 -1.080150e+02  1.516200e+00
     vertex  1.317413e+02 -1.081476e+02  1.516200e+00
   endloop
 endfacet
 facet normal  0.000000e+00  0.000000e+00  1.000000e+00
   outer loop
     vertex  1.332737e+02 -1.080150e+02  1.516200e+00
     vertex  1.317413e+02 -1.081476e+02  1.516200e+00
     vertex  1.332187e+02 -1.081476e+02  1.516200e+00
   endloop
 endfacet
 facet normal  0.000000e+00  0.000000e+00  1.000000e+00
   outer loop
     vertex  1.314850e+02 -1.062263e+02  1.516200e+00
     vertex  1.313524e+02 -1.062813e+02  1.516200e+00
     vertex  1.314850e+02 -1.078137e+02  1.516200e+00
   endloop
 endfacet
 facet normal  0.000000e+00  0.000000e+00  1.000000e+00
   outer loop
     vertex  1.308211e+02 -1.053611e+02  1.516200e+00
     vertex  1.276122e+02 -1.049029e+02  1.516200e+00
     vertex  1.307337e+02 -1.054750e+02  1.516200e+00
   endloop
 endfacet
 facet normal  0.000000e+00  0.000000e+00  1.000000e+00
   outer loop
     vertex  1.308211e+02 -1.053611e+02  1.516200e+00
     vertex  1.275748e+02 -1.048125e+02  1.516200e+00
     vertex  1.276122e+02 -1.049029e+02  1.516200e+00
   endloop
 endfacet
 facet normal  0.000000e+00  0.000000e+00  1.000000e+00
   outer loop
     vertex  1.315989e+02 -1.061389e+02  1.516200e+00
     vertex  1.314850e+02 -1.062263e+02  1.516200e+00
     vertex  1.314850e+02 -1.078137e+02  1.516200e+00
   endloop
 endfacet
 facet normal  0.000000e+00  0.000000e+00  1.000000e+00
   outer loop
     vertex  1.315989e+02 -1.061389e+02  1.516200e+00
     vertex  1.314850e+02 -1.078137e+02  1.516200e+00
     vertex  1.315989e+02 -1.079011e+02  1.516200e+00
   endloop
 endfacet
 facet normal  0.000000e+00  0.000000e+00  1.000000e+00
   outer loop
     vertex  1.333611e+02 -1.079011e+02  1.516200e+00
     vertex  1.316863e+02 -1.080150e+02  1.516200e+00
     vertex  1.332737e+02 -1.080150e+02  1.516200e+00
   endloop
 endfacet
 facet normal  0.000000e+00  0.000000e+00  1.000000e+00
   outer loop
     vertex  1.333611e+02 -1.079011e+02  1.516200e+00
     vertex  1.315989e+02 -1.079011e+02  1.516200e+00
     vertex  1.316863e+02 -1.080150e+02  1.516200e+00
   endloop
 endfacet
 facet normal  0.000000e+00  0.000000e+00  1.000000e+00
   outer loop
     vertex  1.272300e+02 -1.015700e+02  1.516200e+00
     vertex  1.261300e+02 -1.015700e+02  1.516200e+00
     vertex  1.271529e+02 -1.046378e+02  1.516200e+00
   endloop
 endfacet
 facet normal  0.000000e+00  0.000000e+00  1.000000e+00
   outer loop
     vertex  1.272300e+02 -1.015700e+02  1.516200e+00
     vertex  1.271529e+02 -1.046378e+02  1.516200e+00
     vertex  1.272500e+02 -1.046250e+02  1.516200e+00
   endloop
 endfacet
 facet normal  0.000000e+00  0.000000e+00  1.000000e+00
   outer loop
     vertex  1.309350e+02 -1.052737e+02  1.516200e+00
     vertex  1.275748e+02 -1.048125e+02  1.516200e+00
     vertex  1.308211e+02 -1.053611e+02  1.516200e+00
   endloop
 endfacet
 facet normal  0.000000e+00  0.000000e+00  1.000000e+00
   outer loop
     vertex  1.309350e+02 -1.052737e+02  1.516200e+00
     vertex  1.275152e+02 -1.047348e+02  1.516200e+00
     vertex  1.275748e+02 -1.048125e+02  1.516200e+00
   endloop
 endfacet
 facet normal  0.000000e+00  0.000000e+00  1.000000e+00
   outer loop
     vertex  1.273076e+02 -1.015598e+02  1.516200e+00
     vertex  1.272300e+02 -1.015700e+02  1.516200e+00
     vertex  1.272500e+02 -1.046250e+02  1.516200e+00
   endloop
 endfacet
 facet normal  0.000000e+00  0.000000e+00  1.000000e+00
   outer loop
     vertex  1.273076e+02 -1.015598e+02  1.516200e+00
     vertex  1.272500e+02 -1.046250e+02  1.516200e+00
     vertex  1.273471e+02 -1.046378e+02  1.516200e+00
   endloop
 endfacet
 facet normal  0.000000e+00  0.000000e+00  1.000000e+00
   outer loop
     vertex  1.273800e+02 -1.015298e+02  1.516200e+00
     vertex  1.273076e+02 -1.015598e+02  1.516200e+00
     vertex  1.273471e+02 -1.046378e+02  1.516200e+00
   endloop
 endfacet
 facet normal  0.000000e+00  0.000000e+00  1.000000e+00
   outer loop
     vertex  1.273800e+02 -1.015298e+02  1.516200e+00
     vertex  1.273471e+02 -1.046378e+02  1.516200e+00
     vertex  1.274375e+02 -1.046752e+02  1.516200e+00
   endloop
 endfacet
 facet normal  0.000000e+00  0.000000e+00  1.000000e+00
   outer loop
     vertex  1.259502e+02 -1.000698e+02  1.516200e+00
     vertex  1.258831e+02 -1.010996e+02  1.516200e+00
     vertex  1.259311e+02 -1.010454e+02  1.516200e+00
   endloop
 endfacet
 facet normal  0.000000e+00  0.000000e+00  1.000000e+00
   outer loop
     vertex  1.260175e+02 -1.001215e+02  1.516200e+00
     vertex  1.259502e+02 -1.000698e+02  1.516200e+00
     vertex  1.259311e+02 -1.010454e+02  1.516200e+00
   endloop
 endfacet
 facet normal  0.000000e+00  0.000000e+00  1.000000e+00
   outer loop
     vertex  1.260175e+02 -1.001215e+02  1.516200e+00
     vertex  1.259311e+02 -1.010454e+02  1.516200e+00
     vertex  1.259906e+02 -1.010044e+02  1.516200e+00
   endloop
 endfacet
 facet normal  0.000000e+00  0.000000e+00  1.000000e+00
   outer loop
     vertex  1.260175e+02 -1.001215e+02  1.516200e+00
     vertex  1.259906e+02 -1.010044e+02  1.516200e+00
     vertex  1.260582e+02 -1.009787e+02  1.516200e+00
   endloop
 endfacet
 facet normal  0.000000e+00  0.000000e+00  1.000000e+00
   outer loop
     vertex  1.258985e+02 -1.000025e+02  1.516200e+00
     vertex  1.258495e+02 -1.011636e+02  1.516200e+00
     vertex  1.258831e+02 -1.010996e+02  1.516200e+00
   endloop
 endfacet
 facet normal  0.000000e+00  0.000000e+00  1.000000e+00
   outer loop
     vertex  1.258985e+02 -1.000025e+02  1.516200e+00
     vertex  1.258831e+02 -1.010996e+02  1.516200e+00
     vertex  1.259502e+02 -1.000698e+02  1.516200e+00
   endloop
 endfacet
 facet normal  0.000000e+00  0.000000e+00  1.000000e+00
   outer loop
     vertex  1.260959e+02 -1.001539e+02  1.516200e+00
     vertex  1.260582e+02 -1.009787e+02  1.516200e+00
     vertex  1.261300e+02 -1.009700e+02  1.516200e+00
   endloop
 endfacet
 facet normal  0.000000e+00  0.000000e+00  1.000000e+00
   outer loop
     vertex  1.260959e+02 -1.001539e+02  1.516200e+00
     vertex  1.260175e+02 -1.001215e+02  1.516200e+00
     vertex  1.260582e+02 -1.009787e+02  1.516200e+00
   endloop
 endfacet
 facet normal  0.000000e+00  0.000000e+00  1.000000e+00
   outer loop
     vertex  1.258661e+02 -9.992412e+01  1.516200e+00
     vertex  1.258495e+02 -1.011636e+02  1.516200e+00
     vertex  1.258985e+02 -1.000025e+02  1.516200e+00
   endloop
 endfacet
 facet normal  0.000000e+00  0.000000e+00  1.000000e+00
   outer loop
     vertex  1.258661e+02 -9.992412e+01  1.516200e+00
     vertex  1.231805e+02 -1.011636e+02  1.516200e+00
     vertex  1.258495e+02 -1.011636e+02  1.516200e+00
   endloop
 endfacet
 facet normal  0.000000e+00  0.000000e+00  1.000000e+00
   outer loop
     vertex  1.258661e+02 -9.992412e+01  1.516200e+00
     vertex  1.231469e+02 -1.010996e+02  1.516200e+00
     vertex  1.231805e+02 -1.011636e+02  1.516200e+00
   endloop
 endfacet
 facet normal  0.000000e+00  0.000000e+00  1.000000e+00
   outer loop
     vertex  1.274421e+02 -1.014821e+02  1.516200e+00
     vertex  1.275152e+02 -1.047348e+02  1.516200e+00
     vertex  1.309350e+02 -1.052737e+02  1.516200e+00
   endloop
 endfacet
 facet normal  0.000000e+00  0.000000e+00  1.000000e+00
   outer loop
     vertex  1.274421e+02 -1.014821e+02  1.516200e+00
     vertex  1.273800e+02 -1.015298e+02  1.516200e+00
     vertex  1.274375e+02 -1.046752e+02  1.516200e+00
   endloop
 endfacet
 facet normal  0.000000e+00  0.000000e+00  1.000000e+00
   outer loop
     vertex  1.274421e+02 -1.014821e+02  1.516200e+00
     vertex  1.274375e+02 -1.046752e+02  1.516200e+00
     vertex  1.275152e+02 -1.047348e+02  1.516200e+00
   endloop
 endfacet
 facet normal  0.000000e+00  0.000000e+00  1.000000e+00
   outer loop
     vertex  1.261800e+02 -1.001650e+02  1.516200e+00
     vertex  1.260959e+02 -1.001539e+02  1.516200e+00
     vertex  1.261300e+02 -1.009700e+02  1.516200e+00
   endloop
 endfacet
 facet normal  0.000000e+00  0.000000e+00  1.000000e+00
   outer loop
     vertex  1.258550e+02 -9.984000e+01  1.516200e+00
     vertex  1.231469e+02 -1.010996e+02  1.516200e+00
     vertex  1.258661e+02 -9.992412e+01  1.516200e+00
   endloop
 endfacet
 facet normal  0.000000e+00  0.000000e+00  1.000000e+00
   outer loop
     vertex  1.258550e+02 -9.984000e+01  1.516200e+00
     vertex  1.230989e+02 -1.010454e+02  1.516200e+00
     vertex  1.231469e+02 -1.010996e+02  1.516200e+00
   endloop
 endfacet
 facet normal  0.000000e+00  0.000000e+00  1.000000e+00
   outer loop
     vertex  1.274898e+02 -1.014200e+02  1.516200e+00
     vertex  1.309350e+02 -1.052737e+02  1.516200e+00
     vertex  1.310676e+02 -1.052187e+02  1.516200e+00
   endloop
 endfacet
 facet normal  0.000000e+00  0.000000e+00  1.000000e+00
   outer loop
     vertex  1.274898e+02 -1.014200e+02  1.516200e+00
     vertex  1.274421e+02 -1.014821e+02  1.516200e+00
     vertex  1.309350e+02 -1.052737e+02  1.516200e+00
   endloop
 endfacet
 facet normal  0.000000e+00  0.000000e+00  1.000000e+00
   outer loop
     vertex  1.258661e+02 -9.975588e+01  1.516200e+00
     vertex  1.230989e+02 -1.010454e+02  1.516200e+00
     vertex  1.258550e+02 -9.984000e+01  1.516200e+00
   endloop
 endfacet
 facet normal  0.000000e+00  0.000000e+00  1.000000e+00
   outer loop
     vertex  1.258661e+02 -9.975588e+01  1.516200e+00
     vertex  1.229718e+02 -1.009787e+02  1.516200e+00
     vertex  1.230394e+02 -1.010044e+02  1.516200e+00
   endloop
 endfacet
 facet normal  0.000000e+00  0.000000e+00  1.000000e+00
   outer loop
     vertex  1.258661e+02 -9.975588e+01  1.516200e+00
     vertex  1.230394e+02 -1.010044e+02  1.516200e+00
     vertex  1.230989e+02 -1.010454e+02  1.516200e+00
   endloop
 endfacet
 facet normal  0.000000e+00  0.000000e+00  1.000000e+00
   outer loop
     vertex  1.262641e+02 -1.001539e+02  1.516200e+00
     vertex  1.261800e+02 -1.001650e+02  1.516200e+00
     vertex  1.261300e+02 -1.009700e+02  1.516200e+00
   endloop
 endfacet
 facet normal  0.000000e+00  0.000000e+00  1.000000e+00
   outer loop
     vertex  1.275198e+02 -1.013476e+02  1.516200e+00
     vertex  1.310676e+02 -1.052187e+02  1.516200e+00
     vertex  1.312100e+02 -1.052000e+02  1.516200e+00
   endloop
 endfacet
 facet normal  0.000000e+00  0.000000e+00  1.000000e+00
   outer loop
     vertex  1.275198e+02 -1.013476e+02  1.516200e+00
     vertex  1.274898e+02 -1.014200e+02  1.516200e+00
     vertex  1.310676e+02 -1.052187e+02  1.516200e+00
   endloop
 endfacet
 facet normal  0.000000e+00  0.000000e+00  1.000000e+00
   outer loop
     vertex  1.263425e+02 -1.001215e+02  1.516200e+00
     vertex  1.262641e+02 -1.001539e+02  1.516200e+00
     vertex  1.261300e+02 -1.009700e+02  1.516200e+00
   endloop
 endfacet
 facet normal  0.000000e+00  0.000000e+00  1.000000e+00
   outer loop
     vertex  1.258985e+02 -9.967750e+01  1.516200e+00
     vertex  1.229718e+02 -1.009787e+02  1.516200e+00
     vertex  1.258661e+02 -9.975588e+01  1.516200e+00
   endloop
 endfacet
 facet normal  0.000000e+00  0.000000e+00  1.000000e+00
   outer loop
     vertex  1.258985e+02 -9.967750e+01  1.516200e+00
     vertex  1.229000e+02 -1.009700e+02  1.516200e+00
     vertex  1.229718e+02 -1.009787e+02  1.516200e+00
   endloop
 endfacet
 facet normal  0.000000e+00  0.000000e+00  1.000000e+00
   outer loop
     vertex  1.272300e+02 -1.009700e+02  1.516200e+00
     vertex  1.263425e+02 -1.001215e+02  1.516200e+00
     vertex  1.261300e+02 -1.009700e+02  1.516200e+00
   endloop
 endfacet
 facet normal  0.000000e+00  0.000000e+00  1.000000e+00
   outer loop
     vertex  1.275300e+02 -1.012700e+02  1.516200e+00
     vertex  1.312100e+02 -1.052000e+02  1.516200e+00
     vertex  1.313524e+02 -1.052187e+02  1.516200e+00
   endloop
 endfacet
 facet normal  0.000000e+00  0.000000e+00  1.000000e+00
   outer loop
     vertex  1.275300e+02 -1.012700e+02  1.516200e+00
     vertex  1.275198e+02 -1.013476e+02  1.516200e+00
     vertex  1.312100e+02 -1.052000e+02  1.516200e+00
   endloop
 endfacet
 facet normal  0.000000e+00  0.000000e+00  1.000000e+00
   outer loop
     vertex  1.275198e+02 -1.011924e+02  1.516200e+00
     vertex  1.275300e+02 -1.012700e+02  1.516200e+00
     vertex  1.313524e+02 -1.052187e+02  1.516200e+00
   endloop
 endfacet
 facet normal  0.000000e+00  0.000000e+00  1.000000e+00
   outer loop
     vertex  1.259502e+02 -9.961019e+01  1.516200e+00
     vertex  1.229000e+02 -1.009700e+02  1.516200e+00
     vertex  1.258985e+02 -9.967750e+01  1.516200e+00
   endloop
 endfacet
 facet normal  0.000000e+00  0.000000e+00  1.000000e+00
   outer loop
     vertex  1.264098e+02 -1.000698e+02  1.516200e+00
     vertex  1.263425e+02 -1.001215e+02  1.516200e+00
     vertex  1.272300e+02 -1.009700e+02  1.516200e+00
   endloop
 endfacet
 facet normal  0.000000e+00  0.000000e+00  1.000000e+00
   outer loop
     vertex  1.264615e+02 -1.000025e+02  1.516200e+00
     vertex  1.264098e+02 -1.000698e+02  1.516200e+00
     vertex  1.272300e+02 -1.009700e+02  1.516200e+00
   endloop
 endfacet
 facet normal  0.000000e+00  0.000000e+00  1.000000e+00
   outer loop
     vertex  1.264939e+02 -9.992412e+01  1.516200e+00
     vertex  1.264615e+02 -1.000025e+02  1.516200e+00
     vertex  1.272300e+02 -1.009700e+02  1.516200e+00
   endloop
 endfacet
 facet normal  0.000000e+00  0.000000e+00  1.000000e+00
   outer loop
     vertex  1.264939e+02 -9.992412e+01  1.516200e+00
     vertex  1.272300e+02 -1.009700e+02  1.516200e+00
     vertex  1.273076e+02 -1.009802e+02  1.516200e+00
   endloop
 endfacet
 facet normal  0.000000e+00  0.000000e+00  1.000000e+00
   outer loop
     vertex  1.265050e+02 -9.984000e+01  1.516200e+00
     vertex  1.264939e+02 -9.992412e+01  1.516200e+00
     vertex  1.273076e+02 -1.009802e+02  1.516200e+00
   endloop
 endfacet
 facet normal  0.000000e+00  0.000000e+00  1.000000e+00
   outer loop
     vertex  1.265050e+02 -9.984000e+01  1.516200e+00
     vertex  1.273076e+02 -1.009802e+02  1.516200e+00
     vertex  1.273800e+02 -1.010102e+02  1.516200e+00
   endloop
 endfacet
 facet normal  0.000000e+00  0.000000e+00  1.000000e+00
   outer loop
     vertex  1.264939e+02 -9.975588e+01  1.516200e+00
     vertex  1.273800e+02 -1.010102e+02  1.516200e+00
     vertex  1.274421e+02 -1.010579e+02  1.516200e+00
   endloop
 endfacet
 facet normal  0.000000e+00  0.000000e+00  1.000000e+00
   outer loop
     vertex  1.264939e+02 -9.975588e+01  1.516200e+00
     vertex  1.265050e+02 -9.984000e+01  1.516200e+00
     vertex  1.273800e+02 -1.010102e+02  1.516200e+00
   endloop
 endfacet
 facet normal  0.000000e+00  0.000000e+00  1.000000e+00
   outer loop
     vertex  1.264615e+02 -9.967750e+01  1.516200e+00
     vertex  1.264939e+02 -9.975588e+01  1.516200e+00
     vertex  1.274421e+02 -1.010579e+02  1.516200e+00
   endloop
 endfacet
 facet normal  0.000000e+00  0.000000e+00  1.000000e+00
   outer loop
     vertex  1.333611e+02 -1.061389e+02  1.516200e+00
     vertex  1.315989e+02 -1.079011e+02  1.516200e+00
     vertex  1.333611e+02 -1.079011e+02  1.516200e+00
   endloop
 endfacet
 facet normal  0.000000e+00  0.000000e+00  1.000000e+00
   outer loop
     vertex  1.333611e+02 -1.061389e+02  1.516200e+00
     vertex  1.333611e+02 -1.079011e+02  1.516200e+00
     vertex  1.334750e+02 -1.078137e+02  1.516200e+00
   endloop
 endfacet
 facet normal  0.000000e+00  0.000000e+00  1.000000e+00
   outer loop
     vertex  1.333611e+02 -1.061389e+02  1.516200e+00
     vertex  1.315989e+02 -1.061389e+02  1.516200e+00
     vertex  1.315989e+02 -1.079011e+02  1.516200e+00
   endloop
 endfacet
 facet normal  0.000000e+00  0.000000e+00  1.000000e+00
   outer loop
     vertex  1.334750e+02 -1.062263e+02  1.516200e+00
     vertex  1.334750e+02 -1.078137e+02  1.516200e+00
     vertex  1.336076e+02 -1.077587e+02  1.516200e+00
   endloop
 endfacet
 facet normal  0.000000e+00  0.000000e+00  1.000000e+00
   outer loop
     vertex  1.334750e+02 -1.062263e+02  1.516200e+00
     vertex  1.333611e+02 -1.061389e+02  1.516200e+00
     vertex  1.334750e+02 -1.078137e+02  1.516200e+00
   endloop
 endfacet
 facet normal  0.000000e+00  0.000000e+00  1.000000e+00
   outer loop
     vertex  1.332737e+02 -1.060250e+02  1.516200e+00
     vertex  1.316863e+02 -1.060250e+02  1.516200e+00
     vertex  1.315989e+02 -1.061389e+02  1.516200e+00
   endloop
 endfacet
 facet normal  0.000000e+00  0.000000e+00  1.000000e+00
   outer loop
     vertex  1.332737e+02 -1.060250e+02  1.516200e+00
     vertex  1.315989e+02 -1.061389e+02  1.516200e+00
     vertex  1.333611e+02 -1.061389e+02  1.516200e+00
   endloop
 endfacet
 facet normal  0.000000e+00  0.000000e+00  1.000000e+00
   outer loop
     vertex  1.336076e+02 -1.062813e+02  1.516200e+00
     vertex  1.334750e+02 -1.062263e+02  1.516200e+00
     vertex  1.336076e+02 -1.077587e+02  1.516200e+00
   endloop
 endfacet
 facet normal  0.000000e+00  0.000000e+00  1.000000e+00
   outer loop
     vertex  1.332187e+02 -1.058924e+02  1.516200e+00
     vertex  1.317413e+02 -1.058924e+02  1.516200e+00
     vertex  1.316863e+02 -1.060250e+02  1.516200e+00
   endloop
 endfacet
 facet normal  0.000000e+00  0.000000e+00  1.000000e+00
   outer loop
     vertex  1.332187e+02 -1.058924e+02  1.516200e+00
     vertex  1.316863e+02 -1.060250e+02  1.516200e+00
     vertex  1.332737e+02 -1.060250e+02  1.516200e+00
   endloop
 endfacet
 facet normal  0.000000e+00  0.000000e+00  1.000000e+00
   outer loop
     vertex  1.337500e+02 -1.063000e+02  1.516200e+00
     vertex  1.336076e+02 -1.062813e+02  1.516200e+00
     vertex  1.336076e+02 -1.077587e+02  1.516200e+00
   endloop
 endfacet
 facet normal  0.000000e+00  0.000000e+00  1.000000e+00
   outer loop
     vertex  1.337500e+02 -1.063000e+02  1.516200e+00
     vertex  1.336076e+02 -1.077587e+02  1.516200e+00
     vertex  1.337500e+02 -1.077400e+02  1.516200e+00
   endloop
 endfacet
 facet normal  0.000000e+00  0.000000e+00  1.000000e+00
   outer loop
     vertex  1.332000e+02 -1.057500e+02  1.516200e+00
     vertex  1.317600e+02 -1.057500e+02  1.516200e+00
     vertex  1.317413e+02 -1.058924e+02  1.516200e+00
   endloop
 endfacet
 facet normal  0.000000e+00  0.000000e+00  1.000000e+00
   outer loop
     vertex  1.332000e+02 -1.057500e+02  1.516200e+00
     vertex  1.317413e+02 -1.058924e+02  1.516200e+00
     vertex  1.332187e+02 -1.058924e+02  1.516200e+00
   endloop
 endfacet
 facet normal  0.000000e+00  0.000000e+00  1.000000e+00
   outer loop
     vertex  1.338924e+02 -1.062813e+02  1.516200e+00
     vertex  1.337500e+02 -1.077400e+02  1.516200e+00
     vertex  1.338924e+02 -1.077587e+02  1.516200e+00
   endloop
 endfacet
 facet normal  0.000000e+00  0.000000e+00  1.000000e+00
   outer loop
     vertex  1.338924e+02 -1.062813e+02  1.516200e+00
     vertex  1.337500e+02 -1.063000e+02  1.516200e+00
     vertex  1.337500e+02 -1.077400e+02  1.516200e+00
   endloop
 endfacet
 facet normal  0.000000e+00  0.000000e+00  1.000000e+00
   outer loop
     vertex  1.338924e+02 -1.062813e+02  1.516200e+00
     vertex  1.338924e+02 -1.077587e+02  1.516200e+00
     vertex  1.340250e+02 -1.078137e+02  1.516200e+00
   endloop
 endfacet
 facet normal  0.000000e+00  0.000000e+00  1.000000e+00
   outer loop
     vertex  1.332187e+02 -1.056076e+02  1.516200e+00
     vertex  1.317413e+02 -1.056076e+02  1.516200e+00
     vertex  1.317600e+02 -1.057500e+02  1.516200e+00
   endloop
 endfacet
 facet normal  0.000000e+00  0.000000e+00  1.000000e+00
   outer loop
     vertex  1.332187e+02 -1.056076e+02  1.516200e+00
     vertex  1.317600e+02 -1.057500e+02  1.516200e+00
     vertex  1.332000e+02 -1.057500e+02  1.516200e+00
   endloop
 endfacet
 facet normal  0.000000e+00  0.000000e+00  1.000000e+00
   outer loop
     vertex  1.332737e+02 -1.054750e+02  1.516200e+00
     vertex  1.316863e+02 -1.054750e+02  1.516200e+00
     vertex  1.317413e+02 -1.056076e+02  1.516200e+00
   endloop
 endfacet
 facet normal  0.000000e+00  0.000000e+00  1.000000e+00
   outer loop
     vertex  1.332737e+02 -1.054750e+02  1.516200e+00
     vertex  1.317413e+02 -1.056076e+02  1.516200e+00
     vertex  1.332187e+02 -1.056076e+02  1.516200e+00
   endloop
 endfacet
 facet normal  0.000000e+00  0.000000e+00  1.000000e+00
   outer loop
     vertex  1.340250e+02 -1.062263e+02  1.516200e+00
     vertex  1.340250e+02 -1.078137e+02  1.516200e+00
     vertex  1.341389e+02 -1.079011e+02  1.516200e+00
   endloop
 endfacet
 facet normal  0.000000e+00  0.000000e+00  1.000000e+00
   outer loop
     vertex  1.340250e+02 -1.062263e+02  1.516200e+00
     vertex  1.338924e+02 -1.062813e+02  1.516200e+00
     vertex  1.340250e+02 -1.078137e+02  1.516200e+00
   endloop
 endfacet
 facet normal  0.000000e+00  0.000000e+00  1.000000e+00
   outer loop
     vertex  1.341389e+02 -1.061389e+02  1.516200e+00
     vertex  1.340250e+02 -1.062263e+02  1.516200e+00
     vertex  1.341389e+02 -1.079011e+02  1.516200e+00
   endloop
 endfacet
 facet normal  0.000000e+00  0.000000e+00  1.000000e+00
   outer loop
     vertex  1.333611e+02 -1.053611e+02  1.516200e+00
     vertex  1.314850e+02 -1.052737e+02  1.516200e+00
     vertex  1.315989e+02 -1.053611e+02  1.516200e+00
   endloop
 endfacet
 facet normal  0.000000e+00  0.000000e+00  1.000000e+00
   outer loop
     vertex  1.333611e+02 -1.053611e+02  1.516200e+00
     vertex  1.315989e+02 -1.053611e+02  1.516200e+00
     vertex  1.316863e+02 -1.054750e+02  1.516200e+00
   endloop
 endfacet
 facet normal  0.000000e+00  0.000000e+00  1.000000e+00
   outer loop
     vertex  1.333611e+02 -1.053611e+02  1.516200e+00
     vertex  1.316863e+02 -1.054750e+02  1.516200e+00
     vertex  1.332737e+02 -1.054750e+02  1.516200e+00
   endloop
 endfacet
 facet normal  0.000000e+00  0.000000e+00  1.000000e+00
   outer loop
     vertex  1.334750e+02 -1.052737e+02  1.516200e+00
     vertex  1.314850e+02 -1.052737e+02  1.516200e+00
     vertex  1.333611e+02 -1.053611e+02  1.516200e+00
   endloop
 endfacet
 facet normal  0.000000e+00  0.000000e+00  1.000000e+00
   outer loop
     vertex  1.342263e+02 -1.060250e+02  1.516200e+00
     vertex  1.341389e+02 -1.079011e+02  1.516200e+00
     vertex  1.342263e+02 -1.080150e+02  1.516200e+00
   endloop
 endfacet
 facet normal  0.000000e+00  0.000000e+00  1.000000e+00
   outer loop
     vertex  1.342263e+02 -1.060250e+02  1.516200e+00
     vertex  1.341389e+02 -1.061389e+02  1.516200e+00
     vertex  1.341389e+02 -1.079011e+02  1.516200e+00
   endloop
 endfacet
 facet normal  0.000000e+00  0.000000e+00  1.000000e+00
   outer loop
     vertex  1.336076e+02 -1.052187e+02  1.516200e+00
     vertex  1.275198e+02 -1.011924e+02  1.516200e+00
     vertex  1.313524e+02 -1.052187e+02  1.516200e+00
   endloop
 endfacet
 facet normal  0.000000e+00  0.000000e+00  1.000000e+00
   outer loop
     vertex  1.336076e+02 -1.052187e+02  1.516200e+00
     vertex  1.313524e+02 -1.052187e+02  1.516200e+00
     vertex  1.314850e+02 -1.052737e+02  1.516200e+00
   endloop
 endfacet
 facet normal  0.000000e+00  0.000000e+00  1.000000e+00
   outer loop
     vertex  1.336076e+02 -1.052187e+02  1.516200e+00
     vertex  1.314850e+02 -1.052737e+02  1.516200e+00
     vertex  1.334750e+02 -1.052737e+02  1.516200e+00
   endloop
 endfacet
 facet normal  0.000000e+00  0.000000e+00  1.000000e+00
   outer loop
     vertex  1.342813e+02 -1.058924e+02  1.516200e+00
     vertex  1.342263e+02 -1.060250e+02  1.516200e+00
     vertex  1.342263e+02 -1.080150e+02  1.516200e+00
   endloop
 endfacet
 facet normal  0.000000e+00  0.000000e+00  1.000000e+00
   outer loop
     vertex  1.342813e+02 -1.058924e+02  1.516200e+00
     vertex  1.342263e+02 -1.080150e+02  1.516200e+00
     vertex  1.342813e+02 -1.081476e+02  1.516200e+00
   endloop
 endfacet
 facet normal  0.000000e+00  0.000000e+00  1.000000e+00
   outer loop
     vertex  1.337500e+02 -1.052000e+02  1.516200e+00
     vertex  1.274898e+02 -1.011200e+02  1.516200e+00
     vertex  1.275198e+02 -1.011924e+02  1.516200e+00
   endloop
 endfacet
 facet normal  0.000000e+00  0.000000e+00  1.000000e+00
   outer loop
     vertex  1.337500e+02 -1.052000e+02  1.516200e+00
     vertex  1.275198e+02 -1.011924e+02  1.516200e+00
     vertex  1.336076e+02 -1.052187e+02  1.516200e+00
   endloop
 endfacet
 facet normal  0.000000e+00  0.000000e+00  1.000000e+00
   outer loop
     vertex  1.218879e+02 -9.284213e+01  1.516200e+00
     vertex  1.218531e+02 -1.010996e+02  1.516200e+00
     vertex  1.219011e+02 -1.010454e+02  1.516200e+00
   endloop
 endfacet
 facet normal  0.000000e+00  0.000000e+00  1.000000e+00
   outer loop
     vertex  1.219500e+02 -9.288981e+01  1.516200e+00
     vertex  1.218879e+02 -9.284213e+01  1.516200e+00
     vertex  1.219011e+02 -1.010454e+02  1.516200e+00
   endloop
 endfacet
 facet normal  0.000000e+00  0.000000e+00  1.000000e+00
   outer loop
     vertex  1.219500e+02 -9.288981e+01  1.516200e+00
     vertex  1.219011e+02 -1.010454e+02  1.516200e+00
     vertex  1.219606e+02 -1.010044e+02  1.516200e+00
   endloop
 endfacet
 facet normal  0.000000e+00  0.000000e+00  1.000000e+00
   outer loop
     vertex  1.218402e+02 -9.278000e+01  1.516200e+00
     vertex  1.218531e+02 -1.010996e+02  1.516200e+00
     vertex  1.218879e+02 -9.284213e+01  1.516200e+00
   endloop
 endfacet
 facet normal  0.000000e+00  0.000000e+00  1.000000e+00
   outer loop
     vertex  1.218402e+02 -9.278000e+01  1.516200e+00
     vertex  1.218195e+02 -1.011636e+02  1.516200e+00
     vertex  1.218531e+02 -1.010996e+02  1.516200e+00
   endloop
 endfacet
 facet normal  0.000000e+00  0.000000e+00  1.000000e+00
   outer loop
     vertex  1.220224e+02 -9.291978e+01  1.516200e+00
     vertex  1.219500e+02 -9.288981e+01  1.516200e+00
     vertex  1.219606e+02 -1.010044e+02  1.516200e+00
   endloop
 endfacet
 facet normal  0.000000e+00  0.000000e+00  1.000000e+00
   outer loop
     vertex  1.220224e+02 -9.291978e+01  1.516200e+00
     vertex  1.219606e+02 -1.010044e+02  1.516200e+00
     vertex  1.220282e+02 -1.009787e+02  1.516200e+00
   endloop
 endfacet
 facet normal  0.000000e+00  0.000000e+00  1.000000e+00
   outer loop
     vertex  1.218102e+02 -9.270764e+01  1.516200e+00
     vertex  1.218022e+02 -1.012338e+02  1.516200e+00
     vertex  1.218195e+02 -1.011636e+02  1.516200e+00
   endloop
 endfacet
 facet normal  0.000000e+00  0.000000e+00  1.000000e+00
   outer loop
     vertex  1.218102e+02 -9.270764e+01  1.516200e+00
     vertex  1.218195e+02 -1.011636e+02  1.516200e+00
     vertex  1.218402e+02 -9.278000e+01  1.516200e+00
   endloop
 endfacet
 facet normal  0.000000e+00  0.000000e+00  1.000000e+00
   outer loop
     vertex  1.221000e+02 -9.293000e+01  1.516200e+00
     vertex  1.220282e+02 -1.009787e+02  1.516200e+00
     vertex  1.221000e+02 -1.009700e+02  1.516200e+00
   endloop
 endfacet
 facet normal  0.000000e+00  0.000000e+00  1.000000e+00
   outer loop
     vertex  1.221000e+02 -9.293000e+01  1.516200e+00
     vertex  1.220224e+02 -9.291978e+01  1.516200e+00
     vertex  1.220282e+02 -1.009787e+02  1.516200e+00
   endloop
 endfacet
 facet normal  0.000000e+00  0.000000e+00  1.000000e+00
   outer loop
     vertex  1.229000e+02 -9.293000e+01  1.516200e+00
     vertex  1.221000e+02 -1.009700e+02  1.516200e+00
     vertex  1.229000e+02 -1.009700e+02  1.516200e+00
   endloop
 endfacet
 facet normal  0.000000e+00  0.000000e+00  1.000000e+00
   outer loop
     vertex  1.229000e+02 -9.293000e+01  1.516200e+00
     vertex  1.221000e+02 -9.293000e+01  1.516200e+00
     vertex  1.221000e+02 -1.009700e+02  1.516200e+00
   endloop
 endfacet
 facet normal  0.000000e+00  0.000000e+00  1.000000e+00
   outer loop
     vertex  1.259502e+02 -9.428981e+01  1.516200e+00
     vertex  1.229000e+02 -1.009700e+02  1.516200e+00
     vertex  1.259502e+02 -9.961019e+01  1.516200e+00
   endloop
 endfacet
 facet normal  0.000000e+00  0.000000e+00  1.000000e+00
   outer loop
     vertex  1.259502e+02 -9.428981e+01  1.516200e+00
     vertex  1.229000e+02 -9.293000e+01  1.516200e+00
     vertex  1.229000e+02 -1.009700e+02  1.516200e+00
   endloop
 endfacet
 facet normal  0.000000e+00  0.000000e+00  1.000000e+00
   outer loop
     vertex  1.258985e+02 -9.422250e+01  1.516200e+00
     vertex  1.229000e+02 -9.293000e+01  1.516200e+00
     vertex  1.259502e+02 -9.428981e+01  1.516200e+00
   endloop
 endfacet
 facet normal  0.000000e+00  0.000000e+00  1.000000e+00
   outer loop
     vertex  1.258985e+02 -9.422250e+01  1.516200e+00
     vertex  1.229776e+02 -9.291978e+01  1.516200e+00
     vertex  1.229000e+02 -9.293000e+01  1.516200e+00
   endloop
 endfacet
 facet normal  0.000000e+00  0.000000e+00  1.000000e+00
   outer loop
     vertex  1.260175e+02 -9.434146e+01  1.516200e+00
     vertex  1.259502e+02 -9.428981e+01  1.516200e+00
     vertex  1.259502e+02 -9.961019e+01  1.516200e+00
   endloop
 endfacet
 facet normal  0.000000e+00  0.000000e+00  1.000000e+00
   outer loop
     vertex  1.260175e+02 -9.434146e+01  1.516200e+00
     vertex  1.259502e+02 -9.961019e+01  1.516200e+00
     vertex  1.260175e+02 -9.955854e+01  1.516200e+00
   endloop
 endfacet
 facet normal  0.000000e+00  0.000000e+00  1.000000e+00
   outer loop
     vertex  1.260959e+02 -9.437392e+01  1.516200e+00
     vertex  1.260175e+02 -9.434146e+01  1.516200e+00
     vertex  1.260175e+02 -9.955854e+01  1.516200e+00
   endloop
 endfacet
 facet normal  0.000000e+00  0.000000e+00  1.000000e+00
   outer loop
     vertex  1.260959e+02 -9.437392e+01  1.516200e+00
     vertex  1.260175e+02 -9.955854e+01  1.516200e+00
     vertex  1.260959e+02 -9.952607e+01  1.516200e+00
   endloop
 endfacet
 facet normal  0.000000e+00  0.000000e+00  1.000000e+00
   outer loop
     vertex  1.260959e+02 -9.437392e+01  1.516200e+00
     vertex  1.260959e+02 -9.952607e+01  1.516200e+00
     vertex  1.261800e+02 -9.951500e+01  1.516200e+00
   endloop
 endfacet
 facet normal  0.000000e+00  0.000000e+00  1.000000e+00
   outer loop
     vertex  1.258661e+02 -9.414412e+01  1.516200e+00
     vertex  1.229776e+02 -9.291978e+01  1.516200e+00
     vertex  1.258985e+02 -9.422250e+01  1.516200e+00
   endloop
 endfacet
 facet normal  0.000000e+00  0.000000e+00  1.000000e+00
   outer loop
     vertex  1.258661e+02 -9.414412e+01  1.516200e+00
     vertex  1.230500e+02 -9.288981e+01  1.516200e+00
     vertex  1.229776e+02 -9.291978e+01  1.516200e+00
   endloop
 endfacet
 facet normal  0.000000e+00  0.000000e+00  1.000000e+00
   outer loop
     vertex  1.261800e+02 -9.438500e+01  1.516200e+00
     vertex  1.260959e+02 -9.437392e+01  1.516200e+00
     vertex  1.261800e+02 -9.951500e+01  1.516200e+00
   endloop
 endfacet
 facet normal  0.000000e+00  0.000000e+00  1.000000e+00
   outer loop
     vertex  1.258550e+02 -9.406000e+01  1.516200e+00
     vertex  1.230500e+02 -9.288981e+01  1.516200e+00
     vertex  1.258661e+02 -9.414412e+01  1.516200e+00
   endloop
 endfacet
 facet normal  0.000000e+00  0.000000e+00  1.000000e+00
   outer loop
     vertex  1.258550e+02 -9.406000e+01  1.516200e+00
     vertex  1.231121e+02 -9.284213e+01  1.516200e+00
     vertex  1.230500e+02 -9.288981e+01  1.516200e+00
   endloop
 endfacet
 facet normal  0.000000e+00  0.000000e+00  1.000000e+00
   outer loop
     vertex  1.262641e+02 -9.437392e+01  1.516200e+00
     vertex  1.261800e+02 -9.438500e+01  1.516200e+00
     vertex  1.261800e+02 -9.951500e+01  1.516200e+00
   endloop
 endfacet
 facet normal  0.000000e+00  0.000000e+00  1.000000e+00
   outer loop
     vertex  1.262641e+02 -9.437392e+01  1.516200e+00
     vertex  1.261800e+02 -9.951500e+01  1.516200e+00
     vertex  1.262641e+02 -9.952607e+01  1.516200e+00
   endloop
 endfacet
 facet normal  0.000000e+00  0.000000e+00  1.000000e+00
   outer loop
     vertex  1.258661e+02 -9.397588e+01  1.516200e+00
     vertex  1.231121e+02 -9.284213e+01  1.516200e+00
     vertex  1.258550e+02 -9.406000e+01  1.516200e+00
   endloop
 endfacet
 facet normal  0.000000e+00  0.000000e+00  1.000000e+00
   outer loop
     vertex  1.258661e+02 -9.397588e+01  1.516200e+00
     vertex  1.231598e+02 -9.278000e+01  1.516200e+00
     vertex  1.231121e+02 -9.284213e+01  1.516200e+00
   endloop
 endfacet
 facet normal  0.000000e+00  0.000000e+00  1.000000e+00
   outer loop
     vertex  1.263425e+02 -9.434146e+01  1.516200e+00
     vertex  1.262641e+02 -9.437392e+01  1.516200e+00
     vertex  1.262641e+02 -9.952607e+01  1.516200e+00
   endloop
 endfacet
 facet normal  0.000000e+00  0.000000e+00  1.000000e+00
   outer loop
     vertex  1.263425e+02 -9.434146e+01  1.516200e+00
     vertex  1.262641e+02 -9.952607e+01  1.516200e+00
     vertex  1.263425e+02 -9.955854e+01  1.516200e+00
   endloop
 endfacet
 facet normal  0.000000e+00  0.000000e+00  1.000000e+00
   outer loop
     vertex  1.264098e+02 -9.428981e+01  1.516200e+00
     vertex  1.263425e+02 -9.434146e+01  1.516200e+00
     vertex  1.263425e+02 -9.955854e+01  1.516200e+00
   endloop
 endfacet
 facet normal  0.000000e+00  0.000000e+00  1.000000e+00
   outer loop
     vertex  1.264098e+02 -9.428981e+01  1.516200e+00
     vertex  1.263425e+02 -9.955854e+01  1.516200e+00
     vertex  1.264098e+02 -9.961019e+01  1.516200e+00
   endloop
 endfacet
 facet normal  0.000000e+00  0.000000e+00  1.000000e+00
   outer loop
     vertex  1.264615e+02 -9.422250e+01  1.516200e+00
     vertex  1.264098e+02 -9.428981e+01  1.516200e+00
     vertex  1.264098e+02 -9.961019e+01  1.516200e+00
   endloop
 endfacet
 facet normal  0.000000e+00  0.000000e+00  1.000000e+00
   outer loop
     vertex  1.264615e+02 -9.422250e+01  1.516200e+00
     vertex  1.264098e+02 -9.961019e+01  1.516200e+00
     vertex  1.264615e+02 -9.967750e+01  1.516200e+00
   endloop
 endfacet
 facet normal  0.000000e+00  0.000000e+00  1.000000e+00
   outer loop
     vertex  1.223686e+02 -8.938137e+01  1.516200e+00
     vertex  1.218879e+02 -9.241787e+01  1.516200e+00
     vertex  1.219500e+02 -9.237019e+01  1.516200e+00
   endloop
 endfacet
 facet normal  0.000000e+00  0.000000e+00  1.000000e+00
   outer loop
     vertex  1.223686e+02 -8.938137e+01  1.516200e+00
     vertex  1.219500e+02 -9.237019e+01  1.516200e+00
     vertex  1.220224e+02 -9.234022e+01  1.516200e+00
   endloop
 endfacet
 facet normal  0.000000e+00  0.000000e+00  1.000000e+00
   outer loop
     vertex  1.200000e+02 -8.700000e+01  1.516200e+00
     vertex  1.218102e+02 -9.270764e+01  1.516200e+00
     vertex  1.218000e+02 -9.263000e+01  1.516200e+00
   endloop
 endfacet
 facet normal  0.000000e+00  0.000000e+00  1.000000e+00
   outer loop
     vertex  1.200000e+02 -8.700000e+01  1.516200e+00
     vertex  1.218000e+02 -9.263000e+01  1.516200e+00
     vertex  1.218102e+02 -9.255235e+01  1.516200e+00
   endloop
 endfacet
 facet normal  0.000000e+00  0.000000e+00  1.000000e+00
   outer loop
     vertex  1.200000e+02 -8.700000e+01  1.516200e+00
     vertex  1.218102e+02 -9.255235e+01  1.516200e+00
     vertex  1.218402e+02 -9.248000e+01  1.516200e+00
   endloop
 endfacet
 facet normal  0.000000e+00  0.000000e+00  1.000000e+00
   outer loop
     vertex  1.200000e+02 -8.700000e+01  1.516200e+00
     vertex  1.200000e+02 -1.075000e+02  1.516200e+00
     vertex  1.218022e+02 -1.012338e+02  1.516200e+00
   endloop
 endfacet
 facet normal  0.000000e+00  0.000000e+00  1.000000e+00
   outer loop
     vertex  1.200000e+02 -8.700000e+01  1.516200e+00
     vertex  1.218022e+02 -1.012338e+02  1.516200e+00
     vertex  1.218102e+02 -9.270764e+01  1.516200e+00
   endloop
 endfacet
 facet normal  0.000000e+00  0.000000e+00  1.000000e+00
   outer loop
     vertex  1.221144e+02 -8.905000e+01  1.516200e+00
     vertex  1.218879e+02 -9.241787e+01  1.516200e+00
     vertex  1.223686e+02 -8.938137e+01  1.516200e+00
   endloop
 endfacet
 facet normal  0.000000e+00  0.000000e+00  1.000000e+00
   outer loop
     vertex  1.221144e+02 -8.905000e+01  1.516200e+00
     vertex  1.218402e+02 -9.248000e+01  1.516200e+00
     vertex  1.218879e+02 -9.241787e+01  1.516200e+00
   endloop
 endfacet
 facet normal  0.000000e+00  0.000000e+00  1.000000e+00
   outer loop
     vertex  1.221144e+02 -8.905000e+01  1.516200e+00
     vertex  1.200000e+02 -8.700000e+01  1.516200e+00
     vertex  1.218402e+02 -9.248000e+01  1.516200e+00
   endloop
 endfacet
 facet normal  0.000000e+00  0.000000e+00  1.000000e+00
   outer loop
     vertex  1.227000e+02 -8.963564e+01  1.516200e+00
     vertex  1.220224e+02 -9.234022e+01  1.516200e+00
     vertex  1.221000e+02 -9.233000e+01  1.516200e+00
   endloop
 endfacet
 facet normal  0.000000e+00  0.000000e+00  1.000000e+00
   outer loop
     vertex  1.227000e+02 -8.963564e+01  1.516200e+00
     vertex  1.223686e+02 -8.938137e+01  1.516200e+00
     vertex  1.220224e+02 -9.234022e+01  1.516200e+00
   endloop
 endfacet
 facet normal  0.000000e+00  0.000000e+00  1.000000e+00
   outer loop
     vertex  1.259179e+02 -9.284213e+01  1.516200e+00
     vertex  1.258985e+02 -9.389750e+01  1.516200e+00
     vertex  1.259502e+02 -9.383019e+01  1.516200e+00
   endloop
 endfacet
 facet normal  0.000000e+00  0.000000e+00  1.000000e+00
   outer loop
     vertex  1.259800e+02 -9.288981e+01  1.516200e+00
     vertex  1.259502e+02 -9.383019e+01  1.516200e+00
     vertex  1.260175e+02 -9.377854e+01  1.516200e+00
   endloop
 endfacet
 facet normal  0.000000e+00  0.000000e+00  1.000000e+00
   outer loop
     vertex  1.259800e+02 -9.288981e+01  1.516200e+00
     vertex  1.259179e+02 -9.284213e+01  1.516200e+00
     vertex  1.259502e+02 -9.383019e+01  1.516200e+00
   endloop
 endfacet
 facet normal  0.000000e+00  0.000000e+00  1.000000e+00
   outer loop
     vertex  1.258702e+02 -9.278000e+01  1.516200e+00
     vertex  1.258985e+02 -9.389750e+01  1.516200e+00
     vertex  1.259179e+02 -9.284213e+01  1.516200e+00
   endloop
 endfacet
 facet normal  0.000000e+00  0.000000e+00  1.000000e+00
   outer loop
     vertex  1.258702e+02 -9.278000e+01  1.516200e+00
     vertex  1.231598e+02 -9.278000e+01  1.516200e+00
     vertex  1.258661e+02 -9.397588e+01  1.516200e+00
   endloop
 endfacet
 facet normal  0.000000e+00  0.000000e+00  1.000000e+00
   outer loop
     vertex  1.258702e+02 -9.278000e+01  1.516200e+00
     vertex  1.258661e+02 -9.397588e+01  1.516200e+00
     vertex  1.258985e+02 -9.389750e+01  1.516200e+00
   endloop
 endfacet
 facet normal  0.000000e+00  0.000000e+00  1.000000e+00
   outer loop
     vertex  1.260524e+02 -9.291978e+01  1.516200e+00
     vertex  1.260175e+02 -9.377854e+01  1.516200e+00
     vertex  1.260959e+02 -9.374607e+01  1.516200e+00
   endloop
 endfacet
 facet normal  0.000000e+00  0.000000e+00  1.000000e+00
   outer loop
     vertex  1.260524e+02 -9.291978e+01  1.516200e+00
     vertex  1.259800e+02 -9.288981e+01  1.516200e+00
     vertex  1.260175e+02 -9.377854e+01  1.516200e+00
   endloop
 endfacet
 facet normal  0.000000e+00  0.000000e+00  1.000000e+00
   outer loop
     vertex  1.258402e+02 -9.270764e+01  1.516200e+00
     vertex  1.231598e+02 -9.278000e+01  1.516200e+00
     vertex  1.258702e+02 -9.278000e+01  1.516200e+00
   endloop
 endfacet
 facet normal  0.000000e+00  0.000000e+00  1.000000e+00
   outer loop
     vertex  1.258402e+02 -9.270764e+01  1.516200e+00
     vertex  1.231898e+02 -9.270764e+01  1.516200e+00
     vertex  1.231598e+02 -9.278000e+01  1.516200e+00
   endloop
 endfacet
 facet normal  0.000000e+00  0.000000e+00  1.000000e+00
   outer loop
     vertex  1.261300e+02 -9.293000e+01  1.516200e+00
     vertex  1.260959e+02 -9.374607e+01  1.516200e+00
     vertex  1.261800e+02 -9.373500e+01  1.516200e+00
   endloop
 endfacet
 facet normal  0.000000e+00  0.000000e+00  1.000000e+00
   outer loop
     vertex  1.261300e+02 -9.293000e+01  1.516200e+00
     vertex  1.261800e+02 -9.373500e+01  1.516200e+00
     vertex  1.262641e+02 -9.374607e+01  1.516200e+00
   endloop
 endfacet
 facet normal  0.000000e+00  0.000000e+00  1.000000e+00
   outer loop
     vertex  1.261300e+02 -9.293000e+01  1.516200e+00
     vertex  1.262641e+02 -9.374607e+01  1.516200e+00
     vertex  1.263425e+02 -9.377854e+01  1.516200e+00
   endloop
 endfacet
 facet normal  0.000000e+00  0.000000e+00  1.000000e+00
   outer loop
     vertex  1.261300e+02 -9.293000e+01  1.516200e+00
     vertex  1.260524e+02 -9.291978e+01  1.516200e+00
     vertex  1.260959e+02 -9.374607e+01  1.516200e+00
   endloop
 endfacet
 facet normal  0.000000e+00  0.000000e+00  1.000000e+00
   outer loop
     vertex  1.258300e+02 -9.263000e+01  1.516200e+00
     vertex  1.232000e+02 -9.263000e+01  1.516200e+00
     vertex  1.231898e+02 -9.270764e+01  1.516200e+00
   endloop
 endfacet
 facet normal  0.000000e+00  0.000000e+00  1.000000e+00
   outer loop
     vertex  1.258300e+02 -9.263000e+01  1.516200e+00
     vertex  1.231898e+02 -9.270764e+01  1.516200e+00
     vertex  1.258402e+02 -9.270764e+01  1.516200e+00
   endloop
 endfacet
 facet normal  0.000000e+00  0.000000e+00  1.000000e+00
   outer loop
     vertex  1.258402e+02 -9.255235e+01  1.516200e+00
     vertex  1.232000e+02 -9.263000e+01  1.516200e+00
     vertex  1.258300e+02 -9.263000e+01  1.516200e+00
   endloop
 endfacet
 facet normal  0.000000e+00  0.000000e+00  1.000000e+00
   outer loop
     vertex  1.258402e+02 -9.255235e+01  1.516200e+00
     vertex  1.231898e+02 -9.255235e+01  1.516200e+00
     vertex  1.232000e+02 -9.263000e+01  1.516200e+00
   endloop
 endfacet
 facet normal  0.000000e+00  0.000000e+00  1.000000e+00
   outer loop
     vertex  1.230859e+02 -8.979548e+01  1.516200e+00
     vertex  1.227000e+02 -8.963564e+01  1.516200e+00
     vertex  1.221000e+02 -9.233000e+01  1.516200e+00
   endloop
 endfacet
 facet normal  0.000000e+00  0.000000e+00  1.000000e+00
   outer loop
     vertex  1.230859e+02 -8.979548e+01  1.516200e+00
     vertex  1.221000e+02 -9.233000e+01  1.516200e+00
     vertex  1.229000e+02 -9.233000e+01  1.516200e+00
   endloop
 endfacet
 facet normal  0.000000e+00  0.000000e+00  1.000000e+00
   outer loop
     vertex  1.230859e+02 -8.979548e+01  1.516200e+00
     vertex  1.229000e+02 -9.233000e+01  1.516200e+00
     vertex  1.229776e+02 -9.234022e+01  1.516200e+00
   endloop
 endfacet
 facet normal  0.000000e+00  0.000000e+00  1.000000e+00
   outer loop
     vertex  1.219545e+02 -8.866411e+01  1.516200e+00
     vertex  1.200000e+02 -8.700000e+01  1.516200e+00
     vertex  1.221144e+02 -8.905000e+01  1.516200e+00
   endloop
 endfacet
 facet normal  0.000000e+00  0.000000e+00  1.000000e+00
   outer loop
     vertex  1.258702e+02 -9.248000e+01  1.516200e+00
     vertex  1.231898e+02 -9.255235e+01  1.516200e+00
     vertex  1.258402e+02 -9.255235e+01  1.516200e+00
   endloop
 endfacet
 facet normal  0.000000e+00  0.000000e+00  1.000000e+00
   outer loop
     vertex  1.258702e+02 -9.248000e+01  1.516200e+00
     vertex  1.231598e+02 -9.248000e+01  1.516200e+00
     vertex  1.231898e+02 -9.255235e+01  1.516200e+00
   endloop
 endfacet
 facet normal  0.000000e+00  0.000000e+00  1.000000e+00
   outer loop
     vertex  1.219000e+02 -8.825000e+01  1.516200e+00
     vertex  1.200000e+02 -8.700000e+01  1.516200e+00
     vertex  1.219545e+02 -8.866411e+01  1.516200e+00
   endloop
 endfacet
 facet normal  0.000000e+00  0.000000e+00  1.000000e+00
   outer loop
     vertex  1.235000e+02 -8.985000e+01  1.516200e+00
     vertex  1.230859e+02 -8.979548e+01  1.516200e+00
     vertex  1.229776e+02 -9.234022e+01  1.516200e+00
   endloop
 endfacet
 facet normal  0.000000e+00  0.000000e+00  1.000000e+00
   outer loop
     vertex  1.235000e+02 -8.985000e+01  1.516200e+00
     vertex  1.229776e+02 -9.234022e+01  1.516200e+00
     vertex  1.230500e+02 -9.237019e+01  1.516200e+00
   endloop
 endfacet
 facet normal  0.000000e+00  0.000000e+00  1.000000e+00
   outer loop
     vertex  1.219545e+02 -8.783589e+01  1.516200e+00
     vertex  1.200000e+02 -8.700000e+01  1.516200e+00
     vertex  1.219000e+02 -8.825000e+01  1.516200e+00
   endloop
 endfacet
 facet normal  0.000000e+00  0.000000e+00  1.000000e+00
   outer loop
     vertex  1.239141e+02 -8.979548e+01  1.516200e+00
     vertex  1.258702e+02 -9.248000e+01  1.516200e+00
     vertex  1.259179e+02 -9.241787e+01  1.516200e+00
   endloop
 endfacet
 facet normal  0.000000e+00  0.000000e+00  1.000000e+00
   outer loop
     vertex  1.239141e+02 -8.979548e+01  1.516200e+00
     vertex  1.231598e+02 -9.248000e+01  1.516200e+00
     vertex  1.258702e+02 -9.248000e+01  1.516200e+00
   endloop
 endfacet
 facet normal  0.000000e+00  0.000000e+00  1.000000e+00
   outer loop
     vertex  1.239141e+02 -8.979548e+01  1.516200e+00
     vertex  1.235000e+02 -8.985000e+01  1.516200e+00
     vertex  1.230500e+02 -9.237019e+01  1.516200e+00
   endloop
 endfacet
 facet normal  0.000000e+00  0.000000e+00  1.000000e+00
   outer loop
     vertex  1.239141e+02 -8.979548e+01  1.516200e+00
     vertex  1.230500e+02 -9.237019e+01  1.516200e+00
     vertex  1.231121e+02 -9.241787e+01  1.516200e+00
   endloop
 endfacet
 facet normal  0.000000e+00  0.000000e+00  1.000000e+00
   outer loop
     vertex  1.239141e+02 -8.979548e+01  1.516200e+00
     vertex  1.231121e+02 -9.241787e+01  1.516200e+00
     vertex  1.231598e+02 -9.248000e+01  1.516200e+00
   endloop
 endfacet
 facet normal  0.000000e+00  0.000000e+00  1.000000e+00
   outer loop
     vertex  1.272300e+02 -9.293000e+01  1.516200e+00
     vertex  1.263425e+02 -9.377854e+01  1.516200e+00
     vertex  1.264098e+02 -9.383019e+01  1.516200e+00
   endloop
 endfacet
 facet normal  0.000000e+00  0.000000e+00  1.000000e+00
   outer loop
     vertex  1.272300e+02 -9.293000e+01  1.516200e+00
     vertex  1.261300e+02 -9.293000e+01  1.516200e+00
     vertex  1.263425e+02 -9.377854e+01  1.516200e+00
   endloop
 endfacet
 facet normal  0.000000e+00  0.000000e+00  1.000000e+00
   outer loop
     vertex  1.272300e+02 -9.293000e+01  1.516200e+00
     vertex  1.264098e+02 -9.383019e+01  1.516200e+00
     vertex  1.264615e+02 -9.389750e+01  1.516200e+00
   endloop
 endfacet
 facet normal  0.000000e+00  0.000000e+00  1.000000e+00
   outer loop
     vertex  1.272300e+02 -9.293000e+01  1.516200e+00
     vertex  1.264615e+02 -9.389750e+01  1.516200e+00
     vertex  1.264939e+02 -9.397588e+01  1.516200e+00
   endloop
 endfacet
 facet normal  0.000000e+00  0.000000e+00  1.000000e+00
   outer loop
     vertex  1.273076e+02 -9.291978e+01  1.516200e+00
     vertex  1.272300e+02 -9.293000e+01  1.516200e+00
     vertex  1.264939e+02 -9.397588e+01  1.516200e+00
   endloop
 endfacet
 facet normal  0.000000e+00  0.000000e+00  1.000000e+00
   outer loop
     vertex  1.273076e+02 -9.291978e+01  1.516200e+00
     vertex  1.264939e+02 -9.397588e+01  1.516200e+00
     vertex  1.265050e+02 -9.406000e+01  1.516200e+00
   endloop
 endfacet
 facet normal  0.000000e+00  0.000000e+00  1.000000e+00
   outer loop
     vertex  1.273800e+02 -9.288981e+01  1.516200e+00
     vertex  1.265050e+02 -9.406000e+01  1.516200e+00
     vertex  1.264939e+02 -9.414412e+01  1.516200e+00
   endloop
 endfacet
 facet normal  0.000000e+00  0.000000e+00  1.000000e+00
   outer loop
     vertex  1.273800e+02 -9.288981e+01  1.516200e+00
     vertex  1.273076e+02 -9.291978e+01  1.516200e+00
     vertex  1.265050e+02 -9.406000e+01  1.516200e+00
   endloop
 endfacet
 facet normal  0.000000e+00  0.000000e+00  1.000000e+00
   outer loop
     vertex  1.274421e+02 -9.284213e+01  1.516200e+00
     vertex  1.264615e+02 -9.967750e+01  1.516200e+00
     vertex  1.274421e+02 -1.010579e+02  1.516200e+00
   endloop
 endfacet
 facet normal  0.000000e+00  0.000000e+00  1.000000e+00
   outer loop
     vertex  1.274421e+02 -9.284213e+01  1.516200e+00
     vertex  1.273800e+02 -9.288981e+01  1.516200e+00
     vertex  1.264939e+02 -9.414412e+01  1.516200e+00
   endloop
 endfacet
 facet normal  0.000000e+00  0.000000e+00  1.000000e+00
   outer loop
     vertex  1.274421e+02 -9.284213e+01  1.516200e+00
     vertex  1.264615e+02 -9.422250e+01  1.516200e+00
     vertex  1.264615e+02 -9.967750e+01  1.516200e+00
   endloop
 endfacet
 facet normal  0.000000e+00  0.000000e+00  1.000000e+00
   outer loop
     vertex  1.274421e+02 -9.284213e+01  1.516200e+00
     vertex  1.264939e+02 -9.414412e+01  1.516200e+00
     vertex  1.264615e+02 -9.422250e+01  1.516200e+00
   endloop
 endfacet
 facet normal  0.000000e+00  0.000000e+00  1.000000e+00
   outer loop
     vertex  1.221144e+02 -8.745000e+01  1.516200e+00
     vertex  1.200501e+02 -8.655496e+01  1.516200e+00
     vertex  1.200000e+02 -8.700000e+01  1.516200e+00
   endloop
 endfacet
 facet normal  0.000000e+00  0.000000e+00  1.000000e+00
   outer loop
     vertex  1.221144e+02 -8.745000e+01  1.516200e+00
     vertex  1.201981e+02 -8.613223e+01  1.516200e+00
     vertex  1.200501e+02 -8.655496e+01  1.516200e+00
   endloop
 endfacet
 facet normal  0.000000e+00  0.000000e+00  1.000000e+00
   outer loop
     vertex  1.221144e+02 -8.745000e+01  1.516200e+00
     vertex  1.200000e+02 -8.700000e+01  1.516200e+00
     vertex  1.219545e+02 -8.783589e+01  1.516200e+00
   endloop
 endfacet
 facet normal  0.000000e+00  0.000000e+00  1.000000e+00
   outer loop
     vertex  1.243000e+02 -8.963564e+01  1.516200e+00
     vertex  1.259179e+02 -9.241787e+01  1.516200e+00
     vertex  1.259800e+02 -9.237019e+01  1.516200e+00
   endloop
 endfacet
 facet normal  0.000000e+00  0.000000e+00  1.000000e+00
   outer loop
     vertex  1.243000e+02 -8.963564e+01  1.516200e+00
     vertex  1.259800e+02 -9.237019e+01  1.516200e+00
     vertex  1.260524e+02 -9.234022e+01  1.516200e+00
   endloop
 endfacet
 facet normal  0.000000e+00  0.000000e+00  1.000000e+00
   outer loop
     vertex  1.243000e+02 -8.963564e+01  1.516200e+00
     vertex  1.239141e+02 -8.979548e+01  1.516200e+00
     vertex  1.259179e+02 -9.241787e+01  1.516200e+00
   endloop
 endfacet
 facet normal  0.000000e+00  0.000000e+00  1.000000e+00
   outer loop
     vertex  1.274898e+02 -9.278000e+01  1.516200e+00
     vertex  1.274421e+02 -1.010579e+02  1.516200e+00
     vertex  1.274898e+02 -1.011200e+02  1.516200e+00
   endloop
 endfacet
 facet normal  0.000000e+00  0.000000e+00  1.000000e+00
   outer loop
     vertex  1.274898e+02 -9.278000e+01  1.516200e+00
     vertex  1.274421e+02 -9.284213e+01  1.516200e+00
     vertex  1.274421e+02 -1.010579e+02  1.516200e+00
   endloop
 endfacet
 facet normal  0.000000e+00  0.000000e+00  1.000000e+00
   outer loop
     vertex  1.274898e+02 -9.278000e+01  1.516200e+00
     vertex  1.274898e+02 -1.011200e+02  1.516200e+00
     vertex  1.337500e+02 -1.052000e+02  1.516200e+00
   endloop
 endfacet
 facet normal  0.000000e+00  0.000000e+00  1.000000e+00
   outer loop
     vertex  1.274898e+02 -9.278000e+01  1.516200e+00
     vertex  1.337500e+02 -1.052000e+02  1.516200e+00
     vertex  1.338924e+02 -1.052187e+02  1.516200e+00
   endloop
 endfacet
 facet normal  0.000000e+00  0.000000e+00  1.000000e+00
   outer loop
     vertex  1.275198e+02 -9.270764e+01  1.516200e+00
     vertex  1.274898e+02 -9.278000e+01  1.516200e+00
     vertex  1.338924e+02 -1.052187e+02  1.516200e+00
   endloop
 endfacet
 facet normal  0.000000e+00  0.000000e+00  1.000000e+00
   outer loop
     vertex  1.275198e+02 -9.270764e+01  1.516200e+00
     vertex  1.338924e+02 -1.052187e+02  1.516200e+00
     vertex  1.340250e+02 -1.052737e+02  1.516200e+00
   endloop
 endfacet
 facet normal  0.000000e+00  0.000000e+00  1.000000e+00
   outer loop
     vertex  1.275300e+02 -9.263000e+01  1.516200e+00
     vertex  1.275198e+02 -9.270764e+01  1.516200e+00
     vertex  1.340250e+02 -1.052737e+02  1.516200e+00
   endloop
 endfacet
 facet normal  0.000000e+00  0.000000e+00  1.000000e+00
   outer loop
     vertex  1.223686e+02 -8.711863e+01  1.516200e+00
     vertex  1.204363e+02 -8.575302e+01  1.516200e+00
     vertex  1.201981e+02 -8.613223e+01  1.516200e+00
   endloop
 endfacet
 facet normal  0.000000e+00  0.000000e+00  1.000000e+00
   outer loop
     vertex  1.223686e+02 -8.711863e+01  1.516200e+00
     vertex  1.201981e+02 -8.613223e+01  1.516200e+00
     vertex  1.221144e+02 -8.745000e+01  1.516200e+00
   endloop
 endfacet
 facet normal  0.000000e+00  0.000000e+00  1.000000e+00
   outer loop
     vertex  1.246314e+02 -8.938137e+01  1.516200e+00
     vertex  1.260524e+02 -9.234022e+01  1.516200e+00
     vertex  1.261300e+02 -9.233000e+01  1.516200e+00
   endloop
 endfacet
 facet normal  0.000000e+00  0.000000e+00  1.000000e+00
   outer loop
     vertex  1.246314e+02 -8.938137e+01  1.516200e+00
     vertex  1.243000e+02 -8.963564e+01  1.516200e+00
     vertex  1.260524e+02 -9.234022e+01  1.516200e+00
   endloop
 endfacet
 facet normal  0.000000e+00  0.000000e+00  1.000000e+00
   outer loop
     vertex  1.207530e+02 -8.543634e+01  1.516200e+00
     vertex  1.204363e+02 -8.575302e+01  1.516200e+00
     vertex  1.223686e+02 -8.711863e+01  1.516200e+00
   endloop
 endfacet
 facet normal  0.000000e+00  0.000000e+00  1.000000e+00
   outer loop
     vertex  1.248856e+02 -8.905000e+01  1.516200e+00
     vertex  1.261300e+02 -9.233000e+01  1.516200e+00
     vertex  1.272300e+02 -9.233000e+01  1.516200e+00
   endloop
 endfacet
 facet normal  0.000000e+00  0.000000e+00  1.000000e+00
   outer loop
     vertex  1.248856e+02 -8.905000e+01  1.516200e+00
     vertex  1.246314e+02 -8.938137e+01  1.516200e+00
     vertex  1.261300e+02 -9.233000e+01  1.516200e+00
   endloop
 endfacet
 facet normal  0.000000e+00  0.000000e+00  1.000000e+00
   outer loop
     vertex  1.211322e+02 -8.519806e+01  1.516200e+00
     vertex  1.207530e+02 -8.543634e+01  1.516200e+00
     vertex  1.223686e+02 -8.711863e+01  1.516200e+00
   endloop
 endfacet
 facet normal  0.000000e+00  0.000000e+00  1.000000e+00
   outer loop
     vertex  1.250455e+02 -8.866411e+01  1.516200e+00
     vertex  1.272300e+02 -9.233000e+01  1.516200e+00
     vertex  1.273076e+02 -9.234022e+01  1.516200e+00
   endloop
 endfacet
 facet normal  0.000000e+00  0.000000e+00  1.000000e+00
   outer loop
     vertex  1.250455e+02 -8.866411e+01  1.516200e+00
     vertex  1.248856e+02 -8.905000e+01  1.516200e+00
     vertex  1.272300e+02 -9.233000e+01  1.516200e+00
   endloop
 endfacet
 facet normal  0.000000e+00  0.000000e+00  1.000000e+00
   outer loop
     vertex  1.215550e+02 -8.505014e+01  1.516200e+00
     vertex  1.223686e+02 -8.711863e+01  1.516200e+00
     vertex  1.227000e+02 -8.686436e+01  1.516200e+00
   endloop
 endfacet
 facet normal  0.000000e+00  0.000000e+00  1.000000e+00
   outer loop
     vertex  1.215550e+02 -8.505014e+01  1.516200e+00
     vertex  1.211322e+02 -8.519806e+01  1.516200e+00
     vertex  1.223686e+02 -8.711863e+01  1.516200e+00
   endloop
 endfacet
 facet normal  0.000000e+00  0.000000e+00  1.000000e+00
   outer loop
     vertex  1.251000e+02 -8.825000e+01  1.516200e+00
     vertex  1.273076e+02 -9.234022e+01  1.516200e+00
     vertex  1.273800e+02 -9.237019e+01  1.516200e+00
   endloop
 endfacet
 facet normal  0.000000e+00  0.000000e+00  1.000000e+00
   outer loop
     vertex  1.251000e+02 -8.825000e+01  1.516200e+00
     vertex  1.273800e+02 -9.237019e+01  1.516200e+00
     vertex  1.274421e+02 -9.241787e+01  1.516200e+00
   endloop
 endfacet
 facet normal  0.000000e+00  0.000000e+00  1.000000e+00
   outer loop
     vertex  1.251000e+02 -8.825000e+01  1.516200e+00
     vertex  1.250455e+02 -8.866411e+01  1.516200e+00
     vertex  1.273076e+02 -9.234022e+01  1.516200e+00
   endloop
 endfacet
 facet normal  0.000000e+00  0.000000e+00  1.000000e+00
   outer loop
     vertex  1.220000e+02 -8.500000e+01  1.516200e+00
     vertex  1.227000e+02 -8.686436e+01  1.516200e+00
     vertex  1.230859e+02 -8.670452e+01  1.516200e+00
   endloop
 endfacet
 facet normal  0.000000e+00  0.000000e+00  1.000000e+00
   outer loop
     vertex  1.220000e+02 -8.500000e+01  1.516200e+00
     vertex  1.230859e+02 -8.670452e+01  1.516200e+00
     vertex  1.235000e+02 -8.665000e+01  1.516200e+00
   endloop
 endfacet
 facet normal  0.000000e+00  0.000000e+00  1.000000e+00
   outer loop
     vertex  1.220000e+02 -8.500000e+01  1.516200e+00
     vertex  1.215550e+02 -8.505014e+01  1.516200e+00
     vertex  1.227000e+02 -8.686436e+01  1.516200e+00
   endloop
 endfacet
 facet normal  0.000000e+00  0.000000e+00  1.000000e+00
   outer loop
     vertex  1.239141e+02 -8.670452e+01  1.516200e+00
     vertex  1.220000e+02 -8.500000e+01  1.516200e+00
     vertex  1.235000e+02 -8.665000e+01  1.516200e+00
   endloop
 endfacet
 facet normal  0.000000e+00  0.000000e+00  1.000000e+00
   outer loop
     vertex  1.250455e+02 -8.783589e+01  1.516200e+00
     vertex  1.274421e+02 -9.241787e+01  1.516200e+00
     vertex  1.274898e+02 -9.248000e+01  1.516200e+00
   endloop
 endfacet
 facet normal  0.000000e+00  0.000000e+00  1.000000e+00
   outer loop
     vertex  1.250455e+02 -8.783589e+01  1.516200e+00
     vertex  1.251000e+02 -8.825000e+01  1.516200e+00
     vertex  1.274421e+02 -9.241787e+01  1.516200e+00
   endloop
 endfacet
 facet normal  0.000000e+00  0.000000e+00  1.000000e+00
   outer loop
     vertex  1.243000e+02 -8.686436e+01  1.516200e+00
     vertex  1.220000e+02 -8.500000e+01  1.516200e+00
     vertex  1.239141e+02 -8.670452e+01  1.516200e+00
   endloop
 endfacet
 facet normal  0.000000e+00  0.000000e+00  1.000000e+00
   outer loop
     vertex  1.512172e+02 -1.040328e+02  1.516200e+00
     vertex  1.342813e+02 -1.084324e+02  1.516200e+00
     vertex  1.342263e+02 -1.085650e+02  1.516200e+00
   endloop
 endfacet
 facet normal  0.000000e+00  0.000000e+00  1.000000e+00
   outer loop
     vertex  1.511536e+02 -1.039500e+02  1.516200e+00
     vertex  1.342813e+02 -1.084324e+02  1.516200e+00
     vertex  1.512172e+02 -1.040328e+02  1.516200e+00
   endloop
 endfacet
 facet normal  0.000000e+00  0.000000e+00  1.000000e+00
   outer loop
     vertex  1.511536e+02 -1.039500e+02  1.516200e+00
     vertex  1.343000e+02 -1.082900e+02  1.516200e+00
     vertex  1.342813e+02 -1.084324e+02  1.516200e+00
   endloop
 endfacet
 facet normal  0.000000e+00  0.000000e+00  1.000000e+00
   outer loop
     vertex  1.513000e+02 -1.040964e+02  1.516200e+00
     vertex  1.512172e+02 -1.040328e+02  1.516200e+00
     vertex  1.342263e+02 -1.085650e+02  1.516200e+00
   endloop
 endfacet
 facet normal  0.000000e+00  0.000000e+00  1.000000e+00
   outer loop
     vertex  1.513000e+02 -1.040964e+02  1.516200e+00
     vertex  1.342263e+02 -1.085650e+02  1.516200e+00
     vertex  1.341389e+02 -1.086789e+02  1.516200e+00
   endloop
 endfacet
 facet normal  0.000000e+00  0.000000e+00  1.000000e+00
   outer loop
     vertex  1.511136e+02 -1.038535e+02  1.516200e+00
     vertex  1.342813e+02 -1.058924e+02  1.516200e+00
     vertex  1.342813e+02 -1.081476e+02  1.516200e+00
   endloop
 endfacet
 facet normal  0.000000e+00  0.000000e+00  1.000000e+00
   outer loop
     vertex  1.511136e+02 -1.038535e+02  1.516200e+00
     vertex  1.342813e+02 -1.081476e+02  1.516200e+00
     vertex  1.343000e+02 -1.082900e+02  1.516200e+00
   endloop
 endfacet
 facet normal  0.000000e+00  0.000000e+00  1.000000e+00
   outer loop
     vertex  1.511136e+02 -1.038535e+02  1.516200e+00
     vertex  1.343000e+02 -1.057500e+02  1.516200e+00
     vertex  1.342813e+02 -1.058924e+02  1.516200e+00
   endloop
 endfacet
 facet normal  0.000000e+00  0.000000e+00  1.000000e+00
   outer loop
     vertex  1.511136e+02 -1.038535e+02  1.516200e+00
     vertex  1.343000e+02 -1.082900e+02  1.516200e+00
     vertex  1.511536e+02 -1.039500e+02  1.516200e+00
   endloop
 endfacet
 facet normal  0.000000e+00  0.000000e+00  1.000000e+00
   outer loop
     vertex  1.513965e+02 -1.041364e+02  1.516200e+00
     vertex  1.341389e+02 -1.086789e+02  1.516200e+00
     vertex  1.340250e+02 -1.087663e+02  1.516200e+00
   endloop
 endfacet
 facet normal  0.000000e+00  0.000000e+00  1.000000e+00
   outer loop
     vertex  1.513965e+02 -1.041364e+02  1.516200e+00
     vertex  1.513000e+02 -1.040964e+02  1.516200e+00
     vertex  1.341389e+02 -1.086789e+02  1.516200e+00
   endloop
 endfacet
 facet normal  0.000000e+00  0.000000e+00  1.000000e+00
   outer loop
     vertex  1.515000e+02 -1.041500e+02  1.516200e+00
     vertex  1.513965e+02 -1.041364e+02  1.516200e+00
     vertex  1.340250e+02 -1.087663e+02  1.516200e+00
   endloop
 endfacet
 facet normal  0.000000e+00  0.000000e+00  1.000000e+00
   outer loop
     vertex  1.511000e+02 -1.037500e+02  1.516200e+00
     vertex  1.343000e+02 -1.057500e+02  1.516200e+00
     vertex  1.511136e+02 -1.038535e+02  1.516200e+00
   endloop
 endfacet
 facet normal  0.000000e+00  0.000000e+00  1.000000e+00
   outer loop
     vertex  1.511000e+02 -1.037500e+02  1.516200e+00
     vertex  1.342813e+02 -1.056076e+02  1.516200e+00
     vertex  1.343000e+02 -1.057500e+02  1.516200e+00
   endloop
 endfacet
 facet normal  0.000000e+00  0.000000e+00  1.000000e+00
   outer loop
     vertex  1.511136e+02 -1.036465e+02  1.516200e+00
     vertex  1.342813e+02 -1.056076e+02  1.516200e+00
     vertex  1.511000e+02 -1.037500e+02  1.516200e+00
   endloop
 endfacet
 facet normal  0.000000e+00  0.000000e+00  1.000000e+00
   outer loop
     vertex  1.511136e+02 -1.036465e+02  1.516200e+00
     vertex  1.342263e+02 -1.054750e+02  1.516200e+00
     vertex  1.342813e+02 -1.056076e+02  1.516200e+00
   endloop
 endfacet
 facet normal  0.000000e+00  0.000000e+00  1.000000e+00
   outer loop
     vertex  1.511536e+02 -1.035500e+02  1.516200e+00
     vertex  1.342263e+02 -1.054750e+02  1.516200e+00
     vertex  1.511136e+02 -1.036465e+02  1.516200e+00
   endloop
 endfacet
 facet normal  0.000000e+00  0.000000e+00  1.000000e+00
   outer loop
     vertex  1.511536e+02 -1.035500e+02  1.516200e+00
     vertex  1.341389e+02 -1.053611e+02  1.516200e+00
     vertex  1.342263e+02 -1.054750e+02  1.516200e+00
   endloop
 endfacet
 facet normal  0.000000e+00  0.000000e+00  1.000000e+00
   outer loop
     vertex  1.512172e+02 -1.034672e+02  1.516200e+00
     vertex  1.341389e+02 -1.053611e+02  1.516200e+00
     vertex  1.511536e+02 -1.035500e+02  1.516200e+00
   endloop
 endfacet
 facet normal  0.000000e+00  0.000000e+00  1.000000e+00
   outer loop
     vertex  1.512172e+02 -1.034672e+02  1.516200e+00
     vertex  1.275300e+02 -9.263000e+01  1.516200e+00
     vertex  1.340250e+02 -1.052737e+02  1.516200e+00
   endloop
 endfacet
 facet normal  0.000000e+00  0.000000e+00  1.000000e+00
   outer loop
     vertex  1.512172e+02 -1.034672e+02  1.516200e+00
     vertex  1.340250e+02 -1.052737e+02  1.516200e+00
     vertex  1.341389e+02 -1.053611e+02  1.516200e+00
   endloop
 endfacet
 facet normal  0.000000e+00  0.000000e+00  1.000000e+00
   outer loop
     vertex  1.513000e+02 -1.034036e+02  1.516200e+00
     vertex  1.275300e+02 -9.263000e+01  1.516200e+00
     vertex  1.512172e+02 -1.034672e+02  1.516200e+00
   endloop
 endfacet
 facet normal  0.000000e+00  0.000000e+00  1.000000e+00
   outer loop
     vertex  1.513000e+02 -1.034036e+02  1.516200e+00
     vertex  1.275198e+02 -9.255235e+01  1.516200e+00
     vertex  1.275300e+02 -9.263000e+01  1.516200e+00
   endloop
 endfacet
 facet normal  0.000000e+00  0.000000e+00  1.000000e+00
   outer loop
     vertex  1.513965e+02 -1.033636e+02  1.516200e+00
     vertex  1.275198e+02 -9.255235e+01  1.516200e+00
     vertex  1.513000e+02 -1.034036e+02  1.516200e+00
   endloop
 endfacet
 facet normal  0.000000e+00  0.000000e+00  1.000000e+00
   outer loop
     vertex  1.562172e+02 -1.040328e+02  1.516200e+00
     vertex  1.518464e+02 -1.039500e+02  1.516200e+00
     vertex  1.517828e+02 -1.040328e+02  1.516200e+00
   endloop
 endfacet
 facet normal  0.000000e+00  0.000000e+00  1.000000e+00
   outer loop
     vertex  1.562172e+02 -1.040328e+02  1.516200e+00
     vertex  1.517828e+02 -1.040328e+02  1.516200e+00
     vertex  1.517000e+02 -1.040964e+02  1.516200e+00
   endloop
 endfacet
 facet normal  0.000000e+00  0.000000e+00  1.000000e+00
   outer loop
     vertex  1.561536e+02 -1.039500e+02  1.516200e+00
     vertex  1.518464e+02 -1.039500e+02  1.516200e+00
     vertex  1.562172e+02 -1.040328e+02  1.516200e+00
   endloop
 endfacet
 facet normal  0.000000e+00  0.000000e+00  1.000000e+00
   outer loop
     vertex  1.561536e+02 -1.039500e+02  1.516200e+00
     vertex  1.518864e+02 -1.038535e+02  1.516200e+00
     vertex  1.518464e+02 -1.039500e+02  1.516200e+00
   endloop
 endfacet
 facet normal  0.000000e+00  0.000000e+00  1.000000e+00
   outer loop
     vertex  1.563000e+02 -1.040964e+02  1.516200e+00
     vertex  1.562172e+02 -1.040328e+02  1.516200e+00
     vertex  1.517000e+02 -1.040964e+02  1.516200e+00
   endloop
 endfacet
 facet normal  0.000000e+00  0.000000e+00  1.000000e+00
   outer loop
     vertex  1.561136e+02 -1.038535e+02  1.516200e+00
     vertex  1.518864e+02 -1.038535e+02  1.516200e+00
     vertex  1.561536e+02 -1.039500e+02  1.516200e+00
   endloop
 endfacet
 facet normal  0.000000e+00  0.000000e+00  1.000000e+00
   outer loop
     vertex  1.563965e+02 -1.041364e+02  1.516200e+00
     vertex  1.563000e+02 -1.040964e+02  1.516200e+00
     vertex  1.517000e+02 -1.040964e+02  1.516200e+00
   endloop
 endfacet
 facet normal  0.000000e+00  0.000000e+00  1.000000e+00
   outer loop
     vertex  1.563965e+02 -1.041364e+02  1.516200e+00
     vertex  1.517000e+02 -1.040964e+02  1.516200e+00
     vertex  1.516035e+02 -1.041364e+02  1.516200e+00
   endloop
 endfacet
 facet normal  0.000000e+00  0.000000e+00  1.000000e+00
   outer loop
     vertex  1.561000e+02 -1.037500e+02  1.516200e+00
     vertex  1.518864e+02 -1.038535e+02  1.516200e+00
     vertex  1.561136e+02 -1.038535e+02  1.516200e+00
   endloop
 endfacet
 facet normal  0.000000e+00  0.000000e+00  1.000000e+00
   outer loop
     vertex  1.561000e+02 -1.037500e+02  1.516200e+00
     vertex  1.518864e+02 -1.036465e+02  1.516200e+00
     vertex  1.519000e+02 -1.037500e+02  1.516200e+00
   endloop
 endfacet
 facet normal  0.000000e+00  0.000000e+00  1.000000e+00
   outer loop
     vertex  1.561000e+02 -1.037500e+02  1.516200e+00
     vertex  1.519000e+02 -1.037500e+02  1.516200e+00
     vertex  1.518864e+02 -1.038535e+02  1.516200e+00
   endloop
 endfacet
 facet normal  0.000000e+00  0.000000e+00  1.000000e+00
   outer loop
     vertex  1.561136e+02 -1.036465e+02  1.516200e+00
     vertex  1.518864e+02 -1.036465e+02  1.516200e+00
     vertex  1.561000e+02 -1.037500e+02  1.516200e+00
   endloop
 endfacet
 facet normal  0.000000e+00  0.000000e+00  1.000000e+00
   outer loop
     vertex  1.561536e+02 -1.035500e+02  1.516200e+00
     vertex  1.518864e+02 -1.036465e+02  1.516200e+00
     vertex  1.561136e+02 -1.036465e+02  1.516200e+00
   endloop
 endfacet
 facet normal  0.000000e+00  0.000000e+00  1.000000e+00
   outer loop
     vertex  1.561536e+02 -1.035500e+02  1.516200e+00
     vertex  1.518464e+02 -1.035500e+02  1.516200e+00
     vertex  1.518864e+02 -1.036465e+02  1.516200e+00
   endloop
 endfacet
 facet normal  0.000000e+00  0.000000e+00  1.000000e+00
   outer loop
     vertex  1.562172e+02 -1.034672e+02  1.516200e+00
     vertex  1.518464e+02 -1.035500e+02  1.516200e+00
     vertex  1.561536e+02 -1.035500e+02  1.516200e+00
   endloop
 endfacet
 facet normal  0.000000e+00  0.000000e+00  1.000000e+00
   outer loop
     vertex  1.562172e+02 -1.034672e+02  1.516200e+00
     vertex  1.517000e+02 -1.034036e+02  1.516200e+00
     vertex  1.517828e+02 -1.034672e+02  1.516200e+00
   endloop
 endfacet
 facet normal  0.000000e+00  0.000000e+00  1.000000e+00
   outer loop
     vertex  1.562172e+02 -1.034672e+02  1.516200e+00
     vertex  1.517828e+02 -1.034672e+02  1.516200e+00
     vertex  1.518464e+02 -1.035500e+02  1.516200e+00
   endloop
 endfacet
 facet normal  0.000000e+00  0.000000e+00  1.000000e+00
   outer loop
     vertex  1.563000e+02 -1.034036e+02  1.516200e+00
     vertex  1.517000e+02 -1.034036e+02  1.516200e+00
     vertex  1.562172e+02 -1.034672e+02  1.516200e+00
   endloop
 endfacet
 facet normal  0.000000e+00  0.000000e+00  1.000000e+00
   outer loop
     vertex  1.563965e+02 -1.033636e+02  1.516200e+00
     vertex  1.517000e+02 -1.034036e+02  1.516200e+00
     vertex  1.563000e+02 -1.034036e+02  1.516200e+00
   endloop
 endfacet
 facet normal  0.000000e+00  0.000000e+00  1.000000e+00
   outer loop
     vertex  1.563965e+02 -1.033636e+02  1.516200e+00
     vertex  1.516035e+02 -1.033636e+02  1.516200e+00
     vertex  1.517000e+02 -1.034036e+02  1.516200e+00
   endloop
 endfacet
 facet normal  0.000000e+00  0.000000e+00  1.000000e+00
   outer loop
     vertex  1.633686e+02 -1.073814e+02  1.516200e+00
     vertex  1.565000e+02 -1.041500e+02  1.516200e+00
     vertex  1.563965e+02 -1.041364e+02  1.516200e+00
   endloop
 endfacet
 facet normal  0.000000e+00  0.000000e+00  1.000000e+00
   outer loop
     vertex  1.633686e+02 -1.073814e+02  1.516200e+00
     vertex  1.563965e+02 -1.041364e+02  1.516200e+00
     vertex  1.516035e+02 -1.041364e+02  1.516200e+00
   endloop
 endfacet
 facet normal  0.000000e+00  0.000000e+00  1.000000e+00
   outer loop
     vertex  1.633686e+02 -1.073814e+02  1.516200e+00
     vertex  1.516035e+02 -1.041364e+02  1.516200e+00
     vertex  1.515000e+02 -1.041500e+02  1.516200e+00
   endloop
 endfacet
 facet normal  0.000000e+00  0.000000e+00  1.000000e+00
   outer loop
     vertex  1.637000e+02 -1.076356e+02  1.516200e+00
     vertex  1.633686e+02 -1.073814e+02  1.516200e+00
     vertex  1.515000e+02 -1.041500e+02  1.516200e+00
   endloop
 endfacet
 facet normal  0.000000e+00  0.000000e+00  1.000000e+00
   outer loop
     vertex  1.631144e+02 -1.070500e+02  1.516200e+00
     vertex  1.566035e+02 -1.041364e+02  1.516200e+00
     vertex  1.565000e+02 -1.041500e+02  1.516200e+00
   endloop
 endfacet
 facet normal  0.000000e+00  0.000000e+00  1.000000e+00
   outer loop
     vertex  1.631144e+02 -1.070500e+02  1.516200e+00
     vertex  1.565000e+02 -1.041500e+02  1.516200e+00
     vertex  1.633686e+02 -1.073814e+02  1.516200e+00
   endloop
 endfacet
 facet normal  0.000000e+00  0.000000e+00  1.000000e+00
   outer loop
     vertex  1.629545e+02 -1.066641e+02  1.516200e+00
     vertex  1.567828e+02 -1.040328e+02  1.516200e+00
     vertex  1.567000e+02 -1.040964e+02  1.516200e+00
   endloop
 endfacet
 facet normal  0.000000e+00  0.000000e+00  1.000000e+00
   outer loop
     vertex  1.629545e+02 -1.066641e+02  1.516200e+00
     vertex  1.567000e+02 -1.040964e+02  1.516200e+00
     vertex  1.566035e+02 -1.041364e+02  1.516200e+00
   endloop
 endfacet
 facet normal  0.000000e+00  0.000000e+00  1.000000e+00
   outer loop
     vertex  1.629545e+02 -1.066641e+02  1.516200e+00
     vertex  1.566035e+02 -1.041364e+02  1.516200e+00
     vertex  1.631144e+02 -1.070500e+02  1.516200e+00
   endloop
 endfacet
 facet normal  0.000000e+00  0.000000e+00  1.000000e+00
   outer loop
     vertex  1.629000e+02 -1.062500e+02  1.516200e+00
     vertex  1.568464e+02 -1.039500e+02  1.516200e+00
     vertex  1.567828e+02 -1.040328e+02  1.516200e+00
   endloop
 endfacet
 facet normal  0.000000e+00  0.000000e+00  1.000000e+00
   outer loop
     vertex  1.629000e+02 -1.062500e+02  1.516200e+00
     vertex  1.567828e+02 -1.040328e+02  1.516200e+00
     vertex  1.629545e+02 -1.066641e+02  1.516200e+00
   endloop
 endfacet
 facet normal  0.000000e+00  0.000000e+00  1.000000e+00
   outer loop
     vertex  1.662500e+02 -1.095000e+02  1.516200e+00
     vertex  1.515000e+02 -1.041500e+02  1.516200e+00
     vertex  1.340250e+02 -1.087663e+02  1.516200e+00
   endloop
 endfacet
 facet normal  0.000000e+00  0.000000e+00  1.000000e+00
   outer loop
     vertex  1.662500e+02 -1.095000e+02  1.516200e+00
     vertex  1.340250e+02 -1.087663e+02  1.516200e+00
     vertex  1.338924e+02 -1.088213e+02  1.516200e+00
   endloop
 endfacet
 facet normal  0.000000e+00  0.000000e+00  1.000000e+00
   outer loop
     vertex  1.662500e+02 -1.095000e+02  1.516200e+00
     vertex  1.338924e+02 -1.088213e+02  1.516200e+00
     vertex  1.337500e+02 -1.088400e+02  1.516200e+00
   endloop
 endfacet
 facet normal  0.000000e+00  0.000000e+00  1.000000e+00
   outer loop
     vertex  1.662500e+02 -1.095000e+02  1.516200e+00
     vertex  1.645000e+02 -1.078500e+02  1.516200e+00
     vertex  1.640859e+02 -1.077955e+02  1.516200e+00
   endloop
 endfacet
 facet normal  0.000000e+00  0.000000e+00  1.000000e+00
   outer loop
     vertex  1.662500e+02 -1.095000e+02  1.516200e+00
     vertex  1.640859e+02 -1.077955e+02  1.516200e+00
     vertex  1.637000e+02 -1.076356e+02  1.516200e+00
   endloop
 endfacet
 facet normal  0.000000e+00  0.000000e+00  1.000000e+00
   outer loop
     vertex  1.662500e+02 -1.095000e+02  1.516200e+00
     vertex  1.637000e+02 -1.076356e+02  1.516200e+00
     vertex  1.515000e+02 -1.041500e+02  1.516200e+00
   endloop
 endfacet
 facet normal  0.000000e+00  0.000000e+00  1.000000e+00
   outer loop
     vertex  1.649141e+02 -1.077955e+02  1.516200e+00
     vertex  1.645000e+02 -1.078500e+02  1.516200e+00
     vertex  1.662500e+02 -1.095000e+02  1.516200e+00
   endloop
 endfacet
 facet normal  0.000000e+00  0.000000e+00  1.000000e+00
   outer loop
     vertex  1.629545e+02 -1.058359e+02  1.516200e+00
     vertex  1.568864e+02 -1.038535e+02  1.516200e+00
     vertex  1.568464e+02 -1.039500e+02  1.516200e+00
   endloop
 endfacet
 facet normal  0.000000e+00  0.000000e+00  1.000000e+00
   outer loop
     vertex  1.629545e+02 -1.058359e+02  1.516200e+00
     vertex  1.568464e+02 -1.039500e+02  1.516200e+00
     vertex  1.629000e+02 -1.062500e+02  1.516200e+00
   endloop
 endfacet
 facet normal  0.000000e+00  0.000000e+00  1.000000e+00
   outer loop
     vertex  1.631144e+02 -1.054500e+02  1.516200e+00
     vertex  1.568864e+02 -1.036465e+02  1.516200e+00
     vertex  1.569000e+02 -1.037500e+02  1.516200e+00
   endloop
 endfacet
 facet normal  0.000000e+00  0.000000e+00  1.000000e+00
   outer loop
     vertex  1.631144e+02 -1.054500e+02  1.516200e+00
     vertex  1.569000e+02 -1.037500e+02  1.516200e+00
     vertex  1.568864e+02 -1.038535e+02  1.516200e+00
   endloop
 endfacet
 facet normal  0.000000e+00  0.000000e+00  1.000000e+00
   outer loop
     vertex  1.631144e+02 -1.054500e+02  1.516200e+00
     vertex  1.568864e+02 -1.038535e+02  1.516200e+00
     vertex  1.629545e+02 -1.058359e+02  1.516200e+00
   endloop
 endfacet
 facet normal  0.000000e+00  0.000000e+00  1.000000e+00
   outer loop
     vertex  1.653000e+02 -1.076356e+02  1.516200e+00
     vertex  1.649141e+02 -1.077955e+02  1.516200e+00
     vertex  1.662500e+02 -1.095000e+02  1.516200e+00
   endloop
 endfacet
 facet normal  0.000000e+00  0.000000e+00  1.000000e+00
   outer loop
     vertex  1.633686e+02 -1.051186e+02  1.516200e+00
     vertex  1.568864e+02 -1.036465e+02  1.516200e+00
     vertex  1.631144e+02 -1.054500e+02  1.516200e+00
   endloop
 endfacet
 facet normal  0.000000e+00  0.000000e+00  1.000000e+00
   outer loop
     vertex  1.656314e+02 -1.073814e+02  1.516200e+00
     vertex  1.653000e+02 -1.076356e+02  1.516200e+00
     vertex  1.662500e+02 -1.095000e+02  1.516200e+00
   endloop
 endfacet
 facet normal  0.000000e+00  0.000000e+00  1.000000e+00
   outer loop
     vertex  1.656314e+02 -1.073814e+02  1.516200e+00
     vertex  1.666950e+02 -1.094499e+02  1.516200e+00
     vertex  1.671178e+02 -1.093019e+02  1.516200e+00
   endloop
 endfacet
 facet normal  0.000000e+00  0.000000e+00  1.000000e+00
   outer loop
     vertex  1.656314e+02 -1.073814e+02  1.516200e+00
     vertex  1.662500e+02 -1.095000e+02  1.516200e+00
     vertex  1.666950e+02 -1.094499e+02  1.516200e+00
   endloop
 endfacet
 facet normal  0.000000e+00  0.000000e+00  1.000000e+00
   outer loop
     vertex  1.674970e+02 -1.090637e+02  1.516200e+00
     vertex  1.656314e+02 -1.073814e+02  1.516200e+00
     vertex  1.671178e+02 -1.093019e+02  1.516200e+00
   endloop
 endfacet
 facet normal  0.000000e+00  0.000000e+00  1.000000e+00
   outer loop
     vertex  1.678137e+02 -1.087470e+02  1.516200e+00
     vertex  1.656314e+02 -1.073814e+02  1.516200e+00
     vertex  1.674970e+02 -1.090637e+02  1.516200e+00
   endloop
 endfacet
 facet normal  0.000000e+00  0.000000e+00  1.000000e+00
   outer loop
     vertex  1.678137e+02 -1.087470e+02  1.516200e+00
     vertex  1.658856e+02 -1.070500e+02  1.516200e+00
     vertex  1.656314e+02 -1.073814e+02  1.516200e+00
   endloop
 endfacet
 facet normal  0.000000e+00  0.000000e+00  1.000000e+00
   outer loop
     vertex  1.680519e+02 -1.083678e+02  1.516200e+00
     vertex  1.658856e+02 -1.070500e+02  1.516200e+00
     vertex  1.678137e+02 -1.087470e+02  1.516200e+00
   endloop
 endfacet
 facet normal  0.000000e+00  0.000000e+00  1.000000e+00
   outer loop
     vertex  1.681999e+02 -1.079450e+02  1.516200e+00
     vertex  1.658856e+02 -1.070500e+02  1.516200e+00
     vertex  1.680519e+02 -1.083678e+02  1.516200e+00
   endloop
 endfacet
 facet normal  0.000000e+00  0.000000e+00  1.000000e+00
   outer loop
     vertex  1.682500e+02 -1.075000e+02  1.516200e+00
     vertex  1.658856e+02 -1.070500e+02  1.516200e+00
     vertex  1.681999e+02 -1.079450e+02  1.516200e+00
   endloop
 endfacet
 facet normal  0.000000e+00  0.000000e+00  1.000000e+00
   outer loop
     vertex  1.682500e+02 -1.075000e+02  1.516200e+00
     vertex  1.658856e+02 -1.054500e+02  1.516200e+00
     vertex  1.660455e+02 -1.058359e+02  1.516200e+00
   endloop
 endfacet
 facet normal  0.000000e+00  0.000000e+00  1.000000e+00
   outer loop
     vertex  1.682500e+02 -1.075000e+02  1.516200e+00
     vertex  1.660455e+02 -1.058359e+02  1.516200e+00
     vertex  1.661000e+02 -1.062500e+02  1.516200e+00
   endloop
 endfacet
 facet normal  0.000000e+00  0.000000e+00  1.000000e+00
   outer loop
     vertex  1.682500e+02 -1.075000e+02  1.516200e+00
     vertex  1.661000e+02 -1.062500e+02  1.516200e+00
     vertex  1.660455e+02 -1.066641e+02  1.516200e+00
   endloop
 endfacet
 facet normal  0.000000e+00  0.000000e+00  1.000000e+00
   outer loop
     vertex  1.682500e+02 -1.075000e+02  1.516200e+00
     vertex  1.660455e+02 -1.066641e+02  1.516200e+00
     vertex  1.658856e+02 -1.070500e+02  1.516200e+00
   endloop
 endfacet
 facet normal  0.000000e+00  0.000000e+00  1.000000e+00
   outer loop
     vertex  1.636111e+02 -1.008889e+02  1.516200e+00
     vertex  1.633686e+02 -1.051186e+02  1.516200e+00
     vertex  1.637000e+02 -1.048644e+02  1.516200e+00
   endloop
 endfacet
 facet normal  0.000000e+00  0.000000e+00  1.000000e+00
   outer loop
     vertex  1.635237e+02 -1.007750e+02  1.516200e+00
     vertex  1.568464e+02 -1.035500e+02  1.516200e+00
     vertex  1.568864e+02 -1.036465e+02  1.516200e+00
   endloop
 endfacet
 facet normal  0.000000e+00  0.000000e+00  1.000000e+00
   outer loop
     vertex  1.635237e+02 -1.007750e+02  1.516200e+00
     vertex  1.568864e+02 -1.036465e+02  1.516200e+00
     vertex  1.633686e+02 -1.051186e+02  1.516200e+00
   endloop
 endfacet
 facet normal  0.000000e+00  0.000000e+00  1.000000e+00
   outer loop
     vertex  1.635237e+02 -1.007750e+02  1.516200e+00
     vertex  1.633686e+02 -1.051186e+02  1.516200e+00
     vertex  1.636111e+02 -1.008889e+02  1.516200e+00
   endloop
 endfacet
 facet normal  0.000000e+00  0.000000e+00  1.000000e+00
   outer loop
     vertex  1.637250e+02 -1.009763e+02  1.516200e+00
     vertex  1.636111e+02 -1.008889e+02  1.516200e+00
     vertex  1.637000e+02 -1.048644e+02  1.516200e+00
   endloop
 endfacet
 facet normal  0.000000e+00  0.000000e+00  1.000000e+00
   outer loop
     vertex  1.634687e+02 -1.006424e+02  1.516200e+00
     vertex  1.567828e+02 -1.034672e+02  1.516200e+00
     vertex  1.568464e+02 -1.035500e+02  1.516200e+00
   endloop
 endfacet
 facet normal  0.000000e+00  0.000000e+00  1.000000e+00
   outer loop
     vertex  1.634687e+02 -1.006424e+02  1.516200e+00
     vertex  1.568464e+02 -1.035500e+02  1.516200e+00
     vertex  1.635237e+02 -1.007750e+02  1.516200e+00
   endloop
 endfacet
 facet normal  0.000000e+00  0.000000e+00  1.000000e+00
   outer loop
     vertex  1.638576e+02 -1.010313e+02  1.516200e+00
     vertex  1.637250e+02 -1.009763e+02  1.516200e+00
     vertex  1.637000e+02 -1.048644e+02  1.516200e+00
   endloop
 endfacet
 facet normal  0.000000e+00  0.000000e+00  1.000000e+00
   outer loop
     vertex  1.638576e+02 -1.010313e+02  1.516200e+00
     vertex  1.637000e+02 -1.048644e+02  1.516200e+00
     vertex  1.640859e+02 -1.047045e+02  1.516200e+00
   endloop
 endfacet
 facet normal  0.000000e+00  0.000000e+00  1.000000e+00
   outer loop
     vertex  1.634500e+02 -1.005000e+02  1.516200e+00
     vertex  1.567000e+02 -1.034036e+02  1.516200e+00
     vertex  1.567828e+02 -1.034672e+02  1.516200e+00
   endloop
 endfacet
 facet normal  0.000000e+00  0.000000e+00  1.000000e+00
   outer loop
     vertex  1.634500e+02 -1.005000e+02  1.516200e+00
     vertex  1.567828e+02 -1.034672e+02  1.516200e+00
     vertex  1.634687e+02 -1.006424e+02  1.516200e+00
   endloop
 endfacet
 facet normal  0.000000e+00  0.000000e+00  1.000000e+00
   outer loop
     vertex  1.640000e+02 -1.010500e+02  1.516200e+00
     vertex  1.638576e+02 -1.010313e+02  1.516200e+00
     vertex  1.640859e+02 -1.047045e+02  1.516200e+00
   endloop
 endfacet
 facet normal  0.000000e+00  0.000000e+00  1.000000e+00
   outer loop
     vertex  1.640000e+02 -1.010500e+02  1.516200e+00
     vertex  1.640859e+02 -1.047045e+02  1.516200e+00
     vertex  1.645000e+02 -1.046500e+02  1.516200e+00
   endloop
 endfacet
 facet normal  0.000000e+00  0.000000e+00  1.000000e+00
   outer loop
     vertex  1.634687e+02 -1.003576e+02  1.516200e+00
     vertex  1.566035e+02 -1.033636e+02  1.516200e+00
     vertex  1.567000e+02 -1.034036e+02  1.516200e+00
   endloop
 endfacet
 facet normal  0.000000e+00  0.000000e+00  1.000000e+00
   outer loop
     vertex  1.634687e+02 -1.003576e+02  1.516200e+00
     vertex  1.567000e+02 -1.034036e+02  1.516200e+00
     vertex  1.634500e+02 -1.005000e+02  1.516200e+00
   endloop
 endfacet
 facet normal  0.000000e+00  0.000000e+00  1.000000e+00
   outer loop
     vertex  1.641424e+02 -1.010313e+02  1.516200e+00
     vertex  1.640000e+02 -1.010500e+02  1.516200e+00
     vertex  1.645000e+02 -1.046500e+02  1.516200e+00
   endloop
 endfacet
 facet normal  0.000000e+00  0.000000e+00  1.000000e+00
   outer loop
     vertex  1.642750e+02 -1.009763e+02  1.516200e+00
     vertex  1.641424e+02 -1.010313e+02  1.516200e+00
     vertex  1.645000e+02 -1.046500e+02  1.516200e+00
   endloop
 endfacet
 facet normal  0.000000e+00  0.000000e+00  1.000000e+00
   outer loop
     vertex  1.642750e+02 -1.009763e+02  1.516200e+00
     vertex  1.645000e+02 -1.046500e+02  1.516200e+00
     vertex  1.649141e+02 -1.047045e+02  1.516200e+00
   endloop
 endfacet
 facet normal  0.000000e+00  0.000000e+00  1.000000e+00
   outer loop
     vertex  1.643889e+02 -1.008889e+02  1.516200e+00
     vertex  1.642750e+02 -1.009763e+02  1.516200e+00
     vertex  1.649141e+02 -1.047045e+02  1.516200e+00
   endloop
 endfacet
 facet normal  0.000000e+00  0.000000e+00  1.000000e+00
   outer loop
     vertex  1.643889e+02 -1.008889e+02  1.516200e+00
     vertex  1.649141e+02 -1.047045e+02  1.516200e+00
     vertex  1.653000e+02 -1.048644e+02  1.516200e+00
   endloop
 endfacet
 facet normal  0.000000e+00  0.000000e+00  1.000000e+00
   outer loop
     vertex  1.644763e+02 -1.007750e+02  1.516200e+00
     vertex  1.643889e+02 -1.008889e+02  1.516200e+00
     vertex  1.653000e+02 -1.048644e+02  1.516200e+00
   endloop
 endfacet
 facet normal  0.000000e+00  0.000000e+00  1.000000e+00
   outer loop
     vertex  1.644763e+02 -1.007750e+02  1.516200e+00
     vertex  1.653000e+02 -1.048644e+02  1.516200e+00
     vertex  1.656314e+02 -1.051186e+02  1.516200e+00
   endloop
 endfacet
 facet normal  0.000000e+00  0.000000e+00  1.000000e+00
   outer loop
     vertex  1.645313e+02 -1.006424e+02  1.516200e+00
     vertex  1.644763e+02 -1.007750e+02  1.516200e+00
     vertex  1.656314e+02 -1.051186e+02  1.516200e+00
   endloop
 endfacet
 facet normal  0.000000e+00  0.000000e+00  1.000000e+00
   outer loop
     vertex  1.645313e+02 -1.006424e+02  1.516200e+00
     vertex  1.656314e+02 -1.051186e+02  1.516200e+00
     vertex  1.658856e+02 -1.054500e+02  1.516200e+00
   endloop
 endfacet
 facet normal  0.000000e+00  0.000000e+00  1.000000e+00
   outer loop
     vertex  1.645500e+02 -1.005000e+02  1.516200e+00
     vertex  1.658856e+02 -1.054500e+02  1.516200e+00
     vertex  1.682500e+02 -1.075000e+02  1.516200e+00
   endloop
 endfacet
 facet normal  0.000000e+00  0.000000e+00  1.000000e+00
   outer loop
     vertex  1.645500e+02 -1.005000e+02  1.516200e+00
     vertex  1.645313e+02 -1.006424e+02  1.516200e+00
     vertex  1.658856e+02 -1.054500e+02  1.516200e+00
   endloop
 endfacet
 facet normal  0.000000e+00  0.000000e+00  1.000000e+00
   outer loop
     vertex  1.645313e+02 -1.003576e+02  1.516200e+00
     vertex  1.645500e+02 -1.005000e+02  1.516200e+00
     vertex  1.682500e+02 -1.075000e+02  1.516200e+00
   endloop
 endfacet
 facet normal  0.000000e+00  0.000000e+00  1.000000e+00
   outer loop
     vertex  1.637250e+02 -9.716631e+01  1.516200e+00
     vertex  1.636111e+02 -1.001111e+02  1.516200e+00
     vertex  1.637250e+02 -1.000237e+02  1.516200e+00
   endloop
 endfacet
 facet normal  0.000000e+00  0.000000e+00  1.000000e+00
   outer loop
     vertex  1.637250e+02 -9.716631e+01  1.516200e+00
     vertex  1.636111e+02 -9.707891e+01  1.516200e+00
     vertex  1.636111e+02 -1.001111e+02  1.516200e+00
   endloop
 endfacet
 facet normal  0.000000e+00  0.000000e+00  1.000000e+00
   outer loop
     vertex  1.635237e+02 -9.696500e+01  1.516200e+00
     vertex  1.635237e+02 -1.002250e+02  1.516200e+00
     vertex  1.636111e+02 -1.001111e+02  1.516200e+00
   endloop
 endfacet
 facet normal  0.000000e+00  0.000000e+00  1.000000e+00
   outer loop
     vertex  1.635237e+02 -9.696500e+01  1.516200e+00
     vertex  1.636111e+02 -1.001111e+02  1.516200e+00
     vertex  1.636111e+02 -9.707891e+01  1.516200e+00
   endloop
 endfacet
 facet normal  0.000000e+00  0.000000e+00  1.000000e+00
   outer loop
     vertex  1.638576e+02 -9.722126e+01  1.516200e+00
     vertex  1.637250e+02 -9.716631e+01  1.516200e+00
     vertex  1.637250e+02 -1.000237e+02  1.516200e+00
   endloop
 endfacet
 facet normal  0.000000e+00  0.000000e+00  1.000000e+00
   outer loop
     vertex  1.638576e+02 -9.722126e+01  1.516200e+00
     vertex  1.637250e+02 -1.000237e+02  1.516200e+00
     vertex  1.638576e+02 -9.996874e+01  1.516200e+00
   endloop
 endfacet
 facet normal  0.000000e+00  0.000000e+00  1.000000e+00
   outer loop
     vertex  1.638576e+02 -9.722126e+01  1.516200e+00
     vertex  1.638576e+02 -9.996874e+01  1.516200e+00
     vertex  1.640000e+02 -9.995000e+01  1.516200e+00
   endloop
 endfacet
 facet normal  0.000000e+00  0.000000e+00  1.000000e+00
   outer loop
     vertex  1.634687e+02 -9.683235e+01  1.516200e+00
     vertex  1.566035e+02 -1.033636e+02  1.516200e+00
     vertex  1.634687e+02 -1.003576e+02  1.516200e+00
   endloop
 endfacet
 facet normal  0.000000e+00  0.000000e+00  1.000000e+00
   outer loop
     vertex  1.634687e+02 -9.683235e+01  1.516200e+00
     vertex  1.634687e+02 -1.003576e+02  1.516200e+00
     vertex  1.635237e+02 -1.002250e+02  1.516200e+00
   endloop
 endfacet
 facet normal  0.000000e+00  0.000000e+00  1.000000e+00
   outer loop
     vertex  1.634687e+02 -9.683235e+01  1.516200e+00
     vertex  1.635237e+02 -1.002250e+02  1.516200e+00
     vertex  1.635237e+02 -9.696500e+01  1.516200e+00
   endloop
 endfacet
 facet normal  0.000000e+00  0.000000e+00  1.000000e+00
   outer loop
     vertex  1.634500e+02 -9.669000e+01  1.516200e+00
     vertex  1.566035e+02 -1.033636e+02  1.516200e+00
     vertex  1.634687e+02 -9.683235e+01  1.516200e+00
   endloop
 endfacet
 facet normal  0.000000e+00  0.000000e+00  1.000000e+00
   outer loop
     vertex  1.634500e+02 -9.669000e+01  1.516200e+00
     vertex  1.565000e+02 -1.033500e+02  1.516200e+00
     vertex  1.566035e+02 -1.033636e+02  1.516200e+00
   endloop
 endfacet
 facet normal  0.000000e+00  0.000000e+00  1.000000e+00
   outer loop
     vertex  1.640000e+02 -9.724000e+01  1.516200e+00
     vertex  1.638576e+02 -9.722126e+01  1.516200e+00
     vertex  1.640000e+02 -9.995000e+01  1.516200e+00
   endloop
 endfacet
 facet normal  0.000000e+00  0.000000e+00  1.000000e+00
   outer loop
     vertex  1.634687e+02 -9.654765e+01  1.516200e+00
     vertex  1.565000e+02 -1.033500e+02  1.516200e+00
     vertex  1.634500e+02 -9.669000e+01  1.516200e+00
   endloop
 endfacet
 facet normal  0.000000e+00  0.000000e+00  1.000000e+00
   outer loop
     vertex  1.634687e+02 -9.654765e+01  1.516200e+00
     vertex  1.563965e+02 -1.033636e+02  1.516200e+00
     vertex  1.565000e+02 -1.033500e+02  1.516200e+00
   endloop
 endfacet
 facet normal  0.000000e+00  0.000000e+00  1.000000e+00
   outer loop
     vertex  1.641424e+02 -9.722126e+01  1.516200e+00
     vertex  1.640000e+02 -9.724000e+01  1.516200e+00
     vertex  1.640000e+02 -9.995000e+01  1.516200e+00
   endloop
 endfacet
 facet normal  0.000000e+00  0.000000e+00  1.000000e+00
   outer loop
     vertex  1.641424e+02 -9.722126e+01  1.516200e+00
     vertex  1.640000e+02 -9.995000e+01  1.516200e+00
     vertex  1.641424e+02 -9.996874e+01  1.516200e+00
   endloop
 endfacet
 facet normal  0.000000e+00  0.000000e+00  1.000000e+00
   outer loop
     vertex  1.642750e+02 -9.716631e+01  1.516200e+00
     vertex  1.641424e+02 -9.996874e+01  1.516200e+00
     vertex  1.642750e+02 -1.000237e+02  1.516200e+00
   endloop
 endfacet
 facet normal  0.000000e+00  0.000000e+00  1.000000e+00
   outer loop
     vertex  1.642750e+02 -9.716631e+01  1.516200e+00
     vertex  1.641424e+02 -9.722126e+01  1.516200e+00
     vertex  1.641424e+02 -9.996874e+01  1.516200e+00
   endloop
 endfacet
 facet normal  0.000000e+00  0.000000e+00  1.000000e+00
   outer loop
     vertex  1.643889e+02 -9.707891e+01  1.516200e+00
     vertex  1.642750e+02 -9.716631e+01  1.516200e+00
     vertex  1.642750e+02 -1.000237e+02  1.516200e+00
   endloop
 endfacet
 facet normal  0.000000e+00  0.000000e+00  1.000000e+00
   outer loop
     vertex  1.643889e+02 -9.707891e+01  1.516200e+00
     vertex  1.642750e+02 -1.000237e+02  1.516200e+00
     vertex  1.643889e+02 -1.001111e+02  1.516200e+00
   endloop
 endfacet
 facet normal  0.000000e+00  0.000000e+00  1.000000e+00
   outer loop
     vertex  1.644763e+02 -9.696500e+01  1.516200e+00
     vertex  1.643889e+02 -9.707891e+01  1.516200e+00
     vertex  1.643889e+02 -1.001111e+02  1.516200e+00
   endloop
 endfacet
 facet normal  0.000000e+00  0.000000e+00  1.000000e+00
   outer loop
     vertex  1.644763e+02 -9.696500e+01  1.516200e+00
     vertex  1.643889e+02 -1.001111e+02  1.516200e+00
     vertex  1.644763e+02 -1.002250e+02  1.516200e+00
   endloop
 endfacet
 facet normal  0.000000e+00  0.000000e+00  1.000000e+00
   outer loop
     vertex  1.645313e+02 -9.683235e+01  1.516200e+00
     vertex  1.644763e+02 -9.696500e+01  1.516200e+00
     vertex  1.644763e+02 -1.002250e+02  1.516200e+00
   endloop
 endfacet
 facet normal  0.000000e+00  0.000000e+00  1.000000e+00
   outer loop
     vertex  1.645313e+02 -9.683235e+01  1.516200e+00
     vertex  1.644763e+02 -1.002250e+02  1.516200e+00
     vertex  1.645313e+02 -1.003576e+02  1.516200e+00
   endloop
 endfacet
 facet normal  0.000000e+00  0.000000e+00  1.000000e+00
   outer loop
     vertex  1.645313e+02 -9.683235e+01  1.516200e+00
     vertex  1.645313e+02 -1.003576e+02  1.516200e+00
     vertex  1.682500e+02 -1.075000e+02  1.516200e+00
   endloop
 endfacet
 facet normal  0.000000e+00  0.000000e+00  1.000000e+00
   outer loop
     vertex  1.645500e+02 -9.669000e+01  1.516200e+00
     vertex  1.645313e+02 -9.683235e+01  1.516200e+00
     vertex  1.682500e+02 -1.075000e+02  1.516200e+00
   endloop
 endfacet
 facet normal  0.000000e+00  0.000000e+00  1.000000e+00
   outer loop
     vertex  1.637250e+02 -9.335631e+01  1.516200e+00
     vertex  1.636111e+02 -9.326891e+01  1.516200e+00
     vertex  1.636111e+02 -9.630109e+01  1.516200e+00
   endloop
 endfacet
 facet normal  0.000000e+00  0.000000e+00  1.000000e+00
   outer loop
     vertex  1.637250e+02 -9.335631e+01  1.516200e+00
     vertex  1.636111e+02 -9.630109e+01  1.516200e+00
     vertex  1.637250e+02 -9.621369e+01  1.516200e+00
   endloop
 endfacet
 facet normal  0.000000e+00  0.000000e+00  1.000000e+00
   outer loop
     vertex  1.635237e+02 -9.315500e+01  1.516200e+00
     vertex  1.636111e+02 -9.630109e+01  1.516200e+00
     vertex  1.636111e+02 -9.326891e+01  1.516200e+00
   endloop
 endfacet
 facet normal  0.000000e+00  0.000000e+00  1.000000e+00
   outer loop
     vertex  1.635237e+02 -9.315500e+01  1.516200e+00
     vertex  1.635237e+02 -9.641500e+01  1.516200e+00
     vertex  1.636111e+02 -9.630109e+01  1.516200e+00
   endloop
 endfacet
 facet normal  0.000000e+00  0.000000e+00  1.000000e+00
   outer loop
     vertex  1.638576e+02 -9.341126e+01  1.516200e+00
     vertex  1.637250e+02 -9.335631e+01  1.516200e+00
     vertex  1.637250e+02 -9.621369e+01  1.516200e+00
   endloop
 endfacet
 facet normal  0.000000e+00  0.000000e+00  1.000000e+00
   outer loop
     vertex  1.638576e+02 -9.341126e+01  1.516200e+00
     vertex  1.637250e+02 -9.621369e+01  1.516200e+00
     vertex  1.638576e+02 -9.615874e+01  1.516200e+00
   endloop
 endfacet
 facet normal  0.000000e+00  0.000000e+00  1.000000e+00
   outer loop
     vertex  1.638576e+02 -9.341126e+01  1.516200e+00
     vertex  1.638576e+02 -9.615874e+01  1.516200e+00
     vertex  1.640000e+02 -9.614000e+01  1.516200e+00
   endloop
 endfacet
 facet normal  0.000000e+00  0.000000e+00  1.000000e+00
   outer loop
     vertex  1.634687e+02 -9.302235e+01  1.516200e+00
     vertex  1.635237e+02 -9.641500e+01  1.516200e+00
     vertex  1.635237e+02 -9.315500e+01  1.516200e+00
   endloop
 endfacet
 facet normal  0.000000e+00  0.000000e+00  1.000000e+00
   outer loop
     vertex  1.634687e+02 -9.302235e+01  1.516200e+00
     vertex  1.634687e+02 -9.654765e+01  1.516200e+00
     vertex  1.635237e+02 -9.641500e+01  1.516200e+00
   endloop
 endfacet
 facet normal  0.000000e+00  0.000000e+00  1.000000e+00
   outer loop
     vertex  1.634687e+02 -9.302235e+01  1.516200e+00
     vertex  1.563965e+02 -1.033636e+02  1.516200e+00
     vertex  1.634687e+02 -9.654765e+01  1.516200e+00
   endloop
 endfacet
 facet normal  0.000000e+00  0.000000e+00  1.000000e+00
   outer loop
     vertex  1.640000e+02 -9.343000e+01  1.516200e+00
     vertex  1.638576e+02 -9.341126e+01  1.516200e+00
     vertex  1.640000e+02 -9.614000e+01  1.516200e+00
   endloop
 endfacet
 facet normal  0.000000e+00  0.000000e+00  1.000000e+00
   outer loop
     vertex  1.640000e+02 -9.343000e+01  1.516200e+00
     vertex  1.640000e+02 -9.614000e+01  1.516200e+00
     vertex  1.641424e+02 -9.615874e+01  1.516200e+00
   endloop
 endfacet
 facet normal  0.000000e+00  0.000000e+00  1.000000e+00
   outer loop
     vertex  1.634500e+02 -9.288000e+01  1.516200e+00
     vertex  1.563965e+02 -1.033636e+02  1.516200e+00
     vertex  1.634687e+02 -9.302235e+01  1.516200e+00
   endloop
 endfacet
 facet normal  0.000000e+00  0.000000e+00  1.000000e+00
   outer loop
     vertex  1.634500e+02 -9.288000e+01  1.516200e+00
     vertex  1.515000e+02 -1.033500e+02  1.516200e+00
     vertex  1.516035e+02 -1.033636e+02  1.516200e+00
   endloop
 endfacet
 facet normal  0.000000e+00  0.000000e+00  1.000000e+00
   outer loop
     vertex  1.634500e+02 -9.288000e+01  1.516200e+00
     vertex  1.516035e+02 -1.033636e+02  1.516200e+00
     vertex  1.563965e+02 -1.033636e+02  1.516200e+00
   endloop
 endfacet
 facet normal  0.000000e+00  0.000000e+00  1.000000e+00
   outer loop
     vertex  1.641424e+02 -9.341126e+01  1.516200e+00
     vertex  1.640000e+02 -9.343000e+01  1.516200e+00
     vertex  1.641424e+02 -9.615874e+01  1.516200e+00
   endloop
 endfacet
 facet normal  0.000000e+00  0.000000e+00  1.000000e+00
   outer loop
     vertex  1.634687e+02 -9.273765e+01  1.516200e+00
     vertex  1.515000e+02 -1.033500e+02  1.516200e+00
     vertex  1.634500e+02 -9.288000e+01  1.516200e+00
   endloop
 endfacet
 facet normal  0.000000e+00  0.000000e+00  1.000000e+00
   outer loop
     vertex  1.642750e+02 -9.335631e+01  1.516200e+00
     vertex  1.641424e+02 -9.341126e+01  1.516200e+00
     vertex  1.641424e+02 -9.615874e+01  1.516200e+00
   endloop
 endfacet
 facet normal  0.000000e+00  0.000000e+00  1.000000e+00
   outer loop
     vertex  1.642750e+02 -9.335631e+01  1.516200e+00
     vertex  1.641424e+02 -9.615874e+01  1.516200e+00
     vertex  1.642750e+02 -9.621369e+01  1.516200e+00
   endloop
 endfacet
 facet normal  0.000000e+00  0.000000e+00  1.000000e+00
   outer loop
     vertex  1.643889e+02 -9.326891e+01  1.516200e+00
     vertex  1.642750e+02 -9.621369e+01  1.516200e+00
     vertex  1.643889e+02 -9.630109e+01  1.516200e+00
   endloop
 endfacet
 facet normal  0.000000e+00  0.000000e+00  1.000000e+00
   outer loop
     vertex  1.643889e+02 -9.326891e+01  1.516200e+00
     vertex  1.642750e+02 -9.335631e+01  1.516200e+00
     vertex  1.642750e+02 -9.621369e+01  1.516200e+00
   endloop
 endfacet
 facet normal  0.000000e+00  0.000000e+00  1.000000e+00
   outer loop
     vertex  1.644763e+02 -9.315500e+01  1.516200e+00
     vertex  1.643889e+02 -9.630109e+01  1.516200e+00
     vertex  1.644763e+02 -9.641500e+01  1.516200e+00
   endloop
 endfacet
 facet normal  0.000000e+00  0.000000e+00  1.000000e+00
   outer loop
     vertex  1.644763e+02 -9.315500e+01  1.516200e+00
     vertex  1.643889e+02 -9.326891e+01  1.516200e+00
     vertex  1.643889e+02 -9.630109e+01  1.516200e+00
   endloop
 endfacet
 facet normal  0.000000e+00  0.000000e+00  1.000000e+00
   outer loop
     vertex  1.645313e+02 -9.302235e+01  1.516200e+00
     vertex  1.644763e+02 -9.641500e+01  1.516200e+00
     vertex  1.645313e+02 -9.654765e+01  1.516200e+00
   endloop
 endfacet
 facet normal  0.000000e+00  0.000000e+00  1.000000e+00
   outer loop
     vertex  1.645313e+02 -9.302235e+01  1.516200e+00
     vertex  1.644763e+02 -9.315500e+01  1.516200e+00
     vertex  1.644763e+02 -9.641500e+01  1.516200e+00
   endloop
 endfacet
 facet normal  0.000000e+00  0.000000e+00  1.000000e+00
   outer loop
     vertex  1.636111e+02 -8.945891e+01  1.516200e+00
     vertex  1.635237e+02 -9.260500e+01  1.516200e+00
     vertex  1.636111e+02 -9.249109e+01  1.516200e+00
   endloop
 endfacet
 facet normal  0.000000e+00  0.000000e+00  1.000000e+00
   outer loop
     vertex  1.637250e+02 -8.954631e+01  1.516200e+00
     vertex  1.636111e+02 -8.945891e+01  1.516200e+00
     vertex  1.636111e+02 -9.249109e+01  1.516200e+00
   endloop
 endfacet
 facet normal  0.000000e+00  0.000000e+00  1.000000e+00
   outer loop
     vertex  1.637250e+02 -8.954631e+01  1.516200e+00
     vertex  1.636111e+02 -9.249109e+01  1.516200e+00
     vertex  1.637250e+02 -9.240369e+01  1.516200e+00
   endloop
 endfacet
 facet normal  0.000000e+00  0.000000e+00  1.000000e+00
   outer loop
     vertex  1.637250e+02 -8.954631e+01  1.516200e+00
     vertex  1.637250e+02 -9.240369e+01  1.516200e+00
     vertex  1.638576e+02 -9.234874e+01  1.516200e+00
   endloop
 endfacet
 facet normal  0.000000e+00  0.000000e+00  1.000000e+00
   outer loop
     vertex  1.635237e+02 -8.934500e+01  1.516200e+00
     vertex  1.635237e+02 -9.260500e+01  1.516200e+00
     vertex  1.636111e+02 -8.945891e+01  1.516200e+00
   endloop
 endfacet
 facet normal  0.000000e+00  0.000000e+00  1.000000e+00
   outer loop
     vertex  1.638576e+02 -8.960126e+01  1.516200e+00
     vertex  1.637250e+02 -8.954631e+01  1.516200e+00
     vertex  1.638576e+02 -9.234874e+01  1.516200e+00
   endloop
 endfacet
 facet normal  0.000000e+00  0.000000e+00  1.000000e+00
   outer loop
     vertex  1.634687e+02 -8.921235e+01  1.516200e+00
     vertex  1.515000e+02 -1.033500e+02  1.516200e+00
     vertex  1.634687e+02 -9.273765e+01  1.516200e+00
   endloop
 endfacet
 facet normal  0.000000e+00  0.000000e+00  1.000000e+00
   outer loop
     vertex  1.634687e+02 -8.921235e+01  1.516200e+00
     vertex  1.634687e+02 -9.273765e+01  1.516200e+00
     vertex  1.635237e+02 -9.260500e+01  1.516200e+00
   endloop
 endfacet
 facet normal  0.000000e+00  0.000000e+00  1.000000e+00
   outer loop
     vertex  1.634687e+02 -8.921235e+01  1.516200e+00
     vertex  1.635237e+02 -9.260500e+01  1.516200e+00
     vertex  1.635237e+02 -8.934500e+01  1.516200e+00
   endloop
 endfacet
 facet normal  0.000000e+00  0.000000e+00  1.000000e+00
   outer loop
     vertex  1.640000e+02 -8.962000e+01  1.516200e+00
     vertex  1.638576e+02 -8.960126e+01  1.516200e+00
     vertex  1.638576e+02 -9.234874e+01  1.516200e+00
   endloop
 endfacet
 facet normal  0.000000e+00  0.000000e+00  1.000000e+00
   outer loop
     vertex  1.640000e+02 -8.962000e+01  1.516200e+00
     vertex  1.638576e+02 -9.234874e+01  1.516200e+00
     vertex  1.640000e+02 -9.233000e+01  1.516200e+00
   endloop
 endfacet
 facet normal  0.000000e+00  0.000000e+00  1.000000e+00
   outer loop
     vertex  1.634500e+02 -8.907000e+01  1.516200e+00
     vertex  1.513965e+02 -1.033636e+02  1.516200e+00
     vertex  1.515000e+02 -1.033500e+02  1.516200e+00
   endloop
 endfacet
 facet normal  0.000000e+00  0.000000e+00  1.000000e+00
   outer loop
     vertex  1.634500e+02 -8.907000e+01  1.516200e+00
     vertex  1.515000e+02 -1.033500e+02  1.516200e+00
     vertex  1.634687e+02 -8.921235e+01  1.516200e+00
   endloop
 endfacet
 facet normal  0.000000e+00  0.000000e+00  1.000000e+00
   outer loop
     vertex  1.641424e+02 -8.960126e+01  1.516200e+00
     vertex  1.640000e+02 -8.962000e+01  1.516200e+00
     vertex  1.640000e+02 -9.233000e+01  1.516200e+00
   endloop
 endfacet
 facet normal  0.000000e+00  0.000000e+00  1.000000e+00
   outer loop
     vertex  1.641424e+02 -8.960126e+01  1.516200e+00
     vertex  1.640000e+02 -9.233000e+01  1.516200e+00
     vertex  1.641424e+02 -9.234874e+01  1.516200e+00
   endloop
 endfacet
 facet normal  0.000000e+00  0.000000e+00  1.000000e+00
   outer loop
     vertex  1.641424e+02 -8.960126e+01  1.516200e+00
     vertex  1.641424e+02 -9.234874e+01  1.516200e+00
     vertex  1.642750e+02 -9.240369e+01  1.516200e+00
   endloop
 endfacet
 facet normal  0.000000e+00  0.000000e+00  1.000000e+00
   outer loop
     vertex  1.634687e+02 -8.892765e+01  1.516200e+00
     vertex  1.513965e+02 -1.033636e+02  1.516200e+00
     vertex  1.634500e+02 -8.907000e+01  1.516200e+00
   endloop
 endfacet
 facet normal  0.000000e+00  0.000000e+00  1.000000e+00
   outer loop
     vertex  1.634687e+02 -8.892765e+01  1.516200e+00
     vertex  1.274898e+02 -9.248000e+01  1.516200e+00
     vertex  1.275198e+02 -9.255235e+01  1.516200e+00
   endloop
 endfacet
 facet normal  0.000000e+00  0.000000e+00  1.000000e+00
   outer loop
     vertex  1.634687e+02 -8.892765e+01  1.516200e+00
     vertex  1.275198e+02 -9.255235e+01  1.516200e+00
     vertex  1.513965e+02 -1.033636e+02  1.516200e+00
   endloop
 endfacet
 facet normal  0.000000e+00  0.000000e+00  1.000000e+00
   outer loop
     vertex  1.642750e+02 -8.954631e+01  1.516200e+00
     vertex  1.641424e+02 -8.960126e+01  1.516200e+00
     vertex  1.642750e+02 -9.240369e+01  1.516200e+00
   endloop
 endfacet
 facet normal  0.000000e+00  0.000000e+00  1.000000e+00
   outer loop
     vertex  1.635237e+02 -8.879500e+01  1.516200e+00
     vertex  1.274898e+02 -9.248000e+01  1.516200e+00
     vertex  1.634687e+02 -8.892765e+01  1.516200e+00
   endloop
 endfacet
 facet normal  0.000000e+00  0.000000e+00  1.000000e+00
   outer loop
     vertex  1.635237e+02 -8.879500e+01  1.516200e+00
     vertex  1.248856e+02 -8.745000e+01  1.516200e+00
     vertex  1.250455e+02 -8.783589e+01  1.516200e+00
   endloop
 endfacet
 facet normal  0.000000e+00  0.000000e+00  1.000000e+00
   outer loop
     vertex  1.635237e+02 -8.879500e+01  1.516200e+00
     vertex  1.250455e+02 -8.783589e+01  1.516200e+00
     vertex  1.274898e+02 -9.248000e+01  1.516200e+00
   endloop
 endfacet
 facet normal  0.000000e+00  0.000000e+00  1.000000e+00
   outer loop
     vertex  1.643889e+02 -8.945891e+01  1.516200e+00
     vertex  1.642750e+02 -8.954631e+01  1.516200e+00
     vertex  1.642750e+02 -9.240369e+01  1.516200e+00
   endloop
 endfacet
 facet normal  0.000000e+00  0.000000e+00  1.000000e+00
   outer loop
     vertex  1.643889e+02 -8.945891e+01  1.516200e+00
     vertex  1.642750e+02 -9.240369e+01  1.516200e+00
     vertex  1.643889e+02 -9.249109e+01  1.516200e+00
   endloop
 endfacet
 facet normal  0.000000e+00  0.000000e+00  1.000000e+00
   outer loop
     vertex  1.636111e+02 -8.868109e+01  1.516200e+00
     vertex  1.248856e+02 -8.745000e+01  1.516200e+00
     vertex  1.635237e+02 -8.879500e+01  1.516200e+00
   endloop
 endfacet
 facet normal  0.000000e+00  0.000000e+00  1.000000e+00
   outer loop
     vertex  1.644763e+02 -8.934500e+01  1.516200e+00
     vertex  1.643889e+02 -8.945891e+01  1.516200e+00
     vertex  1.643889e+02 -9.249109e+01  1.516200e+00
   endloop
 endfacet
 facet normal  0.000000e+00  0.000000e+00  1.000000e+00
   outer loop
     vertex  1.644763e+02 -8.934500e+01  1.516200e+00
     vertex  1.643889e+02 -9.249109e+01  1.516200e+00
     vertex  1.644763e+02 -9.260500e+01  1.516200e+00
   endloop
 endfacet
 facet normal  0.000000e+00  0.000000e+00  1.000000e+00
   outer loop
     vertex  1.662500e+02 -8.500000e+01  1.516200e+00
     vertex  1.636111e+02 -8.868109e+01  1.516200e+00
     vertex  1.637250e+02 -8.859369e+01  1.516200e+00
   endloop
 endfacet
 facet normal  0.000000e+00  0.000000e+00  1.000000e+00
   outer loop
     vertex  1.662500e+02 -8.500000e+01  1.516200e+00
     vertex  1.637250e+02 -8.859369e+01  1.516200e+00
     vertex  1.638576e+02 -8.853874e+01  1.516200e+00
   endloop
 endfacet
 facet normal  0.000000e+00  0.000000e+00  1.000000e+00
   outer loop
     vertex  1.662500e+02 -8.500000e+01  1.516200e+00
     vertex  1.638576e+02 -8.853874e+01  1.516200e+00
     vertex  1.640000e+02 -8.852000e+01  1.516200e+00
   endloop
 endfacet
 facet normal  0.000000e+00  0.000000e+00  1.000000e+00
   outer loop
     vertex  1.662500e+02 -8.500000e+01  1.516200e+00
     vertex  1.640000e+02 -8.852000e+01  1.516200e+00
     vertex  1.641424e+02 -8.853874e+01  1.516200e+00
   endloop
 endfacet
 facet normal  0.000000e+00  0.000000e+00  1.000000e+00
   outer loop
     vertex  1.662500e+02 -8.500000e+01  1.516200e+00
     vertex  1.641424e+02 -8.853874e+01  1.516200e+00
     vertex  1.642750e+02 -8.859369e+01  1.516200e+00
   endloop
 endfacet
 facet normal  0.000000e+00  0.000000e+00  1.000000e+00
   outer loop
     vertex  1.662500e+02 -8.500000e+01  1.516200e+00
     vertex  1.642750e+02 -8.859369e+01  1.516200e+00
     vertex  1.643889e+02 -8.868109e+01  1.516200e+00
   endloop
 endfacet
 facet normal  0.000000e+00  0.000000e+00  1.000000e+00
   outer loop
     vertex  1.662500e+02 -8.500000e+01  1.516200e+00
     vertex  1.246314e+02 -8.711863e+01  1.516200e+00
     vertex  1.248856e+02 -8.745000e+01  1.516200e+00
   endloop
 endfacet
 facet normal  0.000000e+00  0.000000e+00  1.000000e+00
   outer loop
     vertex  1.662500e+02 -8.500000e+01  1.516200e+00
     vertex  1.248856e+02 -8.745000e+01  1.516200e+00
     vertex  1.636111e+02 -8.868109e+01  1.516200e+00
   endloop
 endfacet
 facet normal  0.000000e+00  0.000000e+00  1.000000e+00
   outer loop
     vertex  1.682500e+02 -8.700000e+01  1.516200e+00
     vertex  1.643889e+02 -8.868109e+01  1.516200e+00
     vertex  1.644763e+02 -8.879500e+01  1.516200e+00
   endloop
 endfacet
 facet normal  0.000000e+00  0.000000e+00  1.000000e+00
   outer loop
     vertex  1.682500e+02 -8.700000e+01  1.516200e+00
     vertex  1.644763e+02 -8.879500e+01  1.516200e+00
     vertex  1.645313e+02 -8.892765e+01  1.516200e+00
   endloop
 endfacet
 facet normal  0.000000e+00  0.000000e+00  1.000000e+00
   outer loop
     vertex  1.682500e+02 -8.700000e+01  1.516200e+00
     vertex  1.645313e+02 -8.892765e+01  1.516200e+00
     vertex  1.645500e+02 -8.907000e+01  1.516200e+00
   endloop
 endfacet
 facet normal  0.000000e+00  0.000000e+00  1.000000e+00
   outer loop
     vertex  1.682500e+02 -8.700000e+01  1.516200e+00
     vertex  1.645500e+02 -8.907000e+01  1.516200e+00
     vertex  1.645313e+02 -8.921235e+01  1.516200e+00
   endloop
 endfacet
 facet normal  0.000000e+00  0.000000e+00  1.000000e+00
   outer loop
     vertex  1.682500e+02 -8.700000e+01  1.516200e+00
     vertex  1.645313e+02 -8.921235e+01  1.516200e+00
     vertex  1.644763e+02 -8.934500e+01  1.516200e+00
   endloop
 endfacet
 facet normal  0.000000e+00  0.000000e+00  1.000000e+00
   outer loop
     vertex  1.682500e+02 -8.700000e+01  1.516200e+00
     vertex  1.644763e+02 -8.934500e+01  1.516200e+00
     vertex  1.644763e+02 -9.260500e+01  1.516200e+00
   endloop
 endfacet
 facet normal  0.000000e+00  0.000000e+00  1.000000e+00
   outer loop
     vertex  1.682500e+02 -8.700000e+01  1.516200e+00
     vertex  1.645500e+02 -9.669000e+01  1.516200e+00
     vertex  1.682500e+02 -1.075000e+02  1.516200e+00
   endloop
 endfacet
 facet normal  0.000000e+00  0.000000e+00  1.000000e+00
   outer loop
     vertex  1.682500e+02 -8.700000e+01  1.516200e+00
     vertex  1.645313e+02 -9.654765e+01  1.516200e+00
     vertex  1.645500e+02 -9.669000e+01  1.516200e+00
   endloop
 endfacet
 facet normal  0.000000e+00  0.000000e+00  1.000000e+00
   outer loop
     vertex  1.682500e+02 -8.700000e+01  1.516200e+00
     vertex  1.645313e+02 -9.302235e+01  1.516200e+00
     vertex  1.645313e+02 -9.654765e+01  1.516200e+00
   endloop
 endfacet
 facet normal  0.000000e+00  0.000000e+00  1.000000e+00
   outer loop
     vertex  1.682500e+02 -8.700000e+01  1.516200e+00
     vertex  1.644763e+02 -9.260500e+01  1.516200e+00
     vertex  1.645313e+02 -9.273765e+01  1.516200e+00
   endloop
 endfacet
 facet normal  0.000000e+00  0.000000e+00  1.000000e+00
   outer loop
     vertex  1.682500e+02 -8.700000e+01  1.516200e+00
     vertex  1.645313e+02 -9.273765e+01  1.516200e+00
     vertex  1.645500e+02 -9.288000e+01  1.516200e+00
   endloop
 endfacet
 facet normal  0.000000e+00  0.000000e+00  1.000000e+00
   outer loop
     vertex  1.682500e+02 -8.700000e+01  1.516200e+00
     vertex  1.645500e+02 -9.288000e+01  1.516200e+00
     vertex  1.645313e+02 -9.302235e+01  1.516200e+00
   endloop
 endfacet
 facet normal  0.000000e+00  0.000000e+00  1.000000e+00
   outer loop
     vertex  1.682500e+02 -8.700000e+01  1.516200e+00
     vertex  1.662500e+02 -8.500000e+01  1.516200e+00
     vertex  1.643889e+02 -8.868109e+01  1.516200e+00
   endloop
 endfacet
 facet normal  0.000000e+00  0.000000e+00  1.000000e+00
   outer loop
     vertex  1.674970e+02 -8.543634e+01  1.516200e+00
     vertex  1.671178e+02 -8.519806e+01  1.516200e+00
     vertex  1.666950e+02 -8.505014e+01  1.516200e+00
   endloop
 endfacet
 facet normal  0.000000e+00  0.000000e+00  1.000000e+00
   outer loop
     vertex  1.678137e+02 -8.575302e+01  1.516200e+00
     vertex  1.666950e+02 -8.505014e+01  1.516200e+00
     vertex  1.662500e+02 -8.500000e+01  1.516200e+00
   endloop
 endfacet
 facet normal  0.000000e+00  0.000000e+00  1.000000e+00
   outer loop
     vertex  1.678137e+02 -8.575302e+01  1.516200e+00
     vertex  1.681999e+02 -8.655496e+01  1.516200e+00
     vertex  1.680519e+02 -8.613223e+01  1.516200e+00
   endloop
 endfacet
 facet normal  0.000000e+00  0.000000e+00  1.000000e+00
   outer loop
     vertex  1.678137e+02 -8.575302e+01  1.516200e+00
     vertex  1.682500e+02 -8.700000e+01  1.516200e+00
     vertex  1.681999e+02 -8.655496e+01  1.516200e+00
   endloop
 endfacet
 facet normal  0.000000e+00  0.000000e+00  1.000000e+00
   outer loop
     vertex  1.678137e+02 -8.575302e+01  1.516200e+00
     vertex  1.662500e+02 -8.500000e+01  1.516200e+00
     vertex  1.682500e+02 -8.700000e+01  1.516200e+00
   endloop
 endfacet
 facet normal  0.000000e+00  0.000000e+00  1.000000e+00
   outer loop
     vertex  1.678137e+02 -8.575302e+01  1.516200e+00
     vertex  1.674970e+02 -8.543634e+01  1.516200e+00
     vertex  1.666950e+02 -8.505014e+01  1.516200e+00
   endloop
 endfacet
 facet normal  0.000000e+00  0.000000e+00  1.000000e+00
   outer loop
     vertex  1.662500e+02 -8.500000e+01  1.516200e+00
     vertex  1.220000e+02 -8.500000e+01  1.516200e+00
     vertex  1.243000e+02 -8.686436e+01  1.516200e+00
   endloop
 endfacet
 facet normal  0.000000e+00  0.000000e+00  1.000000e+00
   outer loop
     vertex  1.662500e+02 -8.500000e+01  1.516200e+00
     vertex  1.243000e+02 -8.686436e+01  1.516200e+00
     vertex  1.246314e+02 -8.711863e+01  1.516200e+00
   endloop
 endfacet
 facet normal  0.000000e+00  0.000000e+00  1.000000e+00
   outer loop
     vertex  1.220000e+02 -1.095000e+02  1.516200e+00
     vertex  1.662500e+02 -1.095000e+02  1.516200e+00
     vertex  1.337500e+02 -1.088400e+02  1.516200e+00
   endloop
 endfacet
 facet normal -9.937123e-01  1.119638e-01  0.000000e+00
   outer loop
     vertex  1.200501e+02 -8.655496e+01  0.000000e+00
     vertex  1.200000e+02 -8.700000e+01  0.000000e+00
     vertex  1.200000e+02 -8.700000e+01  1.516200e+00
   endloop
 endfacet
 facet normal -9.937123e-01  1.119638e-01  0.000000e+00
   outer loop
     vertex  1.200501e+02 -8.655496e+01  0.000000e+00
     vertex  1.200000e+02 -8.700000e+01  1.516200e+00
     vertex  1.200501e+02 -8.655496e+01  1.516200e+00
   endloop
 endfacet
 facet normal -9.438835e-01  3.302787e-01  0.000000e+00
   outer loop
     vertex  1.201981e+02 -8.613223e+01  0.000000e+00
     vertex  1.200501e+02 -8.655496e+01  1.516200e+00
     vertex  1.201981e+02 -8.613223e+01  1.516200e+00
   endloop
 endfacet
 facet normal -9.438835e-01  3.302787e-01  0.000000e+00
   outer loop
     vertex  1.201981e+02 -8.613223e+01  0.000000e+00
     vertex  1.200501e+02 -8.655496e+01  0.000000e+00
     vertex  1.200501e+02 -8.655496e+01  1.516200e+00
   endloop
 endfacet
 facet normal -8.467243e-01  5.320319e-01  0.000000e+00
   outer loop
     vertex  1.204363e+02 -8.575302e+01  0.000000e+00
     vertex  1.201981e+02 -8.613223e+01  1.516200e+00
     vertex  1.204363e+02 -8.575302e+01  1.516200e+00
   endloop
 endfacet
 facet normal -8.467243e-01  5.320319e-01  0.000000e+00
   outer loop
     vertex  1.204363e+02 -8.575302e+01  0.000000e+00
     vertex  1.201981e+02 -8.613223e+01  0.000000e+00
     vertex  1.201981e+02 -8.613223e+01  1.516200e+00
   endloop
 endfacet
 facet normal -7.071068e-01  7.071068e-01  0.000000e+00
   outer loop
     vertex  1.207530e+02 -8.543634e+01  0.000000e+00
     vertex  1.204363e+02 -8.575302e+01  1.516200e+00
     vertex  1.207530e+02 -8.543634e+01  1.516200e+00
   endloop
 endfacet
 facet normal -7.071068e-01  7.071068e-01  0.000000e+00
   outer loop
     vertex  1.207530e+02 -8.543634e+01  0.000000e+00
     vertex  1.204363e+02 -8.575302e+01  0.000000e+00
     vertex  1.204363e+02 -8.575302e+01  1.516200e+00
   endloop
 endfacet
 facet normal -5.320319e-01  8.467243e-01  0.000000e+00
   outer loop
     vertex  1.211322e+02 -8.519806e+01  0.000000e+00
     vertex  1.207530e+02 -8.543634e+01  1.516200e+00
     vertex  1.211322e+02 -8.519806e+01  1.516200e+00
   endloop
 endfacet
 facet normal -5.320319e-01  8.467243e-01  0.000000e+00
   outer loop
     vertex  1.211322e+02 -8.519806e+01  0.000000e+00
     vertex  1.207530e+02 -8.543634e+01  0.000000e+00
     vertex  1.207530e+02 -8.543634e+01  1.516200e+00
   endloop
 endfacet
 facet normal -3.302787e-01  9.438835e-01  0.000000e+00
   outer loop
     vertex  1.215550e+02 -8.505014e+01  0.000000e+00
     vertex  1.211322e+02 -8.519806e+01  1.516200e+00
     vertex  1.215550e+02 -8.505014e+01  1.516200e+00
   endloop
 endfacet
 facet normal -3.302787e-01  9.438835e-01  0.000000e+00
   outer loop
     vertex  1.215550e+02 -8.505014e+01  0.000000e+00
     vertex  1.211322e+02 -8.519806e+01  0.000000e+00
     vertex  1.211322e+02 -8.519806e+01  1.516200e+00
   endloop
 endfacet
 facet normal -1.119638e-01  9.937123e-01  0.000000e+00
   outer loop
     vertex  1.220000e+02 -8.500000e+01  0.000000e+00
     vertex  1.215550e+02 -8.505014e+01  1.516200e+00
     vertex  1.220000e+02 -8.500000e+01  1.516200e+00
   endloop
 endfacet
 facet normal -1.119638e-01  9.937123e-01  0.000000e+00
   outer loop
     vertex  1.220000e+02 -8.500000e+01  0.000000e+00
     vertex  1.215550e+02 -8.505014e+01  0.000000e+00
     vertex  1.215550e+02 -8.505014e+01  1.516200e+00
   endloop
 endfacet
 facet normal  9.937123e-01 -1.119638e-01  0.000000e+00
   outer loop
     vertex  1.681999e+02 -1.079450e+02  0.000000e+00
     vertex  1.682500e+02 -1.075000e+02  0.000000e+00
     vertex  1.682500e+02 -1.075000e+02  1.516200e+00
   endloop
 endfacet
 facet normal  9.937123e-01 -1.119638e-01  0.000000e+00
   outer loop
     vertex  1.681999e+02 -1.079450e+02  0.000000e+00
     vertex  1.682500e+02 -1.075000e+02  1.516200e+00
     vertex  1.681999e+02 -1.079450e+02  1.516200e+00
   endloop
 endfacet
 facet normal  9.438835e-01 -3.302787e-01  0.000000e+00
   outer loop
     vertex  1.680519e+02 -1.083678e+02  0.000000e+00
     vertex  1.681999e+02 -1.079450e+02  1.516200e+00
     vertex  1.680519e+02 -1.083678e+02  1.516200e+00
   endloop
 endfacet
 facet normal  9.438835e-01 -3.302787e-01  0.000000e+00
   outer loop
     vertex  1.680519e+02 -1.083678e+02  0.000000e+00
     vertex  1.681999e+02 -1.079450e+02  0.000000e+00
     vertex  1.681999e+02 -1.079450e+02  1.516200e+00
   endloop
 endfacet
 facet normal  8.467243e-01 -5.320319e-01  0.000000e+00
   outer loop
     vertex  1.678137e+02 -1.087470e+02  0.000000e+00
     vertex  1.680519e+02 -1.083678e+02  1.516200e+00
     vertex  1.678137e+02 -1.087470e+02  1.516200e+00
   endloop
 endfacet
 facet normal  8.467243e-01 -5.320319e-01  0.000000e+00
   outer loop
     vertex  1.678137e+02 -1.087470e+02  0.000000e+00
     vertex  1.680519e+02 -1.083678e+02  0.000000e+00
     vertex  1.680519e+02 -1.083678e+02  1.516200e+00
   endloop
 endfacet
 facet normal  7.071068e-01 -7.071068e-01  0.000000e+00
   outer loop
     vertex  1.674970e+02 -1.090637e+02  0.000000e+00
     vertex  1.678137e+02 -1.087470e+02  1.516200e+00
     vertex  1.674970e+02 -1.090637e+02  1.516200e+00
   endloop
 endfacet
 facet normal  7.071068e-01 -7.071068e-01  0.000000e+00
   outer loop
     vertex  1.674970e+02 -1.090637e+02  0.000000e+00
     vertex  1.678137e+02 -1.087470e+02  0.000000e+00
     vertex  1.678137e+02 -1.087470e+02  1.516200e+00
   endloop
 endfacet
 facet normal  5.320319e-01 -8.467243e-01  0.000000e+00
   outer loop
     vertex  1.671178e+02 -1.093019e+02  0.000000e+00
     vertex  1.674970e+02 -1.090637e+02  1.516200e+00
     vertex  1.671178e+02 -1.093019e+02  1.516200e+00
   endloop
 endfacet
 facet normal  5.320319e-01 -8.467243e-01  0.000000e+00
   outer loop
     vertex  1.671178e+02 -1.093019e+02  0.000000e+00
     vertex  1.674970e+02 -1.090637e+02  0.000000e+00
     vertex  1.674970e+02 -1.090637e+02  1.516200e+00
   endloop
 endfacet
 facet normal  3.302787e-01 -9.438835e-01  0.000000e+00
   outer loop
     vertex  1.666950e+02 -1.094499e+02  0.000000e+00
     vertex  1.671178e+02 -1.093019e+02  1.516200e+00
     vertex  1.666950e+02 -1.094499e+02  1.516200e+00
   endloop
 endfacet
 facet normal  3.302787e-01 -9.438835e-01  0.000000e+00
   outer loop
     vertex  1.666950e+02 -1.094499e+02  0.000000e+00
     vertex  1.671178e+02 -1.093019e+02  0.000000e+00
     vertex  1.671178e+02 -1.093019e+02  1.516200e+00
   endloop
 endfacet
 facet normal  1.119638e-01 -9.937123e-01  0.000000e+00
   outer loop
     vertex  1.662500e+02 -1.095000e+02  0.000000e+00
     vertex  1.666950e+02 -1.094499e+02  1.516200e+00
     vertex  1.662500e+02 -1.095000e+02  1.516200e+00
   endloop
 endfacet
 facet normal  1.119638e-01 -9.937123e-01  0.000000e+00
   outer loop
     vertex  1.662500e+02 -1.095000e+02  0.000000e+00
     vertex  1.666950e+02 -1.094499e+02  0.000000e+00
     vertex  1.666950e+02 -1.094499e+02  1.516200e+00
   endloop
 endfacet
 facet normal -1.000000e+00  0.000000e+00  0.000000e+00
   outer loop
     vertex  1.200000e+02 -8.700000e+01  0.000000e+00
     vertex  1.200000e+02 -1.075000e+02  0.000000e+00
     vertex  1.200000e+02 -1.075000e+02  1.516200e+00
   endloop
 endfacet
 facet normal -1.000000e+00  0.000000e+00  0.000000e+00
   outer loop
     vertex  1.200000e+02 -8.700000e+01  0.000000e+00
     vertex  1.200000e+02 -1.075000e+02  1.516200e+00
     vertex  1.200000e+02 -8.700000e+01  1.516200e+00
   endloop
 endfacet
 facet normal  0.000000e+00 -1.000000e+00  0.000000e+00
   outer loop
     vertex  1.220000e+02 -1.095000e+02  1.516200e+00
     vertex  1.662500e+02 -1.095000e+02  0.000000e+00
     vertex  1.662500e+02 -1.095000e+02  1.516200e+00
   endloop
 endfacet
 facet normal  0.000000e+00 -1.000000e+00  0.000000e+00
   outer loop
     vertex  1.220000e+02 -1.095000e+02  0.000000e+00
     vertex  1.662500e+02 -1.095000e+02  0.000000e+00
     vertex  1.220000e+02 -1.095000e+02  1.516200e+00
   endloop
 endfacet
 facet normal -1.119638e-01 -9.937123e-01  0.000000e+00
   outer loop
     vertex  1.215550e+02 -1.094499e+02  0.000000e+00
     vertex  1.220000e+02 -1.095000e+02  0.000000e+00
     vertex  1.220000e+02 -1.095000e+02  1.516200e+00
   endloop
 endfacet
 facet normal -1.119638e-01 -9.937123e-01  0.000000e+00
   outer loop
     vertex  1.215550e+02 -1.094499e+02  0.000000e+00
     vertex  1.220000e+02 -1.095000e+02  1.516200e+00
     vertex  1.215550e+02 -1.094499e+02  1.516200e+00
   endloop
 endfacet
 facet normal -3.302787e-01 -9.438835e-01  0.000000e+00
   outer loop
     vertex  1.211322e+02 -1.093019e+02  0.000000e+00
     vertex  1.215550e+02 -1.094499e+02  1.516200e+00
     vertex  1.211322e+02 -1.093019e+02  1.516200e+00
   endloop
 endfacet
 facet normal -3.302787e-01 -9.438835e-01  0.000000e+00
   outer loop
     vertex  1.211322e+02 -1.093019e+02  0.000000e+00
     vertex  1.215550e+02 -1.094499e+02  0.000000e+00
     vertex  1.215550e+02 -1.094499e+02  1.516200e+00
   endloop
 endfacet
 facet normal -5.320319e-01 -8.467243e-01  0.000000e+00
   outer loop
     vertex  1.207530e+02 -1.090637e+02  0.000000e+00
     vertex  1.211322e+02 -1.093019e+02  1.516200e+00
     vertex  1.207530e+02 -1.090637e+02  1.516200e+00
   endloop
 endfacet
 facet normal -5.320319e-01 -8.467243e-01  0.000000e+00
   outer loop
     vertex  1.207530e+02 -1.090637e+02  0.000000e+00
     vertex  1.211322e+02 -1.093019e+02  0.000000e+00
     vertex  1.211322e+02 -1.093019e+02  1.516200e+00
   endloop
 endfacet
 facet normal -7.071068e-01 -7.071068e-01  0.000000e+00
   outer loop
     vertex  1.204363e+02 -1.087470e+02  0.000000e+00
     vertex  1.207530e+02 -1.090637e+02  1.516200e+00
     vertex  1.204363e+02 -1.087470e+02  1.516200e+00
   endloop
 endfacet
 facet normal -7.071068e-01 -7.071068e-01  0.000000e+00
   outer loop
     vertex  1.204363e+02 -1.087470e+02  0.000000e+00
     vertex  1.207530e+02 -1.090637e+02  0.000000e+00
     vertex  1.207530e+02 -1.090637e+02  1.516200e+00
   endloop
 endfacet
 facet normal -8.467243e-01 -5.320319e-01  0.000000e+00
   outer loop
     vertex  1.201981e+02 -1.083678e+02  0.000000e+00
     vertex  1.204363e+02 -1.087470e+02  1.516200e+00
     vertex  1.201981e+02 -1.083678e+02  1.516200e+00
   endloop
 endfacet
 facet normal -8.467243e-01 -5.320319e-01  0.000000e+00
   outer loop
     vertex  1.201981e+02 -1.083678e+02  0.000000e+00
     vertex  1.204363e+02 -1.087470e+02  0.000000e+00
     vertex  1.204363e+02 -1.087470e+02  1.516200e+00
   endloop
 endfacet
 facet normal -9.438835e-01 -3.302787e-01  0.000000e+00
   outer loop
     vertex  1.200501e+02 -1.079450e+02  0.000000e+00
     vertex  1.201981e+02 -1.083678e+02  1.516200e+00
     vertex  1.200501e+02 -1.079450e+02  1.516200e+00
   endloop
 endfacet
 facet normal -9.438835e-01 -3.302787e-01  0.000000e+00
   outer loop
     vertex  1.200501e+02 -1.079450e+02  0.000000e+00
     vertex  1.201981e+02 -1.083678e+02  0.000000e+00
     vertex  1.201981e+02 -1.083678e+02  1.516200e+00
   endloop
 endfacet
 facet normal -9.937123e-01 -1.119638e-01  0.000000e+00
   outer loop
     vertex  1.200000e+02 -1.075000e+02  0.000000e+00
     vertex  1.200501e+02 -1.079450e+02  1.516200e+00
     vertex  1.200000e+02 -1.075000e+02  1.516200e+00
   endloop
 endfacet
 facet normal -9.937123e-01 -1.119638e-01  0.000000e+00
   outer loop
     vertex  1.200000e+02 -1.075000e+02  0.000000e+00
     vertex  1.200501e+02 -1.079450e+02  0.000000e+00
     vertex  1.200501e+02 -1.079450e+02  1.516200e+00
   endloop
 endfacet
 facet normal -1.305262e-01  9.914449e-01  0.000000e+00
   outer loop
     vertex  1.273471e+02 -1.073622e+02  0.000000e+00
     vertex  1.272500e+02 -1.073750e+02  0.000000e+00
     vertex  1.272500e+02 -1.073750e+02  1.516200e+00
   endloop
 endfacet
 facet normal -1.305262e-01  9.914449e-01  0.000000e+00
   outer loop
     vertex  1.273471e+02 -1.073622e+02  0.000000e+00
     vertex  1.272500e+02 -1.073750e+02  1.516200e+00
     vertex  1.273471e+02 -1.073622e+02  1.516200e+00
   endloop
 endfacet
 facet normal -3.826834e-01  9.238795e-01  0.000000e+00
   outer loop
     vertex  1.274375e+02 -1.073248e+02  0.000000e+00
     vertex  1.273471e+02 -1.073622e+02  1.516200e+00
     vertex  1.274375e+02 -1.073248e+02  1.516200e+00
   endloop
 endfacet
 facet normal -3.826834e-01  9.238795e-01  0.000000e+00
   outer loop
     vertex  1.274375e+02 -1.073248e+02  0.000000e+00
     vertex  1.273471e+02 -1.073622e+02  0.000000e+00
     vertex  1.273471e+02 -1.073622e+02  1.516200e+00
   endloop
 endfacet
 facet normal -6.087614e-01  7.933533e-01  0.000000e+00
   outer loop
     vertex  1.275152e+02 -1.072652e+02  0.000000e+00
     vertex  1.274375e+02 -1.073248e+02  1.516200e+00
     vertex  1.275152e+02 -1.072652e+02  1.516200e+00
   endloop
 endfacet
 facet normal -6.087614e-01  7.933533e-01  0.000000e+00
   outer loop
     vertex  1.275152e+02 -1.072652e+02  0.000000e+00
     vertex  1.274375e+02 -1.073248e+02  0.000000e+00
     vertex  1.274375e+02 -1.073248e+02  1.516200e+00
   endloop
 endfacet
 facet normal -7.933533e-01  6.087614e-01  0.000000e+00
   outer loop
     vertex  1.275748e+02 -1.071875e+02  0.000000e+00
     vertex  1.275152e+02 -1.072652e+02  1.516200e+00
     vertex  1.275748e+02 -1.071875e+02  1.516200e+00
   endloop
 endfacet
 facet normal -7.933533e-01  6.087614e-01  0.000000e+00
   outer loop
     vertex  1.275748e+02 -1.071875e+02  0.000000e+00
     vertex  1.275152e+02 -1.072652e+02  0.000000e+00
     vertex  1.275152e+02 -1.072652e+02  1.516200e+00
   endloop
 endfacet
 facet normal -9.238795e-01  3.826834e-01  0.000000e+00
   outer loop
     vertex  1.276122e+02 -1.070971e+02  0.000000e+00
     vertex  1.275748e+02 -1.071875e+02  1.516200e+00
     vertex  1.276122e+02 -1.070971e+02  1.516200e+00
   endloop
 endfacet
 facet normal -9.238795e-01  3.826834e-01  0.000000e+00
   outer loop
     vertex  1.276122e+02 -1.070971e+02  0.000000e+00
     vertex  1.275748e+02 -1.071875e+02  0.000000e+00
     vertex  1.275748e+02 -1.071875e+02  1.516200e+00
   endloop
 endfacet
 facet normal -9.914449e-01  1.305262e-01  0.000000e+00
   outer loop
     vertex  1.276250e+02 -1.070000e+02  0.000000e+00
     vertex  1.276122e+02 -1.070971e+02  1.516200e+00
     vertex  1.276250e+02 -1.070000e+02  1.516200e+00
   endloop
 endfacet
 facet normal -9.914449e-01  1.305262e-01  0.000000e+00
   outer loop
     vertex  1.276250e+02 -1.070000e+02  0.000000e+00
     vertex  1.276122e+02 -1.070971e+02  0.000000e+00
     vertex  1.276122e+02 -1.070971e+02  1.516200e+00
   endloop
 endfacet
 facet normal -9.914449e-01 -1.305262e-01  0.000000e+00
   outer loop
     vertex  1.276122e+02 -1.069029e+02  0.000000e+00
     vertex  1.276250e+02 -1.070000e+02  1.516200e+00
     vertex  1.276122e+02 -1.069029e+02  1.516200e+00
   endloop
 endfacet
 facet normal -9.914449e-01 -1.305262e-01  0.000000e+00
   outer loop
     vertex  1.276122e+02 -1.069029e+02  0.000000e+00
     vertex  1.276250e+02 -1.070000e+02  0.000000e+00
     vertex  1.276250e+02 -1.070000e+02  1.516200e+00
   endloop
 endfacet
 facet normal -9.238795e-01 -3.826834e-01  0.000000e+00
   outer loop
     vertex  1.275748e+02 -1.068125e+02  0.000000e+00
     vertex  1.276122e+02 -1.069029e+02  1.516200e+00
     vertex  1.275748e+02 -1.068125e+02  1.516200e+00
   endloop
 endfacet
 facet normal -9.238795e-01 -3.826834e-01  0.000000e+00
   outer loop
     vertex  1.275748e+02 -1.068125e+02  0.000000e+00
     vertex  1.276122e+02 -1.069029e+02  0.000000e+00
     vertex  1.276122e+02 -1.069029e+02  1.516200e+00
   endloop
 endfacet
 facet normal -7.933533e-01 -6.087614e-01  0.000000e+00
   outer loop
     vertex  1.275152e+02 -1.067348e+02  0.000000e+00
     vertex  1.275748e+02 -1.068125e+02  1.516200e+00
     vertex  1.275152e+02 -1.067348e+02  1.516200e+00
   endloop
 endfacet
 facet normal -7.933533e-01 -6.087614e-01  0.000000e+00
   outer loop
     vertex  1.275152e+02 -1.067348e+02  0.000000e+00
     vertex  1.275748e+02 -1.068125e+02  0.000000e+00
     vertex  1.275748e+02 -1.068125e+02  1.516200e+00
   endloop
 endfacet
 facet normal -6.087614e-01 -7.933533e-01  0.000000e+00
   outer loop
     vertex  1.274375e+02 -1.066752e+02  0.000000e+00
     vertex  1.275152e+02 -1.067348e+02  1.516200e+00
     vertex  1.274375e+02 -1.066752e+02  1.516200e+00
   endloop
 endfacet
 facet normal -6.087614e-01 -7.933533e-01  0.000000e+00
   outer loop
     vertex  1.274375e+02 -1.066752e+02  0.000000e+00
     vertex  1.275152e+02 -1.067348e+02  0.000000e+00
     vertex  1.275152e+02 -1.067348e+02  1.516200e+00
   endloop
 endfacet
 facet normal -3.826834e-01 -9.238795e-01  0.000000e+00
   outer loop
     vertex  1.273471e+02 -1.066378e+02  0.000000e+00
     vertex  1.274375e+02 -1.066752e+02  1.516200e+00
     vertex  1.273471e+02 -1.066378e+02  1.516200e+00
   endloop
 endfacet
 facet normal -3.826834e-01 -9.238795e-01  0.000000e+00
   outer loop
     vertex  1.273471e+02 -1.066378e+02  0.000000e+00
     vertex  1.274375e+02 -1.066752e+02  0.000000e+00
     vertex  1.274375e+02 -1.066752e+02  1.516200e+00
   endloop
 endfacet
 facet normal -1.305262e-01 -9.914449e-01  0.000000e+00
   outer loop
     vertex  1.272500e+02 -1.066250e+02  0.000000e+00
     vertex  1.273471e+02 -1.066378e+02  1.516200e+00
     vertex  1.272500e+02 -1.066250e+02  1.516200e+00
   endloop
 endfacet
 facet normal -1.305262e-01 -9.914449e-01  0.000000e+00
   outer loop
     vertex  1.272500e+02 -1.066250e+02  0.000000e+00
     vertex  1.273471e+02 -1.066378e+02  0.000000e+00
     vertex  1.273471e+02 -1.066378e+02  1.516200e+00
   endloop
 endfacet
 facet normal  1.305262e-01 -9.914449e-01  0.000000e+00
   outer loop
     vertex  1.271529e+02 -1.066378e+02  0.000000e+00
     vertex  1.272500e+02 -1.066250e+02  1.516200e+00
     vertex  1.271529e+02 -1.066378e+02  1.516200e+00
   endloop
 endfacet
 facet normal  1.305262e-01 -9.914449e-01  0.000000e+00
   outer loop
     vertex  1.271529e+02 -1.066378e+02  0.000000e+00
     vertex  1.272500e+02 -1.066250e+02  0.000000e+00
     vertex  1.272500e+02 -1.066250e+02  1.516200e+00
   endloop
 endfacet
 facet normal  3.826834e-01 -9.238795e-01  0.000000e+00
   outer loop
     vertex  1.270625e+02 -1.066752e+02  0.000000e+00
     vertex  1.271529e+02 -1.066378e+02  0.000000e+00
     vertex  1.271529e+02 -1.066378e+02  1.516200e+00
   endloop
 endfacet
 facet normal  3.826834e-01 -9.238795e-01  0.000000e+00
   outer loop
     vertex  1.270625e+02 -1.066752e+02  0.000000e+00
     vertex  1.271529e+02 -1.066378e+02  1.516200e+00
     vertex  1.270625e+02 -1.066752e+02  1.516200e+00
   endloop
 endfacet
 facet normal  6.087614e-01 -7.933533e-01  0.000000e+00
   outer loop
     vertex  1.269848e+02 -1.067348e+02  0.000000e+00
     vertex  1.270625e+02 -1.066752e+02  0.000000e+00
     vertex  1.270625e+02 -1.066752e+02  1.516200e+00
   endloop
 endfacet
 facet normal  7.933533e-01 -6.087614e-01  0.000000e+00
   outer loop
     vertex  1.269848e+02 -1.067348e+02  0.000000e+00
     vertex  1.269848e+02 -1.067348e+02  1.516200e+00
     vertex  1.269252e+02 -1.068125e+02  1.516200e+00
   endloop
 endfacet
 facet normal  6.087614e-01 -7.933533e-01  0.000000e+00
   outer loop
     vertex  1.269848e+02 -1.067348e+02  0.000000e+00
     vertex  1.270625e+02 -1.066752e+02  1.516200e+00
     vertex  1.269848e+02 -1.067348e+02  1.516200e+00
   endloop
 endfacet
 facet normal  7.933533e-01 -6.087614e-01  0.000000e+00
   outer loop
     vertex  1.269252e+02 -1.068125e+02  0.000000e+00
     vertex  1.269848e+02 -1.067348e+02  0.000000e+00
     vertex  1.269252e+02 -1.068125e+02  1.516200e+00
   endloop
 endfacet
 facet normal  9.238795e-01 -3.826834e-01  0.000000e+00
   outer loop
     vertex  1.269252e+02 -1.068125e+02  0.000000e+00
     vertex  1.269252e+02 -1.068125e+02  1.516200e+00
     vertex  1.268878e+02 -1.069029e+02  1.516200e+00
   endloop
 endfacet
 facet normal  9.238795e-01 -3.826834e-01  0.000000e+00
   outer loop
     vertex  1.268878e+02 -1.069029e+02  0.000000e+00
     vertex  1.269252e+02 -1.068125e+02  0.000000e+00
     vertex  1.268878e+02 -1.069029e+02  1.516200e+00
   endloop
 endfacet
 facet normal  9.914449e-01 -1.305262e-01  0.000000e+00
   outer loop
     vertex  1.268750e+02 -1.070000e+02  0.000000e+00
     vertex  1.268878e+02 -1.069029e+02  0.000000e+00
     vertex  1.268878e+02 -1.069029e+02  1.516200e+00
   endloop
 endfacet
 facet normal  9.914449e-01 -1.305262e-01  0.000000e+00
   outer loop
     vertex  1.268750e+02 -1.070000e+02  0.000000e+00
     vertex  1.268878e+02 -1.069029e+02  1.516200e+00
     vertex  1.268750e+02 -1.070000e+02  1.516200e+00
   endloop
 endfacet
 facet normal  9.914449e-01  1.305262e-01 -0.000000e+00
   outer loop
     vertex  1.268878e+02 -1.070971e+02  0.000000e+00
     vertex  1.268750e+02 -1.070000e+02  1.516200e+00
     vertex  1.268878e+02 -1.070971e+02  1.516200e+00
   endloop
 endfacet
 facet normal  9.914449e-01  1.305262e-01  0.000000e+00
   outer loop
     vertex  1.268878e+02 -1.070971e+02  0.000000e+00
     vertex  1.268750e+02 -1.070000e+02  0.000000e+00
     vertex  1.268750e+02 -1.070000e+02  1.516200e+00
   endloop
 endfacet
 facet normal  7.933533e-01  6.087614e-01 -0.000000e+00
   outer loop
     vertex  1.269252e+02 -1.071875e+02  0.000000e+00
     vertex  1.269252e+02 -1.071875e+02  1.516200e+00
     vertex  1.269848e+02 -1.072652e+02  1.516200e+00
   endloop
 endfacet
 facet normal  9.238795e-01  3.826834e-01 -0.000000e+00
   outer loop
     vertex  1.269252e+02 -1.071875e+02  0.000000e+00
     vertex  1.268878e+02 -1.070971e+02  1.516200e+00
     vertex  1.269252e+02 -1.071875e+02  1.516200e+00
   endloop
 endfacet
 facet normal  9.238795e-01  3.826834e-01  0.000000e+00
   outer loop
     vertex  1.269252e+02 -1.071875e+02  0.000000e+00
     vertex  1.268878e+02 -1.070971e+02  0.000000e+00
     vertex  1.268878e+02 -1.070971e+02  1.516200e+00
   endloop
 endfacet
 facet normal  7.933533e-01  6.087614e-01 -0.000000e+00
   outer loop
     vertex  1.269848e+02 -1.072652e+02  0.000000e+00
     vertex  1.269252e+02 -1.071875e+02  0.000000e+00
     vertex  1.269848e+02 -1.072652e+02  1.516200e+00
   endloop
 endfacet
 facet normal  3.826834e-01  9.238795e-01 -0.000000e+00
   outer loop
     vertex  1.270625e+02 -1.073248e+02  0.000000e+00
     vertex  1.270625e+02 -1.073248e+02  1.516200e+00
     vertex  1.271529e+02 -1.073622e+02  1.516200e+00
   endloop
 endfacet
 facet normal  6.087614e-01  7.933533e-01 -0.000000e+00
   outer loop
     vertex  1.270625e+02 -1.073248e+02  0.000000e+00
     vertex  1.269848e+02 -1.072652e+02  1.516200e+00
     vertex  1.270625e+02 -1.073248e+02  1.516200e+00
   endloop
 endfacet
 facet normal  6.087614e-01  7.933533e-01  0.000000e+00
   outer loop
     vertex  1.270625e+02 -1.073248e+02  0.000000e+00
     vertex  1.269848e+02 -1.072652e+02  0.000000e+00
     vertex  1.269848e+02 -1.072652e+02  1.516200e+00
   endloop
 endfacet
 facet normal  1.305262e-01  9.914449e-01 -0.000000e+00
   outer loop
     vertex  1.271529e+02 -1.073622e+02  0.000000e+00
     vertex  1.271529e+02 -1.073622e+02  1.516200e+00
     vertex  1.272500e+02 -1.073750e+02  1.516200e+00
   endloop
 endfacet
 facet normal  3.826834e-01  9.238795e-01 -0.000000e+00
   outer loop
     vertex  1.271529e+02 -1.073622e+02  0.000000e+00
     vertex  1.270625e+02 -1.073248e+02  0.000000e+00
     vertex  1.271529e+02 -1.073622e+02  1.516200e+00
   endloop
 endfacet
 facet normal  1.305262e-01  9.914449e-01 -0.000000e+00
   outer loop
     vertex  1.272500e+02 -1.073750e+02  0.000000e+00
     vertex  1.271529e+02 -1.073622e+02  0.000000e+00
     vertex  1.272500e+02 -1.073750e+02  1.516200e+00
   endloop
 endfacet
 facet normal -1.305262e-01  9.914449e-01  0.000000e+00
   outer loop
     vertex  1.313524e+02 -1.088213e+02  0.000000e+00
     vertex  1.312100e+02 -1.088400e+02  0.000000e+00
     vertex  1.312100e+02 -1.088400e+02  1.516200e+00
   endloop
 endfacet
 facet normal -1.305262e-01  9.914449e-01  0.000000e+00
   outer loop
     vertex  1.313524e+02 -1.088213e+02  0.000000e+00
     vertex  1.312100e+02 -1.088400e+02  1.516200e+00
     vertex  1.313524e+02 -1.088213e+02  1.516200e+00
   endloop
 endfacet
 facet normal -3.826834e-01  9.238795e-01  0.000000e+00
   outer loop
     vertex  1.314850e+02 -1.087663e+02  0.000000e+00
     vertex  1.313524e+02 -1.088213e+02  1.516200e+00
     vertex  1.314850e+02 -1.087663e+02  1.516200e+00
   endloop
 endfacet
 facet normal -3.826834e-01  9.238795e-01  0.000000e+00
   outer loop
     vertex  1.314850e+02 -1.087663e+02  0.000000e+00
     vertex  1.313524e+02 -1.088213e+02  0.000000e+00
     vertex  1.313524e+02 -1.088213e+02  1.516200e+00
   endloop
 endfacet
 facet normal -6.087614e-01  7.933533e-01  0.000000e+00
   outer loop
     vertex  1.315989e+02 -1.086789e+02  0.000000e+00
     vertex  1.314850e+02 -1.087663e+02  1.516200e+00
     vertex  1.315989e+02 -1.086789e+02  1.516200e+00
   endloop
 endfacet
 facet normal -6.087614e-01  7.933533e-01  0.000000e+00
   outer loop
     vertex  1.315989e+02 -1.086789e+02  0.000000e+00
     vertex  1.314850e+02 -1.087663e+02  0.000000e+00
     vertex  1.314850e+02 -1.087663e+02  1.516200e+00
   endloop
 endfacet
 facet normal -7.933533e-01  6.087614e-01  0.000000e+00
   outer loop
     vertex  1.316863e+02 -1.085650e+02  0.000000e+00
     vertex  1.315989e+02 -1.086789e+02  1.516200e+00
     vertex  1.316863e+02 -1.085650e+02  1.516200e+00
   endloop
 endfacet
 facet normal -7.933533e-01  6.087614e-01  0.000000e+00
   outer loop
     vertex  1.316863e+02 -1.085650e+02  0.000000e+00
     vertex  1.315989e+02 -1.086789e+02  0.000000e+00
     vertex  1.315989e+02 -1.086789e+02  1.516200e+00
   endloop
 endfacet
 facet normal -9.238795e-01  3.826834e-01  0.000000e+00
   outer loop
     vertex  1.317413e+02 -1.084324e+02  0.000000e+00
     vertex  1.316863e+02 -1.085650e+02  1.516200e+00
     vertex  1.317413e+02 -1.084324e+02  1.516200e+00
   endloop
 endfacet
 facet normal -9.238795e-01  3.826834e-01  0.000000e+00
   outer loop
     vertex  1.317413e+02 -1.084324e+02  0.000000e+00
     vertex  1.316863e+02 -1.085650e+02  0.000000e+00
     vertex  1.316863e+02 -1.085650e+02  1.516200e+00
   endloop
 endfacet
 facet normal -9.914449e-01  1.305262e-01  0.000000e+00
   outer loop
     vertex  1.317600e+02 -1.082900e+02  0.000000e+00
     vertex  1.317413e+02 -1.084324e+02  1.516200e+00
     vertex  1.317600e+02 -1.082900e+02  1.516200e+00
   endloop
 endfacet
 facet normal -9.914449e-01  1.305262e-01  0.000000e+00
   outer loop
     vertex  1.317600e+02 -1.082900e+02  0.000000e+00
     vertex  1.317413e+02 -1.084324e+02  0.000000e+00
     vertex  1.317413e+02 -1.084324e+02  1.516200e+00
   endloop
 endfacet
 facet normal -9.914449e-01 -1.305262e-01  0.000000e+00
   outer loop
     vertex  1.317413e+02 -1.081476e+02  0.000000e+00
     vertex  1.317600e+02 -1.082900e+02  1.516200e+00
     vertex  1.317413e+02 -1.081476e+02  1.516200e+00
   endloop
 endfacet
 facet normal -9.914449e-01 -1.305262e-01  0.000000e+00
   outer loop
     vertex  1.317413e+02 -1.081476e+02  0.000000e+00
     vertex  1.317600e+02 -1.082900e+02  0.000000e+00
     vertex  1.317600e+02 -1.082900e+02  1.516200e+00
   endloop
 endfacet
 facet normal -9.238795e-01 -3.826834e-01  0.000000e+00
   outer loop
     vertex  1.316863e+02 -1.080150e+02  0.000000e+00
     vertex  1.317413e+02 -1.081476e+02  1.516200e+00
     vertex  1.316863e+02 -1.080150e+02  1.516200e+00
   endloop
 endfacet
 facet normal -9.238795e-01 -3.826834e-01  0.000000e+00
   outer loop
     vertex  1.316863e+02 -1.080150e+02  0.000000e+00
     vertex  1.317413e+02 -1.081476e+02  0.000000e+00
     vertex  1.317413e+02 -1.081476e+02  1.516200e+00
   endloop
 endfacet
 facet normal -7.933533e-01 -6.087614e-01  0.000000e+00
   outer loop
     vertex  1.315989e+02 -1.079011e+02  0.000000e+00
     vertex  1.316863e+02 -1.080150e+02  1.516200e+00
     vertex  1.315989e+02 -1.079011e+02  1.516200e+00
   endloop
 endfacet
 facet normal -7.933533e-01 -6.087614e-01  0.000000e+00
   outer loop
     vertex  1.315989e+02 -1.079011e+02  0.000000e+00
     vertex  1.316863e+02 -1.080150e+02  0.000000e+00
     vertex  1.316863e+02 -1.080150e+02  1.516200e+00
   endloop
 endfacet
 facet normal -6.087614e-01 -7.933533e-01  0.000000e+00
   outer loop
     vertex  1.314850e+02 -1.078137e+02  0.000000e+00
     vertex  1.315989e+02 -1.079011e+02  1.516200e+00
     vertex  1.314850e+02 -1.078137e+02  1.516200e+00
   endloop
 endfacet
 facet normal -6.087614e-01 -7.933533e-01  0.000000e+00
   outer loop
     vertex  1.314850e+02 -1.078137e+02  0.000000e+00
     vertex  1.315989e+02 -1.079011e+02  0.000000e+00
     vertex  1.315989e+02 -1.079011e+02  1.516200e+00
   endloop
 endfacet
 facet normal -3.826834e-01 -9.238795e-01  0.000000e+00
   outer loop
     vertex  1.313524e+02 -1.077587e+02  0.000000e+00
     vertex  1.314850e+02 -1.078137e+02  1.516200e+00
     vertex  1.313524e+02 -1.077587e+02  1.516200e+00
   endloop
 endfacet
 facet normal -3.826834e-01 -9.238795e-01  0.000000e+00
   outer loop
     vertex  1.313524e+02 -1.077587e+02  0.000000e+00
     vertex  1.314850e+02 -1.078137e+02  0.000000e+00
     vertex  1.314850e+02 -1.078137e+02  1.516200e+00
   endloop
 endfacet
 facet normal -1.305262e-01 -9.914449e-01  0.000000e+00
   outer loop
     vertex  1.312100e+02 -1.077400e+02  0.000000e+00
     vertex  1.313524e+02 -1.077587e+02  1.516200e+00
     vertex  1.312100e+02 -1.077400e+02  1.516200e+00
   endloop
 endfacet
 facet normal -1.305262e-01 -9.914449e-01  0.000000e+00
   outer loop
     vertex  1.312100e+02 -1.077400e+02  0.000000e+00
     vertex  1.313524e+02 -1.077587e+02  0.000000e+00
     vertex  1.313524e+02 -1.077587e+02  1.516200e+00
   endloop
 endfacet
 facet normal  1.305262e-01 -9.914449e-01  0.000000e+00
   outer loop
     vertex  1.310676e+02 -1.077587e+02  0.000000e+00
     vertex  1.312100e+02 -1.077400e+02  1.516200e+00
     vertex  1.310676e+02 -1.077587e+02  1.516200e+00
   endloop
 endfacet
 facet normal  1.305262e-01 -9.914449e-01  0.000000e+00
   outer loop
     vertex  1.310676e+02 -1.077587e+02  0.000000e+00
     vertex  1.312100e+02 -1.077400e+02  0.000000e+00
     vertex  1.312100e+02 -1.077400e+02  1.516200e+00
   endloop
 endfacet
 facet normal  3.826834e-01 -9.238795e-01  0.000000e+00
   outer loop
     vertex  1.309350e+02 -1.078137e+02  0.000000e+00
     vertex  1.310676e+02 -1.077587e+02  0.000000e+00
     vertex  1.310676e+02 -1.077587e+02  1.516200e+00
   endloop
 endfacet
 facet normal  3.826834e-01 -9.238795e-01  0.000000e+00
   outer loop
     vertex  1.309350e+02 -1.078137e+02  0.000000e+00
     vertex  1.310676e+02 -1.077587e+02  1.516200e+00
     vertex  1.309350e+02 -1.078137e+02  1.516200e+00
   endloop
 endfacet
 facet normal  6.087614e-01 -7.933533e-01  0.000000e+00
   outer loop
     vertex  1.308211e+02 -1.079011e+02  0.000000e+00
     vertex  1.309350e+02 -1.078137e+02  0.000000e+00
     vertex  1.309350e+02 -1.078137e+02  1.516200e+00
   endloop
 endfacet
 facet normal  7.933533e-01 -6.087614e-01  0.000000e+00
   outer loop
     vertex  1.308211e+02 -1.079011e+02  0.000000e+00
     vertex  1.308211e+02 -1.079011e+02  1.516200e+00
     vertex  1.307337e+02 -1.080150e+02  1.516200e+00
   endloop
 endfacet
 facet normal  6.087614e-01 -7.933533e-01  0.000000e+00
   outer loop
     vertex  1.308211e+02 -1.079011e+02  0.000000e+00
     vertex  1.309350e+02 -1.078137e+02  1.516200e+00
     vertex  1.308211e+02 -1.079011e+02  1.516200e+00
   endloop
 endfacet
 facet normal  7.933533e-01 -6.087614e-01  0.000000e+00
   outer loop
     vertex  1.307337e+02 -1.080150e+02  0.000000e+00
     vertex  1.308211e+02 -1.079011e+02  0.000000e+00
     vertex  1.307337e+02 -1.080150e+02  1.516200e+00
   endloop
 endfacet
 facet normal  9.238795e-01 -3.826834e-01  0.000000e+00
   outer loop
     vertex  1.307337e+02 -1.080150e+02  0.000000e+00
     vertex  1.307337e+02 -1.080150e+02  1.516200e+00
     vertex  1.306787e+02 -1.081476e+02  1.516200e+00
   endloop
 endfacet
 facet normal  9.238795e-01 -3.826834e-01  0.000000e+00
   outer loop
     vertex  1.306787e+02 -1.081476e+02  0.000000e+00
     vertex  1.307337e+02 -1.080150e+02  0.000000e+00
     vertex  1.306787e+02 -1.081476e+02  1.516200e+00
   endloop
 endfacet
 facet normal  9.914449e-01 -1.305262e-01  0.000000e+00
   outer loop
     vertex  1.306600e+02 -1.082900e+02  0.000000e+00
     vertex  1.306787e+02 -1.081476e+02  0.000000e+00
     vertex  1.306787e+02 -1.081476e+02  1.516200e+00
   endloop
 endfacet
 facet normal  9.914449e-01 -1.305262e-01  0.000000e+00
   outer loop
     vertex  1.306600e+02 -1.082900e+02  0.000000e+00
     vertex  1.306787e+02 -1.081476e+02  1.516200e+00
     vertex  1.306600e+02 -1.082900e+02  1.516200e+00
   endloop
 endfacet
 facet normal  9.914449e-01  1.305262e-01 -0.000000e+00
   outer loop
     vertex  1.306787e+02 -1.084324e+02  0.000000e+00
     vertex  1.306600e+02 -1.082900e+02  1.516200e+00
     vertex  1.306787e+02 -1.084324e+02  1.516200e+00
   endloop
 endfacet
 facet normal  9.914449e-01  1.305262e-01  0.000000e+00
   outer loop
     vertex  1.306787e+02 -1.084324e+02  0.000000e+00
     vertex  1.306600e+02 -1.082900e+02  0.000000e+00
     vertex  1.306600e+02 -1.082900e+02  1.516200e+00
   endloop
 endfacet
 facet normal  7.933533e-01  6.087614e-01 -0.000000e+00
   outer loop
     vertex  1.307337e+02 -1.085650e+02  0.000000e+00
     vertex  1.307337e+02 -1.085650e+02  1.516200e+00
     vertex  1.308211e+02 -1.086789e+02  1.516200e+00
   endloop
 endfacet
 facet normal  9.238795e-01  3.826834e-01 -0.000000e+00
   outer loop
     vertex  1.307337e+02 -1.085650e+02  0.000000e+00
     vertex  1.306787e+02 -1.084324e+02  1.516200e+00
     vertex  1.307337e+02 -1.085650e+02  1.516200e+00
   endloop
 endfacet
 facet normal  9.238795e-01  3.826834e-01  0.000000e+00
   outer loop
     vertex  1.307337e+02 -1.085650e+02  0.000000e+00
     vertex  1.306787e+02 -1.084324e+02  0.000000e+00
     vertex  1.306787e+02 -1.084324e+02  1.516200e+00
   endloop
 endfacet
 facet normal  7.933533e-01  6.087614e-01 -0.000000e+00
   outer loop
     vertex  1.308211e+02 -1.086789e+02  0.000000e+00
     vertex  1.307337e+02 -1.085650e+02  0.000000e+00
     vertex  1.308211e+02 -1.086789e+02  1.516200e+00
   endloop
 endfacet
 facet normal  3.826834e-01  9.238795e-01 -0.000000e+00
   outer loop
     vertex  1.309350e+02 -1.087663e+02  0.000000e+00
     vertex  1.309350e+02 -1.087663e+02  1.516200e+00
     vertex  1.310676e+02 -1.088213e+02  1.516200e+00
   endloop
 endfacet
 facet normal  6.087614e-01  7.933533e-01 -0.000000e+00
   outer loop
     vertex  1.309350e+02 -1.087663e+02  0.000000e+00
     vertex  1.308211e+02 -1.086789e+02  1.516200e+00
     vertex  1.309350e+02 -1.087663e+02  1.516200e+00
   endloop
 endfacet
 facet normal  6.087614e-01  7.933533e-01  0.000000e+00
   outer loop
     vertex  1.309350e+02 -1.087663e+02  0.000000e+00
     vertex  1.308211e+02 -1.086789e+02  0.000000e+00
     vertex  1.308211e+02 -1.086789e+02  1.516200e+00
   endloop
 endfacet
 facet normal  1.305262e-01  9.914449e-01 -0.000000e+00
   outer loop
     vertex  1.310676e+02 -1.088213e+02  0.000000e+00
     vertex  1.310676e+02 -1.088213e+02  1.516200e+00
     vertex  1.312100e+02 -1.088400e+02  1.516200e+00
   endloop
 endfacet
 facet normal  3.826834e-01  9.238795e-01 -0.000000e+00
   outer loop
     vertex  1.310676e+02 -1.088213e+02  0.000000e+00
     vertex  1.309350e+02 -1.087663e+02  0.000000e+00
     vertex  1.310676e+02 -1.088213e+02  1.516200e+00
   endloop
 endfacet
 facet normal  1.305262e-01  9.914449e-01 -0.000000e+00
   outer loop
     vertex  1.312100e+02 -1.088400e+02  0.000000e+00
     vertex  1.310676e+02 -1.088213e+02  0.000000e+00
     vertex  1.312100e+02 -1.088400e+02  1.516200e+00
   endloop
 endfacet
 facet normal -1.305262e-01  9.914449e-01  0.000000e+00
   outer loop
     vertex  1.273471e+02 -1.053622e+02  0.000000e+00
     vertex  1.272500e+02 -1.053750e+02  0.000000e+00
     vertex  1.272500e+02 -1.053750e+02  1.516200e+00
   endloop
 endfacet
 facet normal -1.305262e-01  9.914449e-01  0.000000e+00
   outer loop
     vertex  1.273471e+02 -1.053622e+02  0.000000e+00
     vertex  1.272500e+02 -1.053750e+02  1.516200e+00
     vertex  1.273471e+02 -1.053622e+02  1.516200e+00
   endloop
 endfacet
 facet normal -3.826834e-01  9.238795e-01  0.000000e+00
   outer loop
     vertex  1.274375e+02 -1.053248e+02  0.000000e+00
     vertex  1.273471e+02 -1.053622e+02  1.516200e+00
     vertex  1.274375e+02 -1.053248e+02  1.516200e+00
   endloop
 endfacet
 facet normal -3.826834e-01  9.238795e-01  0.000000e+00
   outer loop
     vertex  1.274375e+02 -1.053248e+02  0.000000e+00
     vertex  1.273471e+02 -1.053622e+02  0.000000e+00
     vertex  1.273471e+02 -1.053622e+02  1.516200e+00
   endloop
 endfacet
 facet normal -6.087614e-01  7.933533e-01  0.000000e+00
   outer loop
     vertex  1.275152e+02 -1.052652e+02  0.000000e+00
     vertex  1.274375e+02 -1.053248e+02  1.516200e+00
     vertex  1.275152e+02 -1.052652e+02  1.516200e+00
   endloop
 endfacet
 facet normal -6.087614e-01  7.933533e-01  0.000000e+00
   outer loop
     vertex  1.275152e+02 -1.052652e+02  0.000000e+00
     vertex  1.274375e+02 -1.053248e+02  0.000000e+00
     vertex  1.274375e+02 -1.053248e+02  1.516200e+00
   endloop
 endfacet
 facet normal -7.933533e-01  6.087614e-01  0.000000e+00
   outer loop
     vertex  1.275748e+02 -1.051875e+02  0.000000e+00
     vertex  1.275152e+02 -1.052652e+02  1.516200e+00
     vertex  1.275748e+02 -1.051875e+02  1.516200e+00
   endloop
 endfacet
 facet normal -7.933533e-01  6.087614e-01  0.000000e+00
   outer loop
     vertex  1.275748e+02 -1.051875e+02  0.000000e+00
     vertex  1.275152e+02 -1.052652e+02  0.000000e+00
     vertex  1.275152e+02 -1.052652e+02  1.516200e+00
   endloop
 endfacet
 facet normal -9.238795e-01  3.826834e-01  0.000000e+00
   outer loop
     vertex  1.276122e+02 -1.050971e+02  0.000000e+00
     vertex  1.275748e+02 -1.051875e+02  1.516200e+00
     vertex  1.276122e+02 -1.050971e+02  1.516200e+00
   endloop
 endfacet
 facet normal -9.238795e-01  3.826834e-01  0.000000e+00
   outer loop
     vertex  1.276122e+02 -1.050971e+02  0.000000e+00
     vertex  1.275748e+02 -1.051875e+02  0.000000e+00
     vertex  1.275748e+02 -1.051875e+02  1.516200e+00
   endloop
 endfacet
 facet normal -9.914449e-01  1.305262e-01  0.000000e+00
   outer loop
     vertex  1.276250e+02 -1.050000e+02  0.000000e+00
     vertex  1.276122e+02 -1.050971e+02  1.516200e+00
     vertex  1.276250e+02 -1.050000e+02  1.516200e+00
   endloop
 endfacet
 facet normal -9.914449e-01  1.305262e-01  0.000000e+00
   outer loop
     vertex  1.276250e+02 -1.050000e+02  0.000000e+00
     vertex  1.276122e+02 -1.050971e+02  0.000000e+00
     vertex  1.276122e+02 -1.050971e+02  1.516200e+00
   endloop
 endfacet
 facet normal -9.914449e-01 -1.305262e-01  0.000000e+00
   outer loop
     vertex  1.276122e+02 -1.049029e+02  0.000000e+00
     vertex  1.276250e+02 -1.050000e+02  1.516200e+00
     vertex  1.276122e+02 -1.049029e+02  1.516200e+00
   endloop
 endfacet
 facet normal -9.914449e-01 -1.305262e-01  0.000000e+00
   outer loop
     vertex  1.276122e+02 -1.049029e+02  0.000000e+00
     vertex  1.276250e+02 -1.050000e+02  0.000000e+00
     vertex  1.276250e+02 -1.050000e+02  1.516200e+00
   endloop
 endfacet
 facet normal -9.238795e-01 -3.826834e-01  0.000000e+00
   outer loop
     vertex  1.275748e+02 -1.048125e+02  0.000000e+00
     vertex  1.276122e+02 -1.049029e+02  1.516200e+00
     vertex  1.275748e+02 -1.048125e+02  1.516200e+00
   endloop
 endfacet
 facet normal -9.238795e-01 -3.826834e-01  0.000000e+00
   outer loop
     vertex  1.275748e+02 -1.048125e+02  0.000000e+00
     vertex  1.276122e+02 -1.049029e+02  0.000000e+00
     vertex  1.276122e+02 -1.049029e+02  1.516200e+00
   endloop
 endfacet
 facet normal -7.933533e-01 -6.087614e-01  0.000000e+00
   outer loop
     vertex  1.275152e+02 -1.047348e+02  0.000000e+00
     vertex  1.275748e+02 -1.048125e+02  1.516200e+00
     vertex  1.275152e+02 -1.047348e+02  1.516200e+00
   endloop
 endfacet
 facet normal -7.933533e-01 -6.087614e-01  0.000000e+00
   outer loop
     vertex  1.275152e+02 -1.047348e+02  0.000000e+00
     vertex  1.275748e+02 -1.048125e+02  0.000000e+00
     vertex  1.275748e+02 -1.048125e+02  1.516200e+00
   endloop
 endfacet
 facet normal -6.087614e-01 -7.933533e-01  0.000000e+00
   outer loop
     vertex  1.274375e+02 -1.046752e+02  0.000000e+00
     vertex  1.275152e+02 -1.047348e+02  1.516200e+00
     vertex  1.274375e+02 -1.046752e+02  1.516200e+00
   endloop
 endfacet
 facet normal -6.087614e-01 -7.933533e-01  0.000000e+00
   outer loop
     vertex  1.274375e+02 -1.046752e+02  0.000000e+00
     vertex  1.275152e+02 -1.047348e+02  0.000000e+00
     vertex  1.275152e+02 -1.047348e+02  1.516200e+00
   endloop
 endfacet
 facet normal -3.826834e-01 -9.238795e-01  0.000000e+00
   outer loop
     vertex  1.273471e+02 -1.046378e+02  0.000000e+00
     vertex  1.274375e+02 -1.046752e+02  1.516200e+00
     vertex  1.273471e+02 -1.046378e+02  1.516200e+00
   endloop
 endfacet
 facet normal -3.826834e-01 -9.238795e-01  0.000000e+00
   outer loop
     vertex  1.273471e+02 -1.046378e+02  0.000000e+00
     vertex  1.274375e+02 -1.046752e+02  0.000000e+00
     vertex  1.274375e+02 -1.046752e+02  1.516200e+00
   endloop
 endfacet
 facet normal -1.305262e-01 -9.914449e-01  0.000000e+00
   outer loop
     vertex  1.272500e+02 -1.046250e+02  0.000000e+00
     vertex  1.273471e+02 -1.046378e+02  1.516200e+00
     vertex  1.272500e+02 -1.046250e+02  1.516200e+00
   endloop
 endfacet
 facet normal -1.305262e-01 -9.914449e-01  0.000000e+00
   outer loop
     vertex  1.272500e+02 -1.046250e+02  0.000000e+00
     vertex  1.273471e+02 -1.046378e+02  0.000000e+00
     vertex  1.273471e+02 -1.046378e+02  1.516200e+00
   endloop
 endfacet
 facet normal  1.305262e-01 -9.914449e-01  0.000000e+00
   outer loop
     vertex  1.271529e+02 -1.046378e+02  0.000000e+00
     vertex  1.272500e+02 -1.046250e+02  1.516200e+00
     vertex  1.271529e+02 -1.046378e+02  1.516200e+00
   endloop
 endfacet
 facet normal  1.305262e-01 -9.914449e-01  0.000000e+00
   outer loop
     vertex  1.271529e+02 -1.046378e+02  0.000000e+00
     vertex  1.272500e+02 -1.046250e+02  0.000000e+00
     vertex  1.272500e+02 -1.046250e+02  1.516200e+00
   endloop
 endfacet
 facet normal  3.826834e-01 -9.238795e-01  0.000000e+00
   outer loop
     vertex  1.270625e+02 -1.046752e+02  0.000000e+00
     vertex  1.271529e+02 -1.046378e+02  0.000000e+00
     vertex  1.271529e+02 -1.046378e+02  1.516200e+00
   endloop
 endfacet
 facet normal  3.826834e-01 -9.238795e-01  0.000000e+00
   outer loop
     vertex  1.270625e+02 -1.046752e+02  0.000000e+00
     vertex  1.271529e+02 -1.046378e+02  1.516200e+00
     vertex  1.270625e+02 -1.046752e+02  1.516200e+00
   endloop
 endfacet
 facet normal  6.087614e-01 -7.933533e-01  0.000000e+00
   outer loop
     vertex  1.269848e+02 -1.047348e+02  0.000000e+00
     vertex  1.270625e+02 -1.046752e+02  0.000000e+00
     vertex  1.270625e+02 -1.046752e+02  1.516200e+00
   endloop
 endfacet
 facet normal  7.933533e-01 -6.087614e-01  0.000000e+00
   outer loop
     vertex  1.269848e+02 -1.047348e+02  0.000000e+00
     vertex  1.269848e+02 -1.047348e+02  1.516200e+00
     vertex  1.269252e+02 -1.048125e+02  1.516200e+00
   endloop
 endfacet
 facet normal  6.087614e-01 -7.933533e-01  0.000000e+00
   outer loop
     vertex  1.269848e+02 -1.047348e+02  0.000000e+00
     vertex  1.270625e+02 -1.046752e+02  1.516200e+00
     vertex  1.269848e+02 -1.047348e+02  1.516200e+00
   endloop
 endfacet
 facet normal  7.933533e-01 -6.087614e-01  0.000000e+00
   outer loop
     vertex  1.269252e+02 -1.048125e+02  0.000000e+00
     vertex  1.269848e+02 -1.047348e+02  0.000000e+00
     vertex  1.269252e+02 -1.048125e+02  1.516200e+00
   endloop
 endfacet
 facet normal  9.238795e-01 -3.826834e-01  0.000000e+00
   outer loop
     vertex  1.269252e+02 -1.048125e+02  0.000000e+00
     vertex  1.269252e+02 -1.048125e+02  1.516200e+00
     vertex  1.268878e+02 -1.049029e+02  1.516200e+00
   endloop
 endfacet
 facet normal  9.238795e-01 -3.826834e-01  0.000000e+00
   outer loop
     vertex  1.268878e+02 -1.049029e+02  0.000000e+00
     vertex  1.269252e+02 -1.048125e+02  0.000000e+00
     vertex  1.268878e+02 -1.049029e+02  1.516200e+00
   endloop
 endfacet
 facet normal  9.914449e-01 -1.305262e-01  0.000000e+00
   outer loop
     vertex  1.268750e+02 -1.050000e+02  0.000000e+00
     vertex  1.268878e+02 -1.049029e+02  0.000000e+00
     vertex  1.268878e+02 -1.049029e+02  1.516200e+00
   endloop
 endfacet
 facet normal  9.914449e-01 -1.305262e-01  0.000000e+00
   outer loop
     vertex  1.268750e+02 -1.050000e+02  0.000000e+00
     vertex  1.268878e+02 -1.049029e+02  1.516200e+00
     vertex  1.268750e+02 -1.050000e+02  1.516200e+00
   endloop
 endfacet
 facet normal  9.914449e-01  1.305262e-01 -0.000000e+00
   outer loop
     vertex  1.268878e+02 -1.050971e+02  0.000000e+00
     vertex  1.268750e+02 -1.050000e+02  1.516200e+00
     vertex  1.268878e+02 -1.050971e+02  1.516200e+00
   endloop
 endfacet
 facet normal  9.914449e-01  1.305262e-01  0.000000e+00
   outer loop
     vertex  1.268878e+02 -1.050971e+02  0.000000e+00
     vertex  1.268750e+02 -1.050000e+02  0.000000e+00
     vertex  1.268750e+02 -1.050000e+02  1.516200e+00
   endloop
 endfacet
 facet normal  7.933533e-01  6.087614e-01 -0.000000e+00
   outer loop
     vertex  1.269252e+02 -1.051875e+02  0.000000e+00
     vertex  1.269252e+02 -1.051875e+02  1.516200e+00
     vertex  1.269848e+02 -1.052652e+02  1.516200e+00
   endloop
 endfacet
 facet normal  9.238795e-01  3.826834e-01 -0.000000e+00
   outer loop
     vertex  1.269252e+02 -1.051875e+02  0.000000e+00
     vertex  1.268878e+02 -1.050971e+02  1.516200e+00
     vertex  1.269252e+02 -1.051875e+02  1.516200e+00
   endloop
 endfacet
 facet normal  9.238795e-01  3.826834e-01  0.000000e+00
   outer loop
     vertex  1.269252e+02 -1.051875e+02  0.000000e+00
     vertex  1.268878e+02 -1.050971e+02  0.000000e+00
     vertex  1.268878e+02 -1.050971e+02  1.516200e+00
   endloop
 endfacet
 facet normal  7.933533e-01  6.087614e-01 -0.000000e+00
   outer loop
     vertex  1.269848e+02 -1.052652e+02  0.000000e+00
     vertex  1.269252e+02 -1.051875e+02  0.000000e+00
     vertex  1.269848e+02 -1.052652e+02  1.516200e+00
   endloop
 endfacet
 facet normal  3.826834e-01  9.238795e-01 -0.000000e+00
   outer loop
     vertex  1.270625e+02 -1.053248e+02  0.000000e+00
     vertex  1.270625e+02 -1.053248e+02  1.516200e+00
     vertex  1.271529e+02 -1.053622e+02  1.516200e+00
   endloop
 endfacet
 facet normal  6.087614e-01  7.933533e-01 -0.000000e+00
   outer loop
     vertex  1.270625e+02 -1.053248e+02  0.000000e+00
     vertex  1.269848e+02 -1.052652e+02  1.516200e+00
     vertex  1.270625e+02 -1.053248e+02  1.516200e+00
   endloop
 endfacet
 facet normal  6.087614e-01  7.933533e-01  0.000000e+00
   outer loop
     vertex  1.270625e+02 -1.053248e+02  0.000000e+00
     vertex  1.269848e+02 -1.052652e+02  0.000000e+00
     vertex  1.269848e+02 -1.052652e+02  1.516200e+00
   endloop
 endfacet
 facet normal  1.305262e-01  9.914449e-01 -0.000000e+00
   outer loop
     vertex  1.271529e+02 -1.053622e+02  0.000000e+00
     vertex  1.271529e+02 -1.053622e+02  1.516200e+00
     vertex  1.272500e+02 -1.053750e+02  1.516200e+00
   endloop
 endfacet
 facet normal  3.826834e-01  9.238795e-01 -0.000000e+00
   outer loop
     vertex  1.271529e+02 -1.053622e+02  0.000000e+00
     vertex  1.270625e+02 -1.053248e+02  0.000000e+00
     vertex  1.271529e+02 -1.053622e+02  1.516200e+00
   endloop
 endfacet
 facet normal  1.305262e-01  9.914449e-01 -0.000000e+00
   outer loop
     vertex  1.272500e+02 -1.053750e+02  0.000000e+00
     vertex  1.271529e+02 -1.053622e+02  0.000000e+00
     vertex  1.272500e+02 -1.053750e+02  1.516200e+00
   endloop
 endfacet
 facet normal -1.305262e-01  9.914449e-01  0.000000e+00
   outer loop
     vertex  1.313524e+02 -1.062813e+02  0.000000e+00
     vertex  1.312100e+02 -1.063000e+02  0.000000e+00
     vertex  1.312100e+02 -1.063000e+02  1.516200e+00
   endloop
 endfacet
 facet normal -1.305262e-01  9.914449e-01  0.000000e+00
   outer loop
     vertex  1.313524e+02 -1.062813e+02  0.000000e+00
     vertex  1.312100e+02 -1.063000e+02  1.516200e+00
     vertex  1.313524e+02 -1.062813e+02  1.516200e+00
   endloop
 endfacet
 facet normal -3.826834e-01  9.238795e-01  0.000000e+00
   outer loop
     vertex  1.314850e+02 -1.062263e+02  0.000000e+00
     vertex  1.313524e+02 -1.062813e+02  1.516200e+00
     vertex  1.314850e+02 -1.062263e+02  1.516200e+00
   endloop
 endfacet
 facet normal -3.826834e-01  9.238795e-01  0.000000e+00
   outer loop
     vertex  1.314850e+02 -1.062263e+02  0.000000e+00
     vertex  1.313524e+02 -1.062813e+02  0.000000e+00
     vertex  1.313524e+02 -1.062813e+02  1.516200e+00
   endloop
 endfacet
 facet normal -6.087614e-01  7.933533e-01  0.000000e+00
   outer loop
     vertex  1.315989e+02 -1.061389e+02  0.000000e+00
     vertex  1.314850e+02 -1.062263e+02  1.516200e+00
     vertex  1.315989e+02 -1.061389e+02  1.516200e+00
   endloop
 endfacet
 facet normal -6.087614e-01  7.933533e-01  0.000000e+00
   outer loop
     vertex  1.315989e+02 -1.061389e+02  0.000000e+00
     vertex  1.314850e+02 -1.062263e+02  0.000000e+00
     vertex  1.314850e+02 -1.062263e+02  1.516200e+00
   endloop
 endfacet
 facet normal -7.933533e-01  6.087614e-01  0.000000e+00
   outer loop
     vertex  1.316863e+02 -1.060250e+02  0.000000e+00
     vertex  1.315989e+02 -1.061389e+02  1.516200e+00
     vertex  1.316863e+02 -1.060250e+02  1.516200e+00
   endloop
 endfacet
 facet normal -7.933533e-01  6.087614e-01  0.000000e+00
   outer loop
     vertex  1.316863e+02 -1.060250e+02  0.000000e+00
     vertex  1.315989e+02 -1.061389e+02  0.000000e+00
     vertex  1.315989e+02 -1.061389e+02  1.516200e+00
   endloop
 endfacet
 facet normal -9.238795e-01  3.826834e-01  0.000000e+00
   outer loop
     vertex  1.317413e+02 -1.058924e+02  0.000000e+00
     vertex  1.316863e+02 -1.060250e+02  1.516200e+00
     vertex  1.317413e+02 -1.058924e+02  1.516200e+00
   endloop
 endfacet
 facet normal -9.238795e-01  3.826834e-01  0.000000e+00
   outer loop
     vertex  1.317413e+02 -1.058924e+02  0.000000e+00
     vertex  1.316863e+02 -1.060250e+02  0.000000e+00
     vertex  1.316863e+02 -1.060250e+02  1.516200e+00
   endloop
 endfacet
 facet normal -9.914449e-01  1.305262e-01  0.000000e+00
   outer loop
     vertex  1.317600e+02 -1.057500e+02  0.000000e+00
     vertex  1.317413e+02 -1.058924e+02  1.516200e+00
     vertex  1.317600e+02 -1.057500e+02  1.516200e+00
   endloop
 endfacet
 facet normal -9.914449e-01  1.305262e-01  0.000000e+00
   outer loop
     vertex  1.317600e+02 -1.057500e+02  0.000000e+00
     vertex  1.317413e+02 -1.058924e+02  0.000000e+00
     vertex  1.317413e+02 -1.058924e+02  1.516200e+00
   endloop
 endfacet
 facet normal -9.914449e-01 -1.305262e-01  0.000000e+00
   outer loop
     vertex  1.317413e+02 -1.056076e+02  0.000000e+00
     vertex  1.317600e+02 -1.057500e+02  1.516200e+00
     vertex  1.317413e+02 -1.056076e+02  1.516200e+00
   endloop
 endfacet
 facet normal -9.914449e-01 -1.305262e-01  0.000000e+00
   outer loop
     vertex  1.317413e+02 -1.056076e+02  0.000000e+00
     vertex  1.317600e+02 -1.057500e+02  0.000000e+00
     vertex  1.317600e+02 -1.057500e+02  1.516200e+00
   endloop
 endfacet
 facet normal -9.238795e-01 -3.826834e-01  0.000000e+00
   outer loop
     vertex  1.316863e+02 -1.054750e+02  0.000000e+00
     vertex  1.317413e+02 -1.056076e+02  1.516200e+00
     vertex  1.316863e+02 -1.054750e+02  1.516200e+00
   endloop
 endfacet
 facet normal -9.238795e-01 -3.826834e-01  0.000000e+00
   outer loop
     vertex  1.316863e+02 -1.054750e+02  0.000000e+00
     vertex  1.317413e+02 -1.056076e+02  0.000000e+00
     vertex  1.317413e+02 -1.056076e+02  1.516200e+00
   endloop
 endfacet
 facet normal -7.933533e-01 -6.087614e-01  0.000000e+00
   outer loop
     vertex  1.315989e+02 -1.053611e+02  0.000000e+00
     vertex  1.316863e+02 -1.054750e+02  1.516200e+00
     vertex  1.315989e+02 -1.053611e+02  1.516200e+00
   endloop
 endfacet
 facet normal -7.933533e-01 -6.087614e-01  0.000000e+00
   outer loop
     vertex  1.315989e+02 -1.053611e+02  0.000000e+00
     vertex  1.316863e+02 -1.054750e+02  0.000000e+00
     vertex  1.316863e+02 -1.054750e+02  1.516200e+00
   endloop
 endfacet
 facet normal -6.087614e-01 -7.933533e-01  0.000000e+00
   outer loop
     vertex  1.314850e+02 -1.052737e+02  0.000000e+00
     vertex  1.315989e+02 -1.053611e+02  1.516200e+00
     vertex  1.314850e+02 -1.052737e+02  1.516200e+00
   endloop
 endfacet
 facet normal -6.087614e-01 -7.933533e-01  0.000000e+00
   outer loop
     vertex  1.314850e+02 -1.052737e+02  0.000000e+00
     vertex  1.315989e+02 -1.053611e+02  0.000000e+00
     vertex  1.315989e+02 -1.053611e+02  1.516200e+00
   endloop
 endfacet
 facet normal -3.826834e-01 -9.238795e-01  0.000000e+00
   outer loop
     vertex  1.313524e+02 -1.052187e+02  0.000000e+00
     vertex  1.314850e+02 -1.052737e+02  1.516200e+00
     vertex  1.313524e+02 -1.052187e+02  1.516200e+00
   endloop
 endfacet
 facet normal -3.826834e-01 -9.238795e-01  0.000000e+00
   outer loop
     vertex  1.313524e+02 -1.052187e+02  0.000000e+00
     vertex  1.314850e+02 -1.052737e+02  0.000000e+00
     vertex  1.314850e+02 -1.052737e+02  1.516200e+00
   endloop
 endfacet
 facet normal -1.305262e-01 -9.914449e-01  0.000000e+00
   outer loop
     vertex  1.312100e+02 -1.052000e+02  0.000000e+00
     vertex  1.313524e+02 -1.052187e+02  1.516200e+00
     vertex  1.312100e+02 -1.052000e+02  1.516200e+00
   endloop
 endfacet
 facet normal -1.305262e-01 -9.914449e-01  0.000000e+00
   outer loop
     vertex  1.312100e+02 -1.052000e+02  0.000000e+00
     vertex  1.313524e+02 -1.052187e+02  0.000000e+00
     vertex  1.313524e+02 -1.052187e+02  1.516200e+00
   endloop
 endfacet
 facet normal  1.305262e-01 -9.914449e-01  0.000000e+00
   outer loop
     vertex  1.310676e+02 -1.052187e+02  0.000000e+00
     vertex  1.312100e+02 -1.052000e+02  1.516200e+00
     vertex  1.310676e+02 -1.052187e+02  1.516200e+00
   endloop
 endfacet
 facet normal  1.305262e-01 -9.914449e-01  0.000000e+00
   outer loop
     vertex  1.310676e+02 -1.052187e+02  0.000000e+00
     vertex  1.312100e+02 -1.052000e+02  0.000000e+00
     vertex  1.312100e+02 -1.052000e+02  1.516200e+00
   endloop
 endfacet
 facet normal  3.826834e-01 -9.238795e-01  0.000000e+00
   outer loop
     vertex  1.309350e+02 -1.052737e+02  0.000000e+00
     vertex  1.310676e+02 -1.052187e+02  0.000000e+00
     vertex  1.310676e+02 -1.052187e+02  1.516200e+00
   endloop
 endfacet
 facet normal  3.826834e-01 -9.238795e-01  0.000000e+00
   outer loop
     vertex  1.309350e+02 -1.052737e+02  0.000000e+00
     vertex  1.310676e+02 -1.052187e+02  1.516200e+00
     vertex  1.309350e+02 -1.052737e+02  1.516200e+00
   endloop
 endfacet
 facet normal  6.087614e-01 -7.933533e-01  0.000000e+00
   outer loop
     vertex  1.308211e+02 -1.053611e+02  0.000000e+00
     vertex  1.309350e+02 -1.052737e+02  0.000000e+00
     vertex  1.309350e+02 -1.052737e+02  1.516200e+00
   endloop
 endfacet
 facet normal  7.933533e-01 -6.087614e-01  0.000000e+00
   outer loop
     vertex  1.308211e+02 -1.053611e+02  0.000000e+00
     vertex  1.308211e+02 -1.053611e+02  1.516200e+00
     vertex  1.307337e+02 -1.054750e+02  1.516200e+00
   endloop
 endfacet
 facet normal  6.087614e-01 -7.933533e-01  0.000000e+00
   outer loop
     vertex  1.308211e+02 -1.053611e+02  0.000000e+00
     vertex  1.309350e+02 -1.052737e+02  1.516200e+00
     vertex  1.308211e+02 -1.053611e+02  1.516200e+00
   endloop
 endfacet
 facet normal  7.933533e-01 -6.087614e-01  0.000000e+00
   outer loop
     vertex  1.307337e+02 -1.054750e+02  0.000000e+00
     vertex  1.308211e+02 -1.053611e+02  0.000000e+00
     vertex  1.307337e+02 -1.054750e+02  1.516200e+00
   endloop
 endfacet
 facet normal  9.238795e-01 -3.826834e-01  0.000000e+00
   outer loop
     vertex  1.307337e+02 -1.054750e+02  0.000000e+00
     vertex  1.307337e+02 -1.054750e+02  1.516200e+00
     vertex  1.306787e+02 -1.056076e+02  1.516200e+00
   endloop
 endfacet
 facet normal  9.238795e-01 -3.826834e-01  0.000000e+00
   outer loop
     vertex  1.306787e+02 -1.056076e+02  0.000000e+00
     vertex  1.307337e+02 -1.054750e+02  0.000000e+00
     vertex  1.306787e+02 -1.056076e+02  1.516200e+00
   endloop
 endfacet
 facet normal  9.914449e-01 -1.305262e-01  0.000000e+00
   outer loop
     vertex  1.306600e+02 -1.057500e+02  0.000000e+00
     vertex  1.306787e+02 -1.056076e+02  0.000000e+00
     vertex  1.306787e+02 -1.056076e+02  1.516200e+00
   endloop
 endfacet
 facet normal  9.914449e-01 -1.305262e-01  0.000000e+00
   outer loop
     vertex  1.306600e+02 -1.057500e+02  0.000000e+00
     vertex  1.306787e+02 -1.056076e+02  1.516200e+00
     vertex  1.306600e+02 -1.057500e+02  1.516200e+00
   endloop
 endfacet
 facet normal  9.914449e-01  1.305262e-01 -0.000000e+00
   outer loop
     vertex  1.306787e+02 -1.058924e+02  0.000000e+00
     vertex  1.306600e+02 -1.057500e+02  1.516200e+00
     vertex  1.306787e+02 -1.058924e+02  1.516200e+00
   endloop
 endfacet
 facet normal  9.914449e-01  1.305262e-01  0.000000e+00
   outer loop
     vertex  1.306787e+02 -1.058924e+02  0.000000e+00
     vertex  1.306600e+02 -1.057500e+02  0.000000e+00
     vertex  1.306600e+02 -1.057500e+02  1.516200e+00
   endloop
 endfacet
 facet normal  7.933533e-01  6.087614e-01 -0.000000e+00
   outer loop
     vertex  1.307337e+02 -1.060250e+02  0.000000e+00
     vertex  1.307337e+02 -1.060250e+02  1.516200e+00
     vertex  1.308211e+02 -1.061389e+02  1.516200e+00
   endloop
 endfacet
 facet normal  9.238795e-01  3.826834e-01 -0.000000e+00
   outer loop
     vertex  1.307337e+02 -1.060250e+02  0.000000e+00
     vertex  1.306787e+02 -1.058924e+02  1.516200e+00
     vertex  1.307337e+02 -1.060250e+02  1.516200e+00
   endloop
 endfacet
 facet normal  9.238795e-01  3.826834e-01  0.000000e+00
   outer loop
     vertex  1.307337e+02 -1.060250e+02  0.000000e+00
     vertex  1.306787e+02 -1.058924e+02  0.000000e+00
     vertex  1.306787e+02 -1.058924e+02  1.516200e+00
   endloop
 endfacet
 facet normal  7.933533e-01  6.087614e-01 -0.000000e+00
   outer loop
     vertex  1.308211e+02 -1.061389e+02  0.000000e+00
     vertex  1.307337e+02 -1.060250e+02  0.000000e+00
     vertex  1.308211e+02 -1.061389e+02  1.516200e+00
   endloop
 endfacet
 facet normal  3.826834e-01  9.238795e-01 -0.000000e+00
   outer loop
     vertex  1.309350e+02 -1.062263e+02  0.000000e+00
     vertex  1.309350e+02 -1.062263e+02  1.516200e+00
     vertex  1.310676e+02 -1.062813e+02  1.516200e+00
   endloop
 endfacet
 facet normal  6.087614e-01  7.933533e-01 -0.000000e+00
   outer loop
     vertex  1.309350e+02 -1.062263e+02  0.000000e+00
     vertex  1.308211e+02 -1.061389e+02  1.516200e+00
     vertex  1.309350e+02 -1.062263e+02  1.516200e+00
   endloop
 endfacet
 facet normal  6.087614e-01  7.933533e-01  0.000000e+00
   outer loop
     vertex  1.309350e+02 -1.062263e+02  0.000000e+00
     vertex  1.308211e+02 -1.061389e+02  0.000000e+00
     vertex  1.308211e+02 -1.061389e+02  1.516200e+00
   endloop
 endfacet
 facet normal  1.305262e-01  9.914449e-01 -0.000000e+00
   outer loop
     vertex  1.310676e+02 -1.062813e+02  0.000000e+00
     vertex  1.310676e+02 -1.062813e+02  1.516200e+00
     vertex  1.312100e+02 -1.063000e+02  1.516200e+00
   endloop
 endfacet
 facet normal  3.826834e-01  9.238795e-01 -0.000000e+00
   outer loop
     vertex  1.310676e+02 -1.062813e+02  0.000000e+00
     vertex  1.309350e+02 -1.062263e+02  0.000000e+00
     vertex  1.310676e+02 -1.062813e+02  1.516200e+00
   endloop
 endfacet
 facet normal  1.305262e-01  9.914449e-01 -0.000000e+00
   outer loop
     vertex  1.312100e+02 -1.063000e+02  0.000000e+00
     vertex  1.310676e+02 -1.062813e+02  0.000000e+00
     vertex  1.312100e+02 -1.063000e+02  1.516200e+00
   endloop
 endfacet
 facet normal -1.305262e-01  9.914449e-01  0.000000e+00
   outer loop
     vertex  1.338924e+02 -1.088213e+02  0.000000e+00
     vertex  1.337500e+02 -1.088400e+02  0.000000e+00
     vertex  1.337500e+02 -1.088400e+02  1.516200e+00
   endloop
 endfacet
 facet normal -1.305262e-01  9.914449e-01  0.000000e+00
   outer loop
     vertex  1.338924e+02 -1.088213e+02  0.000000e+00
     vertex  1.337500e+02 -1.088400e+02  1.516200e+00
     vertex  1.338924e+02 -1.088213e+02  1.516200e+00
   endloop
 endfacet
 facet normal -3.826834e-01  9.238795e-01  0.000000e+00
   outer loop
     vertex  1.340250e+02 -1.087663e+02  0.000000e+00
     vertex  1.338924e+02 -1.088213e+02  1.516200e+00
     vertex  1.340250e+02 -1.087663e+02  1.516200e+00
   endloop
 endfacet
 facet normal -3.826834e-01  9.238795e-01  0.000000e+00
   outer loop
     vertex  1.340250e+02 -1.087663e+02  0.000000e+00
     vertex  1.338924e+02 -1.088213e+02  0.000000e+00
     vertex  1.338924e+02 -1.088213e+02  1.516200e+00
   endloop
 endfacet
 facet normal -6.087614e-01  7.933533e-01  0.000000e+00
   outer loop
     vertex  1.341389e+02 -1.086789e+02  0.000000e+00
     vertex  1.340250e+02 -1.087663e+02  1.516200e+00
     vertex  1.341389e+02 -1.086789e+02  1.516200e+00
   endloop
 endfacet
 facet normal -6.087614e-01  7.933533e-01  0.000000e+00
   outer loop
     vertex  1.341389e+02 -1.086789e+02  0.000000e+00
     vertex  1.340250e+02 -1.087663e+02  0.000000e+00
     vertex  1.340250e+02 -1.087663e+02  1.516200e+00
   endloop
 endfacet
 facet normal -7.933533e-01  6.087614e-01  0.000000e+00
   outer loop
     vertex  1.342263e+02 -1.085650e+02  0.000000e+00
     vertex  1.341389e+02 -1.086789e+02  1.516200e+00
     vertex  1.342263e+02 -1.085650e+02  1.516200e+00
   endloop
 endfacet
 facet normal -7.933533e-01  6.087614e-01  0.000000e+00
   outer loop
     vertex  1.342263e+02 -1.085650e+02  0.000000e+00
     vertex  1.341389e+02 -1.086789e+02  0.000000e+00
     vertex  1.341389e+02 -1.086789e+02  1.516200e+00
   endloop
 endfacet
 facet normal -9.238795e-01  3.826834e-01  0.000000e+00
   outer loop
     vertex  1.342813e+02 -1.084324e+02  0.000000e+00
     vertex  1.342263e+02 -1.085650e+02  1.516200e+00
     vertex  1.342813e+02 -1.084324e+02  1.516200e+00
   endloop
 endfacet
 facet normal -9.238795e-01  3.826834e-01  0.000000e+00
   outer loop
     vertex  1.342813e+02 -1.084324e+02  0.000000e+00
     vertex  1.342263e+02 -1.085650e+02  0.000000e+00
     vertex  1.342263e+02 -1.085650e+02  1.516200e+00
   endloop
 endfacet
 facet normal -9.914449e-01  1.305262e-01  0.000000e+00
   outer loop
     vertex  1.343000e+02 -1.082900e+02  0.000000e+00
     vertex  1.342813e+02 -1.084324e+02  1.516200e+00
     vertex  1.343000e+02 -1.082900e+02  1.516200e+00
   endloop
 endfacet
 facet normal -9.914449e-01  1.305262e-01  0.000000e+00
   outer loop
     vertex  1.343000e+02 -1.082900e+02  0.000000e+00
     vertex  1.342813e+02 -1.084324e+02  0.000000e+00
     vertex  1.342813e+02 -1.084324e+02  1.516200e+00
   endloop
 endfacet
 facet normal -9.914449e-01 -1.305262e-01  0.000000e+00
   outer loop
     vertex  1.342813e+02 -1.081476e+02  0.000000e+00
     vertex  1.343000e+02 -1.082900e+02  1.516200e+00
     vertex  1.342813e+02 -1.081476e+02  1.516200e+00
   endloop
 endfacet
 facet normal -9.914449e-01 -1.305262e-01  0.000000e+00
   outer loop
     vertex  1.342813e+02 -1.081476e+02  0.000000e+00
     vertex  1.343000e+02 -1.082900e+02  0.000000e+00
     vertex  1.343000e+02 -1.082900e+02  1.516200e+00
   endloop
 endfacet
 facet normal -9.238795e-01 -3.826834e-01  0.000000e+00
   outer loop
     vertex  1.342263e+02 -1.080150e+02  0.000000e+00
     vertex  1.342813e+02 -1.081476e+02  1.516200e+00
     vertex  1.342263e+02 -1.080150e+02  1.516200e+00
   endloop
 endfacet
 facet normal -9.238795e-01 -3.826834e-01  0.000000e+00
   outer loop
     vertex  1.342263e+02 -1.080150e+02  0.000000e+00
     vertex  1.342813e+02 -1.081476e+02  0.000000e+00
     vertex  1.342813e+02 -1.081476e+02  1.516200e+00
   endloop
 endfacet
 facet normal -7.933533e-01 -6.087614e-01  0.000000e+00
   outer loop
     vertex  1.341389e+02 -1.079011e+02  0.000000e+00
     vertex  1.342263e+02 -1.080150e+02  1.516200e+00
     vertex  1.341389e+02 -1.079011e+02  1.516200e+00
   endloop
 endfacet
 facet normal -7.933533e-01 -6.087614e-01  0.000000e+00
   outer loop
     vertex  1.341389e+02 -1.079011e+02  0.000000e+00
     vertex  1.342263e+02 -1.080150e+02  0.000000e+00
     vertex  1.342263e+02 -1.080150e+02  1.516200e+00
   endloop
 endfacet
 facet normal -6.087614e-01 -7.933533e-01  0.000000e+00
   outer loop
     vertex  1.340250e+02 -1.078137e+02  0.000000e+00
     vertex  1.341389e+02 -1.079011e+02  1.516200e+00
     vertex  1.340250e+02 -1.078137e+02  1.516200e+00
   endloop
 endfacet
 facet normal -6.087614e-01 -7.933533e-01  0.000000e+00
   outer loop
     vertex  1.340250e+02 -1.078137e+02  0.000000e+00
     vertex  1.341389e+02 -1.079011e+02  0.000000e+00
     vertex  1.341389e+02 -1.079011e+02  1.516200e+00
   endloop
 endfacet
 facet normal -3.826834e-01 -9.238795e-01  0.000000e+00
   outer loop
     vertex  1.338924e+02 -1.077587e+02  0.000000e+00
     vertex  1.340250e+02 -1.078137e+02  1.516200e+00
     vertex  1.338924e+02 -1.077587e+02  1.516200e+00
   endloop
 endfacet
 facet normal -3.826834e-01 -9.238795e-01  0.000000e+00
   outer loop
     vertex  1.338924e+02 -1.077587e+02  0.000000e+00
     vertex  1.340250e+02 -1.078137e+02  0.000000e+00
     vertex  1.340250e+02 -1.078137e+02  1.516200e+00
   endloop
 endfacet
 facet normal -1.305262e-01 -9.914449e-01  0.000000e+00
   outer loop
     vertex  1.337500e+02 -1.077400e+02  0.000000e+00
     vertex  1.338924e+02 -1.077587e+02  1.516200e+00
     vertex  1.337500e+02 -1.077400e+02  1.516200e+00
   endloop
 endfacet
 facet normal -1.305262e-01 -9.914449e-01  0.000000e+00
   outer loop
     vertex  1.337500e+02 -1.077400e+02  0.000000e+00
     vertex  1.338924e+02 -1.077587e+02  0.000000e+00
     vertex  1.338924e+02 -1.077587e+02  1.516200e+00
   endloop
 endfacet
 facet normal  1.305262e-01 -9.914449e-01  0.000000e+00
   outer loop
     vertex  1.336076e+02 -1.077587e+02  0.000000e+00
     vertex  1.337500e+02 -1.077400e+02  1.516200e+00
     vertex  1.336076e+02 -1.077587e+02  1.516200e+00
   endloop
 endfacet
 facet normal  1.305262e-01 -9.914449e-01  0.000000e+00
   outer loop
     vertex  1.336076e+02 -1.077587e+02  0.000000e+00
     vertex  1.337500e+02 -1.077400e+02  0.000000e+00
     vertex  1.337500e+02 -1.077400e+02  1.516200e+00
   endloop
 endfacet
 facet normal  3.826834e-01 -9.238795e-01  0.000000e+00
   outer loop
     vertex  1.334750e+02 -1.078137e+02  0.000000e+00
     vertex  1.336076e+02 -1.077587e+02  0.000000e+00
     vertex  1.336076e+02 -1.077587e+02  1.516200e+00
   endloop
 endfacet
 facet normal  3.826834e-01 -9.238795e-01  0.000000e+00
   outer loop
     vertex  1.334750e+02 -1.078137e+02  0.000000e+00
     vertex  1.336076e+02 -1.077587e+02  1.516200e+00
     vertex  1.334750e+02 -1.078137e+02  1.516200e+00
   endloop
 endfacet
 facet normal  6.087614e-01 -7.933533e-01  0.000000e+00
   outer loop
     vertex  1.333611e+02 -1.079011e+02  0.000000e+00
     vertex  1.334750e+02 -1.078137e+02  0.000000e+00
     vertex  1.334750e+02 -1.078137e+02  1.516200e+00
   endloop
 endfacet
 facet normal  7.933533e-01 -6.087614e-01  0.000000e+00
   outer loop
     vertex  1.333611e+02 -1.079011e+02  0.000000e+00
     vertex  1.333611e+02 -1.079011e+02  1.516200e+00
     vertex  1.332737e+02 -1.080150e+02  1.516200e+00
   endloop
 endfacet
 facet normal  6.087614e-01 -7.933533e-01  0.000000e+00
   outer loop
     vertex  1.333611e+02 -1.079011e+02  0.000000e+00
     vertex  1.334750e+02 -1.078137e+02  1.516200e+00
     vertex  1.333611e+02 -1.079011e+02  1.516200e+00
   endloop
 endfacet
 facet normal  7.933533e-01 -6.087614e-01  0.000000e+00
   outer loop
     vertex  1.332737e+02 -1.080150e+02  0.000000e+00
     vertex  1.333611e+02 -1.079011e+02  0.000000e+00
     vertex  1.332737e+02 -1.080150e+02  1.516200e+00
   endloop
 endfacet
 facet normal  9.238795e-01 -3.826834e-01  0.000000e+00
   outer loop
     vertex  1.332737e+02 -1.080150e+02  0.000000e+00
     vertex  1.332737e+02 -1.080150e+02  1.516200e+00
     vertex  1.332187e+02 -1.081476e+02  1.516200e+00
   endloop
 endfacet
 facet normal  9.238795e-01 -3.826834e-01  0.000000e+00
   outer loop
     vertex  1.332187e+02 -1.081476e+02  0.000000e+00
     vertex  1.332737e+02 -1.080150e+02  0.000000e+00
     vertex  1.332187e+02 -1.081476e+02  1.516200e+00
   endloop
 endfacet
 facet normal  9.914449e-01 -1.305262e-01  0.000000e+00
   outer loop
     vertex  1.332000e+02 -1.082900e+02  0.000000e+00
     vertex  1.332187e+02 -1.081476e+02  0.000000e+00
     vertex  1.332187e+02 -1.081476e+02  1.516200e+00
   endloop
 endfacet
 facet normal  9.914449e-01 -1.305262e-01  0.000000e+00
   outer loop
     vertex  1.332000e+02 -1.082900e+02  0.000000e+00
     vertex  1.332187e+02 -1.081476e+02  1.516200e+00
     vertex  1.332000e+02 -1.082900e+02  1.516200e+00
   endloop
 endfacet
 facet normal  9.914449e-01  1.305262e-01 -0.000000e+00
   outer loop
     vertex  1.332187e+02 -1.084324e+02  0.000000e+00
     vertex  1.332000e+02 -1.082900e+02  1.516200e+00
     vertex  1.332187e+02 -1.084324e+02  1.516200e+00
   endloop
 endfacet
 facet normal  9.914449e-01  1.305262e-01  0.000000e+00
   outer loop
     vertex  1.332187e+02 -1.084324e+02  0.000000e+00
     vertex  1.332000e+02 -1.082900e+02  0.000000e+00
     vertex  1.332000e+02 -1.082900e+02  1.516200e+00
   endloop
 endfacet
 facet normal  7.933533e-01  6.087614e-01 -0.000000e+00
   outer loop
     vertex  1.332737e+02 -1.085650e+02  0.000000e+00
     vertex  1.332737e+02 -1.085650e+02  1.516200e+00
     vertex  1.333611e+02 -1.086789e+02  1.516200e+00
   endloop
 endfacet
 facet normal  9.238795e-01  3.826834e-01 -0.000000e+00
   outer loop
     vertex  1.332737e+02 -1.085650e+02  0.000000e+00
     vertex  1.332187e+02 -1.084324e+02  1.516200e+00
     vertex  1.332737e+02 -1.085650e+02  1.516200e+00
   endloop
 endfacet
 facet normal  9.238795e-01  3.826834e-01  0.000000e+00
   outer loop
     vertex  1.332737e+02 -1.085650e+02  0.000000e+00
     vertex  1.332187e+02 -1.084324e+02  0.000000e+00
     vertex  1.332187e+02 -1.084324e+02  1.516200e+00
   endloop
 endfacet
 facet normal  7.933533e-01  6.087614e-01 -0.000000e+00
   outer loop
     vertex  1.333611e+02 -1.086789e+02  0.000000e+00
     vertex  1.332737e+02 -1.085650e+02  0.000000e+00
     vertex  1.333611e+02 -1.086789e+02  1.516200e+00
   endloop
 endfacet
 facet normal  3.826834e-01  9.238795e-01 -0.000000e+00
   outer loop
     vertex  1.334750e+02 -1.087663e+02  0.000000e+00
     vertex  1.334750e+02 -1.087663e+02  1.516200e+00
     vertex  1.336076e+02 -1.088213e+02  1.516200e+00
   endloop
 endfacet
 facet normal  6.087614e-01  7.933533e-01 -0.000000e+00
   outer loop
     vertex  1.334750e+02 -1.087663e+02  0.000000e+00
     vertex  1.333611e+02 -1.086789e+02  1.516200e+00
     vertex  1.334750e+02 -1.087663e+02  1.516200e+00
   endloop
 endfacet
 facet normal  6.087614e-01  7.933533e-01  0.000000e+00
   outer loop
     vertex  1.334750e+02 -1.087663e+02  0.000000e+00
     vertex  1.333611e+02 -1.086789e+02  0.000000e+00
     vertex  1.333611e+02 -1.086789e+02  1.516200e+00
   endloop
 endfacet
 facet normal  1.305262e-01  9.914449e-01 -0.000000e+00
   outer loop
     vertex  1.336076e+02 -1.088213e+02  0.000000e+00
     vertex  1.336076e+02 -1.088213e+02  1.516200e+00
     vertex  1.337500e+02 -1.088400e+02  1.516200e+00
   endloop
 endfacet
 facet normal  3.826834e-01  9.238795e-01 -0.000000e+00
   outer loop
     vertex  1.336076e+02 -1.088213e+02  0.000000e+00
     vertex  1.334750e+02 -1.087663e+02  0.000000e+00
     vertex  1.336076e+02 -1.088213e+02  1.516200e+00
   endloop
 endfacet
 facet normal  1.305262e-01  9.914449e-01 -0.000000e+00
   outer loop
     vertex  1.337500e+02 -1.088400e+02  0.000000e+00
     vertex  1.336076e+02 -1.088213e+02  0.000000e+00
     vertex  1.337500e+02 -1.088400e+02  1.516200e+00
   endloop
 endfacet
 facet normal -1.305262e-01  9.914449e-01  0.000000e+00
   outer loop
     vertex  1.338924e+02 -1.062813e+02  0.000000e+00
     vertex  1.337500e+02 -1.063000e+02  0.000000e+00
     vertex  1.337500e+02 -1.063000e+02  1.516200e+00
   endloop
 endfacet
 facet normal -1.305262e-01  9.914449e-01  0.000000e+00
   outer loop
     vertex  1.338924e+02 -1.062813e+02  0.000000e+00
     vertex  1.337500e+02 -1.063000e+02  1.516200e+00
     vertex  1.338924e+02 -1.062813e+02  1.516200e+00
   endloop
 endfacet
 facet normal -3.826834e-01  9.238795e-01  0.000000e+00
   outer loop
     vertex  1.340250e+02 -1.062263e+02  0.000000e+00
     vertex  1.338924e+02 -1.062813e+02  1.516200e+00
     vertex  1.340250e+02 -1.062263e+02  1.516200e+00
   endloop
 endfacet
 facet normal -3.826834e-01  9.238795e-01  0.000000e+00
   outer loop
     vertex  1.340250e+02 -1.062263e+02  0.000000e+00
     vertex  1.338924e+02 -1.062813e+02  0.000000e+00
     vertex  1.338924e+02 -1.062813e+02  1.516200e+00
   endloop
 endfacet
 facet normal -6.087614e-01  7.933533e-01  0.000000e+00
   outer loop
     vertex  1.341389e+02 -1.061389e+02  0.000000e+00
     vertex  1.340250e+02 -1.062263e+02  1.516200e+00
     vertex  1.341389e+02 -1.061389e+02  1.516200e+00
   endloop
 endfacet
 facet normal -6.087614e-01  7.933533e-01  0.000000e+00
   outer loop
     vertex  1.341389e+02 -1.061389e+02  0.000000e+00
     vertex  1.340250e+02 -1.062263e+02  0.000000e+00
     vertex  1.340250e+02 -1.062263e+02  1.516200e+00
   endloop
 endfacet
 facet normal -7.933533e-01  6.087614e-01  0.000000e+00
   outer loop
     vertex  1.342263e+02 -1.060250e+02  0.000000e+00
     vertex  1.341389e+02 -1.061389e+02  1.516200e+00
     vertex  1.342263e+02 -1.060250e+02  1.516200e+00
   endloop
 endfacet
 facet normal -7.933533e-01  6.087614e-01  0.000000e+00
   outer loop
     vertex  1.342263e+02 -1.060250e+02  0.000000e+00
     vertex  1.341389e+02 -1.061389e+02  0.000000e+00
     vertex  1.341389e+02 -1.061389e+02  1.516200e+00
   endloop
 endfacet
 facet normal -9.238795e-01  3.826834e-01  0.000000e+00
   outer loop
     vertex  1.342813e+02 -1.058924e+02  0.000000e+00
     vertex  1.342263e+02 -1.060250e+02  1.516200e+00
     vertex  1.342813e+02 -1.058924e+02  1.516200e+00
   endloop
 endfacet
 facet normal -9.238795e-01  3.826834e-01  0.000000e+00
   outer loop
     vertex  1.342813e+02 -1.058924e+02  0.000000e+00
     vertex  1.342263e+02 -1.060250e+02  0.000000e+00
     vertex  1.342263e+02 -1.060250e+02  1.516200e+00
   endloop
 endfacet
 facet normal -9.914449e-01  1.305262e-01  0.000000e+00
   outer loop
     vertex  1.343000e+02 -1.057500e+02  0.000000e+00
     vertex  1.342813e+02 -1.058924e+02  1.516200e+00
     vertex  1.343000e+02 -1.057500e+02  1.516200e+00
   endloop
 endfacet
 facet normal -9.914449e-01  1.305262e-01  0.000000e+00
   outer loop
     vertex  1.343000e+02 -1.057500e+02  0.000000e+00
     vertex  1.342813e+02 -1.058924e+02  0.000000e+00
     vertex  1.342813e+02 -1.058924e+02  1.516200e+00
   endloop
 endfacet
 facet normal -9.914449e-01 -1.305262e-01  0.000000e+00
   outer loop
     vertex  1.342813e+02 -1.056076e+02  0.000000e+00
     vertex  1.343000e+02 -1.057500e+02  1.516200e+00
     vertex  1.342813e+02 -1.056076e+02  1.516200e+00
   endloop
 endfacet
 facet normal -9.914449e-01 -1.305262e-01  0.000000e+00
   outer loop
     vertex  1.342813e+02 -1.056076e+02  0.000000e+00
     vertex  1.343000e+02 -1.057500e+02  0.000000e+00
     vertex  1.343000e+02 -1.057500e+02  1.516200e+00
   endloop
 endfacet
 facet normal -9.238795e-01 -3.826834e-01  0.000000e+00
   outer loop
     vertex  1.342263e+02 -1.054750e+02  0.000000e+00
     vertex  1.342813e+02 -1.056076e+02  1.516200e+00
     vertex  1.342263e+02 -1.054750e+02  1.516200e+00
   endloop
 endfacet
 facet normal -9.238795e-01 -3.826834e-01  0.000000e+00
   outer loop
     vertex  1.342263e+02 -1.054750e+02  0.000000e+00
     vertex  1.342813e+02 -1.056076e+02  0.000000e+00
     vertex  1.342813e+02 -1.056076e+02  1.516200e+00
   endloop
 endfacet
 facet normal -7.933533e-01 -6.087614e-01  0.000000e+00
   outer loop
     vertex  1.341389e+02 -1.053611e+02  0.000000e+00
     vertex  1.342263e+02 -1.054750e+02  1.516200e+00
     vertex  1.341389e+02 -1.053611e+02  1.516200e+00
   endloop
 endfacet
 facet normal -7.933533e-01 -6.087614e-01  0.000000e+00
   outer loop
     vertex  1.341389e+02 -1.053611e+02  0.000000e+00
     vertex  1.342263e+02 -1.054750e+02  0.000000e+00
     vertex  1.342263e+02 -1.054750e+02  1.516200e+00
   endloop
 endfacet
 facet normal -6.087614e-01 -7.933533e-01  0.000000e+00
   outer loop
     vertex  1.340250e+02 -1.052737e+02  0.000000e+00
     vertex  1.341389e+02 -1.053611e+02  1.516200e+00
     vertex  1.340250e+02 -1.052737e+02  1.516200e+00
   endloop
 endfacet
 facet normal -6.087614e-01 -7.933533e-01  0.000000e+00
   outer loop
     vertex  1.340250e+02 -1.052737e+02  0.000000e+00
     vertex  1.341389e+02 -1.053611e+02  0.000000e+00
     vertex  1.341389e+02 -1.053611e+02  1.516200e+00
   endloop
 endfacet
 facet normal -3.826834e-01 -9.238795e-01  0.000000e+00
   outer loop
     vertex  1.338924e+02 -1.052187e+02  0.000000e+00
     vertex  1.340250e+02 -1.052737e+02  1.516200e+00
     vertex  1.338924e+02 -1.052187e+02  1.516200e+00
   endloop
 endfacet
 facet normal -3.826834e-01 -9.238795e-01  0.000000e+00
   outer loop
     vertex  1.338924e+02 -1.052187e+02  0.000000e+00
     vertex  1.340250e+02 -1.052737e+02  0.000000e+00
     vertex  1.340250e+02 -1.052737e+02  1.516200e+00
   endloop
 endfacet
 facet normal -1.305262e-01 -9.914449e-01  0.000000e+00
   outer loop
     vertex  1.337500e+02 -1.052000e+02  0.000000e+00
     vertex  1.338924e+02 -1.052187e+02  1.516200e+00
     vertex  1.337500e+02 -1.052000e+02  1.516200e+00
   endloop
 endfacet
 facet normal -1.305262e-01 -9.914449e-01  0.000000e+00
   outer loop
     vertex  1.337500e+02 -1.052000e+02  0.000000e+00
     vertex  1.338924e+02 -1.052187e+02  0.000000e+00
     vertex  1.338924e+02 -1.052187e+02  1.516200e+00
   endloop
 endfacet
 facet normal  1.305262e-01 -9.914449e-01  0.000000e+00
   outer loop
     vertex  1.336076e+02 -1.052187e+02  0.000000e+00
     vertex  1.337500e+02 -1.052000e+02  1.516200e+00
     vertex  1.336076e+02 -1.052187e+02  1.516200e+00
   endloop
 endfacet
 facet normal  1.305262e-01 -9.914449e-01  0.000000e+00
   outer loop
     vertex  1.336076e+02 -1.052187e+02  0.000000e+00
     vertex  1.337500e+02 -1.052000e+02  0.000000e+00
     vertex  1.337500e+02 -1.052000e+02  1.516200e+00
   endloop
 endfacet
 facet normal  3.826834e-01 -9.238795e-01  0.000000e+00
   outer loop
     vertex  1.334750e+02 -1.052737e+02  0.000000e+00
     vertex  1.336076e+02 -1.052187e+02  0.000000e+00
     vertex  1.336076e+02 -1.052187e+02  1.516200e+00
   endloop
 endfacet
 facet normal  3.826834e-01 -9.238795e-01  0.000000e+00
   outer loop
     vertex  1.334750e+02 -1.052737e+02  0.000000e+00
     vertex  1.336076e+02 -1.052187e+02  1.516200e+00
     vertex  1.334750e+02 -1.052737e+02  1.516200e+00
   endloop
 endfacet
 facet normal  6.087614e-01 -7.933533e-01  0.000000e+00
   outer loop
     vertex  1.333611e+02 -1.053611e+02  0.000000e+00
     vertex  1.334750e+02 -1.052737e+02  0.000000e+00
     vertex  1.334750e+02 -1.052737e+02  1.516200e+00
   endloop
 endfacet
 facet normal  7.933533e-01 -6.087614e-01  0.000000e+00
   outer loop
     vertex  1.333611e+02 -1.053611e+02  0.000000e+00
     vertex  1.333611e+02 -1.053611e+02  1.516200e+00
     vertex  1.332737e+02 -1.054750e+02  1.516200e+00
   endloop
 endfacet
 facet normal  6.087614e-01 -7.933533e-01  0.000000e+00
   outer loop
     vertex  1.333611e+02 -1.053611e+02  0.000000e+00
     vertex  1.334750e+02 -1.052737e+02  1.516200e+00
     vertex  1.333611e+02 -1.053611e+02  1.516200e+00
   endloop
 endfacet
 facet normal  7.933533e-01 -6.087614e-01  0.000000e+00
   outer loop
     vertex  1.332737e+02 -1.054750e+02  0.000000e+00
     vertex  1.333611e+02 -1.053611e+02  0.000000e+00
     vertex  1.332737e+02 -1.054750e+02  1.516200e+00
   endloop
 endfacet
 facet normal  9.238795e-01 -3.826834e-01  0.000000e+00
   outer loop
     vertex  1.332737e+02 -1.054750e+02  0.000000e+00
     vertex  1.332737e+02 -1.054750e+02  1.516200e+00
     vertex  1.332187e+02 -1.056076e+02  1.516200e+00
   endloop
 endfacet
 facet normal  9.238795e-01 -3.826834e-01  0.000000e+00
   outer loop
     vertex  1.332187e+02 -1.056076e+02  0.000000e+00
     vertex  1.332737e+02 -1.054750e+02  0.000000e+00
     vertex  1.332187e+02 -1.056076e+02  1.516200e+00
   endloop
 endfacet
 facet normal  9.914449e-01 -1.305262e-01  0.000000e+00
   outer loop
     vertex  1.332000e+02 -1.057500e+02  0.000000e+00
     vertex  1.332187e+02 -1.056076e+02  0.000000e+00
     vertex  1.332187e+02 -1.056076e+02  1.516200e+00
   endloop
 endfacet
 facet normal  9.914449e-01 -1.305262e-01  0.000000e+00
   outer loop
     vertex  1.332000e+02 -1.057500e+02  0.000000e+00
     vertex  1.332187e+02 -1.056076e+02  1.516200e+00
     vertex  1.332000e+02 -1.057500e+02  1.516200e+00
   endloop
 endfacet
 facet normal  9.914449e-01  1.305262e-01 -0.000000e+00
   outer loop
     vertex  1.332187e+02 -1.058924e+02  0.000000e+00
     vertex  1.332000e+02 -1.057500e+02  1.516200e+00
     vertex  1.332187e+02 -1.058924e+02  1.516200e+00
   endloop
 endfacet
 facet normal  9.914449e-01  1.305262e-01  0.000000e+00
   outer loop
     vertex  1.332187e+02 -1.058924e+02  0.000000e+00
     vertex  1.332000e+02 -1.057500e+02  0.000000e+00
     vertex  1.332000e+02 -1.057500e+02  1.516200e+00
   endloop
 endfacet
 facet normal  7.933533e-01  6.087614e-01 -0.000000e+00
   outer loop
     vertex  1.332737e+02 -1.060250e+02  0.000000e+00
     vertex  1.332737e+02 -1.060250e+02  1.516200e+00
     vertex  1.333611e+02 -1.061389e+02  1.516200e+00
   endloop
 endfacet
 facet normal  9.238795e-01  3.826834e-01 -0.000000e+00
   outer loop
     vertex  1.332737e+02 -1.060250e+02  0.000000e+00
     vertex  1.332187e+02 -1.058924e+02  1.516200e+00
     vertex  1.332737e+02 -1.060250e+02  1.516200e+00
   endloop
 endfacet
 facet normal  9.238795e-01  3.826834e-01  0.000000e+00
   outer loop
     vertex  1.332737e+02 -1.060250e+02  0.000000e+00
     vertex  1.332187e+02 -1.058924e+02  0.000000e+00
     vertex  1.332187e+02 -1.058924e+02  1.516200e+00
   endloop
 endfacet
 facet normal  7.933533e-01  6.087614e-01 -0.000000e+00
   outer loop
     vertex  1.333611e+02 -1.061389e+02  0.000000e+00
     vertex  1.332737e+02 -1.060250e+02  0.000000e+00
     vertex  1.333611e+02 -1.061389e+02  1.516200e+00
   endloop
 endfacet
 facet normal  3.826834e-01  9.238795e-01 -0.000000e+00
   outer loop
     vertex  1.334750e+02 -1.062263e+02  0.000000e+00
     vertex  1.334750e+02 -1.062263e+02  1.516200e+00
     vertex  1.336076e+02 -1.062813e+02  1.516200e+00
   endloop
 endfacet
 facet normal  6.087614e-01  7.933533e-01 -0.000000e+00
   outer loop
     vertex  1.334750e+02 -1.062263e+02  0.000000e+00
     vertex  1.333611e+02 -1.061389e+02  1.516200e+00
     vertex  1.334750e+02 -1.062263e+02  1.516200e+00
   endloop
 endfacet
 facet normal  6.087614e-01  7.933533e-01  0.000000e+00
   outer loop
     vertex  1.334750e+02 -1.062263e+02  0.000000e+00
     vertex  1.333611e+02 -1.061389e+02  0.000000e+00
     vertex  1.333611e+02 -1.061389e+02  1.516200e+00
   endloop
 endfacet
 facet normal  1.305262e-01  9.914449e-01 -0.000000e+00
   outer loop
     vertex  1.336076e+02 -1.062813e+02  0.000000e+00
     vertex  1.336076e+02 -1.062813e+02  1.516200e+00
     vertex  1.337500e+02 -1.063000e+02  1.516200e+00
   endloop
 endfacet
 facet normal  3.826834e-01  9.238795e-01 -0.000000e+00
   outer loop
     vertex  1.336076e+02 -1.062813e+02  0.000000e+00
     vertex  1.334750e+02 -1.062263e+02  0.000000e+00
     vertex  1.336076e+02 -1.062813e+02  1.516200e+00
   endloop
 endfacet
 facet normal  1.305262e-01  9.914449e-01 -0.000000e+00
   outer loop
     vertex  1.337500e+02 -1.063000e+02  0.000000e+00
     vertex  1.336076e+02 -1.062813e+02  0.000000e+00
     vertex  1.337500e+02 -1.063000e+02  1.516200e+00
   endloop
 endfacet
 facet normal  1.205367e-01 -9.927089e-01  0.000000e+00
   outer loop
     vertex  1.220282e+02 -1.009787e+02  0.000000e+00
     vertex  1.221000e+02 -1.009700e+02  0.000000e+00
     vertex  1.221000e+02 -1.009700e+02  1.516200e+00
   endloop
 endfacet
 facet normal  1.205367e-01 -9.927089e-01  0.000000e+00
   outer loop
     vertex  1.220282e+02 -1.009787e+02  0.000000e+00
     vertex  1.221000e+02 -1.009700e+02  1.516200e+00
     vertex  1.220282e+02 -1.009787e+02  1.516200e+00
   endloop
 endfacet
 facet normal  3.546049e-01 -9.350162e-01  0.000000e+00
   outer loop
     vertex  1.219606e+02 -1.010044e+02  0.000000e+00
     vertex  1.220282e+02 -1.009787e+02  1.516200e+00
     vertex  1.219606e+02 -1.010044e+02  1.516200e+00
   endloop
 endfacet
 facet normal  3.546049e-01 -9.350162e-01  0.000000e+00
   outer loop
     vertex  1.219606e+02 -1.010044e+02  0.000000e+00
     vertex  1.220282e+02 -1.009787e+02  0.000000e+00
     vertex  1.220282e+02 -1.009787e+02  1.516200e+00
   endloop
 endfacet
 facet normal  5.680647e-01 -8.229839e-01  0.000000e+00
   outer loop
     vertex  1.219011e+02 -1.010454e+02  0.000000e+00
     vertex  1.219606e+02 -1.010044e+02  1.516200e+00
     vertex  1.219011e+02 -1.010454e+02  1.516200e+00
   endloop
 endfacet
 facet normal  5.680647e-01 -8.229839e-01  0.000000e+00
   outer loop
     vertex  1.219011e+02 -1.010454e+02  0.000000e+00
     vertex  1.219606e+02 -1.010044e+02  0.000000e+00
     vertex  1.219606e+02 -1.010044e+02  1.516200e+00
   endloop
 endfacet
 facet normal  7.485107e-01 -6.631227e-01  0.000000e+00
   outer loop
     vertex  1.218531e+02 -1.010996e+02  0.000000e+00
     vertex  1.219011e+02 -1.010454e+02  1.516200e+00
     vertex  1.218531e+02 -1.010996e+02  1.516200e+00
   endloop
 endfacet
 facet normal  7.485107e-01 -6.631227e-01  0.000000e+00
   outer loop
     vertex  1.218531e+02 -1.010996e+02  0.000000e+00
     vertex  1.219011e+02 -1.010454e+02  0.000000e+00
     vertex  1.219011e+02 -1.010454e+02  1.516200e+00
   endloop
 endfacet
 facet normal  8.854560e-01 -4.647232e-01  0.000000e+00
   outer loop
     vertex  1.218195e+02 -1.011636e+02  0.000000e+00
     vertex  1.218531e+02 -1.010996e+02  1.516200e+00
     vertex  1.218195e+02 -1.011636e+02  1.516200e+00
   endloop
 endfacet
 facet normal  8.854560e-01 -4.647232e-01  0.000000e+00
   outer loop
     vertex  1.218195e+02 -1.011636e+02  0.000000e+00
     vertex  1.218531e+02 -1.010996e+02  0.000000e+00
     vertex  1.218531e+02 -1.010996e+02  1.516200e+00
   endloop
 endfacet
 facet normal  9.709418e-01 -2.393157e-01  0.000000e+00
   outer loop
     vertex  1.218022e+02 -1.012338e+02  0.000000e+00
     vertex  1.218195e+02 -1.011636e+02  1.516200e+00
     vertex  1.218022e+02 -1.012338e+02  1.516200e+00
   endloop
 endfacet
 facet normal  9.709418e-01 -2.393157e-01  0.000000e+00
   outer loop
     vertex  1.218022e+02 -1.012338e+02  0.000000e+00
     vertex  1.218195e+02 -1.011636e+02  0.000000e+00
     vertex  1.218195e+02 -1.011636e+02  1.516200e+00
   endloop
 endfacet
 facet normal  9.709418e-01  2.393157e-01 -0.000000e+00
   outer loop
     vertex  1.218022e+02 -1.013062e+02  0.000000e+00
     vertex  1.218022e+02 -1.013062e+02  1.516200e+00
     vertex  1.218195e+02 -1.013764e+02  1.516200e+00
   endloop
 endfacet
 facet normal  1.000000e+00  0.000000e+00  0.000000e+00
   outer loop
     vertex  1.218022e+02 -1.013062e+02  0.000000e+00
     vertex  1.218022e+02 -1.012338e+02  1.516200e+00
     vertex  1.218022e+02 -1.013062e+02  1.516200e+00
   endloop
 endfacet
 facet normal  1.000000e+00  0.000000e+00  0.000000e+00
   outer loop
     vertex  1.218022e+02 -1.013062e+02  0.000000e+00
     vertex  1.218022e+02 -1.012338e+02  0.000000e+00
     vertex  1.218022e+02 -1.012338e+02  1.516200e+00
   endloop
 endfacet
 facet normal  8.854560e-01  4.647232e-01 -0.000000e+00
   outer loop
     vertex  1.218195e+02 -1.013764e+02  0.000000e+00
     vertex  1.218195e+02 -1.013764e+02  1.516200e+00
     vertex  1.218531e+02 -1.014404e+02  1.516200e+00
   endloop
 endfacet
 facet normal  9.709418e-01  2.393157e-01 -0.000000e+00
   outer loop
     vertex  1.218195e+02 -1.013764e+02  0.000000e+00
     vertex  1.218022e+02 -1.013062e+02  0.000000e+00
     vertex  1.218195e+02 -1.013764e+02  1.516200e+00
   endloop
 endfacet
 facet normal  8.854560e-01  4.647232e-01 -0.000000e+00
   outer loop
     vertex  1.218531e+02 -1.014404e+02  0.000000e+00
     vertex  1.218195e+02 -1.013764e+02  0.000000e+00
     vertex  1.218531e+02 -1.014404e+02  1.516200e+00
   endloop
 endfacet
 facet normal  7.485107e-01  6.631227e-01 -0.000000e+00
   outer loop
     vertex  1.219011e+02 -1.014946e+02  0.000000e+00
     vertex  1.218531e+02 -1.014404e+02  1.516200e+00
     vertex  1.219011e+02 -1.014946e+02  1.516200e+00
   endloop
 endfacet
 facet normal  7.485107e-01  6.631227e-01  0.000000e+00
   outer loop
     vertex  1.219011e+02 -1.014946e+02  0.000000e+00
     vertex  1.218531e+02 -1.014404e+02  0.000000e+00
     vertex  1.218531e+02 -1.014404e+02  1.516200e+00
   endloop
 endfacet
 facet normal  5.680647e-01  8.229839e-01 -0.000000e+00
   outer loop
     vertex  1.219606e+02 -1.015356e+02  0.000000e+00
     vertex  1.219011e+02 -1.014946e+02  1.516200e+00
     vertex  1.219606e+02 -1.015356e+02  1.516200e+00
   endloop
 endfacet
 facet normal  5.680647e-01  8.229839e-01  0.000000e+00
   outer loop
     vertex  1.219606e+02 -1.015356e+02  0.000000e+00
     vertex  1.219011e+02 -1.014946e+02  0.000000e+00
     vertex  1.219011e+02 -1.014946e+02  1.516200e+00
   endloop
 endfacet
 facet normal  1.205367e-01  9.927089e-01 -0.000000e+00
   outer loop
     vertex  1.220282e+02 -1.015613e+02  0.000000e+00
     vertex  1.220282e+02 -1.015613e+02  1.516200e+00
     vertex  1.221000e+02 -1.015700e+02  1.516200e+00
   endloop
 endfacet
 facet normal  3.546049e-01  9.350162e-01 -0.000000e+00
   outer loop
     vertex  1.220282e+02 -1.015613e+02  0.000000e+00
     vertex  1.219606e+02 -1.015356e+02  1.516200e+00
     vertex  1.220282e+02 -1.015613e+02  1.516200e+00
   endloop
 endfacet
 facet normal  3.546049e-01  9.350162e-01  0.000000e+00
   outer loop
     vertex  1.220282e+02 -1.015613e+02  0.000000e+00
     vertex  1.219606e+02 -1.015356e+02  0.000000e+00
     vertex  1.219606e+02 -1.015356e+02  1.516200e+00
   endloop
 endfacet
 facet normal  1.205367e-01  9.927089e-01 -0.000000e+00
   outer loop
     vertex  1.221000e+02 -1.015700e+02  0.000000e+00
     vertex  1.220282e+02 -1.015613e+02  0.000000e+00
     vertex  1.221000e+02 -1.015700e+02  1.516200e+00
   endloop
 endfacet
 facet normal  0.000000e+00  1.000000e+00  0.000000e+00
   outer loop
     vertex  1.229000e+02 -1.015700e+02  0.000000e+00
     vertex  1.221000e+02 -1.015700e+02  0.000000e+00
     vertex  1.221000e+02 -1.015700e+02  1.516200e+00
   endloop
 endfacet
 facet normal  0.000000e+00  1.000000e+00 -0.000000e+00
   outer loop
     vertex  1.229000e+02 -1.015700e+02  0.000000e+00
     vertex  1.221000e+02 -1.015700e+02  1.516200e+00
     vertex  1.229000e+02 -1.015700e+02  1.516200e+00
   endloop
 endfacet
 facet normal -1.205367e-01  9.927089e-01  0.000000e+00
   outer loop
     vertex  1.229718e+02 -1.015613e+02  0.000000e+00
     vertex  1.229000e+02 -1.015700e+02  0.000000e+00
     vertex  1.229000e+02 -1.015700e+02  1.516200e+00
   endloop
 endfacet
 facet normal -1.205367e-01  9.927089e-01  0.000000e+00
   outer loop
     vertex  1.229718e+02 -1.015613e+02  0.000000e+00
     vertex  1.229000e+02 -1.015700e+02  1.516200e+00
     vertex  1.229718e+02 -1.015613e+02  1.516200e+00
   endloop
 endfacet
 facet normal -3.546049e-01  9.350162e-01  0.000000e+00
   outer loop
     vertex  1.230394e+02 -1.015356e+02  0.000000e+00
     vertex  1.229718e+02 -1.015613e+02  1.516200e+00
     vertex  1.230394e+02 -1.015356e+02  1.516200e+00
   endloop
 endfacet
 facet normal -3.546049e-01  9.350162e-01  0.000000e+00
   outer loop
     vertex  1.230394e+02 -1.015356e+02  0.000000e+00
     vertex  1.229718e+02 -1.015613e+02  0.000000e+00
     vertex  1.229718e+02 -1.015613e+02  1.516200e+00
   endloop
 endfacet
 facet normal -5.680647e-01  8.229839e-01  0.000000e+00
   outer loop
     vertex  1.230989e+02 -1.014946e+02  0.000000e+00
     vertex  1.230394e+02 -1.015356e+02  1.516200e+00
     vertex  1.230989e+02 -1.014946e+02  1.516200e+00
   endloop
 endfacet
 facet normal -5.680647e-01  8.229839e-01  0.000000e+00
   outer loop
     vertex  1.230989e+02 -1.014946e+02  0.000000e+00
     vertex  1.230394e+02 -1.015356e+02  0.000000e+00
     vertex  1.230394e+02 -1.015356e+02  1.516200e+00
   endloop
 endfacet
 facet normal -7.485107e-01  6.631227e-01  0.000000e+00
   outer loop
     vertex  1.231469e+02 -1.014404e+02  0.000000e+00
     vertex  1.230989e+02 -1.014946e+02  1.516200e+00
     vertex  1.231469e+02 -1.014404e+02  1.516200e+00
   endloop
 endfacet
 facet normal -7.485107e-01  6.631227e-01  0.000000e+00
   outer loop
     vertex  1.231469e+02 -1.014404e+02  0.000000e+00
     vertex  1.230989e+02 -1.014946e+02  0.000000e+00
     vertex  1.230989e+02 -1.014946e+02  1.516200e+00
   endloop
 endfacet
 facet normal -8.854560e-01  4.647232e-01  0.000000e+00
   outer loop
     vertex  1.231805e+02 -1.013764e+02  0.000000e+00
     vertex  1.231469e+02 -1.014404e+02  1.516200e+00
     vertex  1.231805e+02 -1.013764e+02  1.516200e+00
   endloop
 endfacet
 facet normal -8.854560e-01  4.647232e-01  0.000000e+00
   outer loop
     vertex  1.231805e+02 -1.013764e+02  0.000000e+00
     vertex  1.231469e+02 -1.014404e+02  0.000000e+00
     vertex  1.231469e+02 -1.014404e+02  1.516200e+00
   endloop
 endfacet
 facet normal -9.709418e-01  2.393157e-01  0.000000e+00
   outer loop
     vertex  1.231978e+02 -1.013062e+02  0.000000e+00
     vertex  1.231805e+02 -1.013764e+02  1.516200e+00
     vertex  1.231978e+02 -1.013062e+02  1.516200e+00
   endloop
 endfacet
 facet normal -9.709418e-01  2.393157e-01  0.000000e+00
   outer loop
     vertex  1.231978e+02 -1.013062e+02  0.000000e+00
     vertex  1.231805e+02 -1.013764e+02  0.000000e+00
     vertex  1.231805e+02 -1.013764e+02  1.516200e+00
   endloop
 endfacet
 facet normal -9.709418e-01 -2.393157e-01  0.000000e+00
   outer loop
     vertex  1.231978e+02 -1.012338e+02  0.000000e+00
     vertex  1.231978e+02 -1.012338e+02  1.516200e+00
     vertex  1.231805e+02 -1.011636e+02  1.516200e+00
   endloop
 endfacet
 facet normal -1.000000e+00  0.000000e+00  0.000000e+00
   outer loop
     vertex  1.231978e+02 -1.012338e+02  0.000000e+00
     vertex  1.231978e+02 -1.013062e+02  1.516200e+00
     vertex  1.231978e+02 -1.012338e+02  1.516200e+00
   endloop
 endfacet
 facet normal -1.000000e+00  0.000000e+00  0.000000e+00
   outer loop
     vertex  1.231978e+02 -1.012338e+02  0.000000e+00
     vertex  1.231978e+02 -1.013062e+02  0.000000e+00
     vertex  1.231978e+02 -1.013062e+02  1.516200e+00
   endloop
 endfacet
 facet normal -8.854560e-01 -4.647232e-01  0.000000e+00
   outer loop
     vertex  1.231805e+02 -1.011636e+02  0.000000e+00
     vertex  1.231805e+02 -1.011636e+02  1.516200e+00
     vertex  1.231469e+02 -1.010996e+02  1.516200e+00
   endloop
 endfacet
 facet normal -9.709418e-01 -2.393157e-01  0.000000e+00
   outer loop
     vertex  1.231805e+02 -1.011636e+02  0.000000e+00
     vertex  1.231978e+02 -1.012338e+02  0.000000e+00
     vertex  1.231805e+02 -1.011636e+02  1.516200e+00
   endloop
 endfacet
 facet normal -8.854560e-01 -4.647232e-01  0.000000e+00
   outer loop
     vertex  1.231469e+02 -1.010996e+02  0.000000e+00
     vertex  1.231805e+02 -1.011636e+02  0.000000e+00
     vertex  1.231469e+02 -1.010996e+02  1.516200e+00
   endloop
 endfacet
 facet normal -7.485107e-01 -6.631227e-01  0.000000e+00
   outer loop
     vertex  1.230989e+02 -1.010454e+02  0.000000e+00
     vertex  1.231469e+02 -1.010996e+02  1.516200e+00
     vertex  1.230989e+02 -1.010454e+02  1.516200e+00
   endloop
 endfacet
 facet normal -7.485107e-01 -6.631227e-01  0.000000e+00
   outer loop
     vertex  1.230989e+02 -1.010454e+02  0.000000e+00
     vertex  1.231469e+02 -1.010996e+02  0.000000e+00
     vertex  1.231469e+02 -1.010996e+02  1.516200e+00
   endloop
 endfacet
 facet normal -5.680647e-01 -8.229839e-01  0.000000e+00
   outer loop
     vertex  1.230394e+02 -1.010044e+02  0.000000e+00
     vertex  1.230989e+02 -1.010454e+02  1.516200e+00
     vertex  1.230394e+02 -1.010044e+02  1.516200e+00
   endloop
 endfacet
 facet normal -5.680647e-01 -8.229839e-01  0.000000e+00
   outer loop
     vertex  1.230394e+02 -1.010044e+02  0.000000e+00
     vertex  1.230989e+02 -1.010454e+02  0.000000e+00
     vertex  1.230989e+02 -1.010454e+02  1.516200e+00
   endloop
 endfacet
 facet normal -1.205367e-01 -9.927089e-01  0.000000e+00
   outer loop
     vertex  1.229718e+02 -1.009787e+02  0.000000e+00
     vertex  1.229718e+02 -1.009787e+02  1.516200e+00
     vertex  1.229000e+02 -1.009700e+02  1.516200e+00
   endloop
 endfacet
 facet normal -3.546049e-01 -9.350162e-01  0.000000e+00
   outer loop
     vertex  1.229718e+02 -1.009787e+02  0.000000e+00
     vertex  1.230394e+02 -1.010044e+02  1.516200e+00
     vertex  1.229718e+02 -1.009787e+02  1.516200e+00
   endloop
 endfacet
 facet normal -3.546049e-01 -9.350162e-01  0.000000e+00
   outer loop
     vertex  1.229718e+02 -1.009787e+02  0.000000e+00
     vertex  1.230394e+02 -1.010044e+02  0.000000e+00
     vertex  1.230394e+02 -1.010044e+02  1.516200e+00
   endloop
 endfacet
 facet normal -1.205367e-01 -9.927089e-01  0.000000e+00
   outer loop
     vertex  1.229000e+02 -1.009700e+02  0.000000e+00
     vertex  1.229718e+02 -1.009787e+02  0.000000e+00
     vertex  1.229000e+02 -1.009700e+02  1.516200e+00
   endloop
 endfacet
 facet normal  0.000000e+00 -1.000000e+00  0.000000e+00
   outer loop
     vertex  1.221000e+02 -1.009700e+02  0.000000e+00
     vertex  1.229000e+02 -1.009700e+02  0.000000e+00
     vertex  1.229000e+02 -1.009700e+02  1.516200e+00
   endloop
 endfacet
 facet normal  0.000000e+00 -1.000000e+00  0.000000e+00
   outer loop
     vertex  1.221000e+02 -1.009700e+02  0.000000e+00
     vertex  1.229000e+02 -1.009700e+02  1.516200e+00
     vertex  1.221000e+02 -1.009700e+02  1.516200e+00
   endloop
 endfacet
 facet normal  1.205367e-01 -9.927089e-01  0.000000e+00
   outer loop
     vertex  1.260582e+02 -1.009787e+02  0.000000e+00
     vertex  1.261300e+02 -1.009700e+02  0.000000e+00
     vertex  1.261300e+02 -1.009700e+02  1.516200e+00
   endloop
 endfacet
 facet normal  1.205367e-01 -9.927089e-01  0.000000e+00
   outer loop
     vertex  1.260582e+02 -1.009787e+02  0.000000e+00
     vertex  1.261300e+02 -1.009700e+02  1.516200e+00
     vertex  1.260582e+02 -1.009787e+02  1.516200e+00
   endloop
 endfacet
 facet normal  3.546049e-01 -9.350162e-01  0.000000e+00
   outer loop
     vertex  1.259906e+02 -1.010044e+02  0.000000e+00
     vertex  1.260582e+02 -1.009787e+02  1.516200e+00
     vertex  1.259906e+02 -1.010044e+02  1.516200e+00
   endloop
 endfacet
 facet normal  3.546049e-01 -9.350162e-01  0.000000e+00
   outer loop
     vertex  1.259906e+02 -1.010044e+02  0.000000e+00
     vertex  1.260582e+02 -1.009787e+02  0.000000e+00
     vertex  1.260582e+02 -1.009787e+02  1.516200e+00
   endloop
 endfacet
 facet normal  5.680647e-01 -8.229839e-01  0.000000e+00
   outer loop
     vertex  1.259311e+02 -1.010454e+02  0.000000e+00
     vertex  1.259906e+02 -1.010044e+02  1.516200e+00
     vertex  1.259311e+02 -1.010454e+02  1.516200e+00
   endloop
 endfacet
 facet normal  5.680647e-01 -8.229839e-01  0.000000e+00
   outer loop
     vertex  1.259311e+02 -1.010454e+02  0.000000e+00
     vertex  1.259906e+02 -1.010044e+02  0.000000e+00
     vertex  1.259906e+02 -1.010044e+02  1.516200e+00
   endloop
 endfacet
 facet normal  7.485107e-01 -6.631227e-01  0.000000e+00
   outer loop
     vertex  1.258831e+02 -1.010996e+02  0.000000e+00
     vertex  1.259311e+02 -1.010454e+02  1.516200e+00
     vertex  1.258831e+02 -1.010996e+02  1.516200e+00
   endloop
 endfacet
 facet normal  7.485107e-01 -6.631227e-01  0.000000e+00
   outer loop
     vertex  1.258831e+02 -1.010996e+02  0.000000e+00
     vertex  1.259311e+02 -1.010454e+02  0.000000e+00
     vertex  1.259311e+02 -1.010454e+02  1.516200e+00
   endloop
 endfacet
 facet normal  8.854560e-01 -4.647232e-01  0.000000e+00
   outer loop
     vertex  1.258495e+02 -1.011636e+02  0.000000e+00
     vertex  1.258831e+02 -1.010996e+02  1.516200e+00
     vertex  1.258495e+02 -1.011636e+02  1.516200e+00
   endloop
 endfacet
 facet normal  8.854560e-01 -4.647232e-01  0.000000e+00
   outer loop
     vertex  1.258495e+02 -1.011636e+02  0.000000e+00
     vertex  1.258831e+02 -1.010996e+02  0.000000e+00
     vertex  1.258831e+02 -1.010996e+02  1.516200e+00
   endloop
 endfacet
 facet normal  9.709418e-01 -2.393157e-01  0.000000e+00
   outer loop
     vertex  1.258322e+02 -1.012338e+02  0.000000e+00
     vertex  1.258495e+02 -1.011636e+02  1.516200e+00
     vertex  1.258322e+02 -1.012338e+02  1.516200e+00
   endloop
 endfacet
 facet normal  9.709418e-01 -2.393157e-01  0.000000e+00
   outer loop
     vertex  1.258322e+02 -1.012338e+02  0.000000e+00
     vertex  1.258495e+02 -1.011636e+02  0.000000e+00
     vertex  1.258495e+02 -1.011636e+02  1.516200e+00
   endloop
 endfacet
 facet normal  9.709418e-01  2.393157e-01 -0.000000e+00
   outer loop
     vertex  1.258322e+02 -1.013062e+02  0.000000e+00
     vertex  1.258322e+02 -1.013062e+02  1.516200e+00
     vertex  1.258495e+02 -1.013764e+02  1.516200e+00
   endloop
 endfacet
 facet normal  1.000000e+00  0.000000e+00  0.000000e+00
   outer loop
     vertex  1.258322e+02 -1.013062e+02  0.000000e+00
     vertex  1.258322e+02 -1.012338e+02  1.516200e+00
     vertex  1.258322e+02 -1.013062e+02  1.516200e+00
   endloop
 endfacet
 facet normal  1.000000e+00  0.000000e+00  0.000000e+00
   outer loop
     vertex  1.258322e+02 -1.013062e+02  0.000000e+00
     vertex  1.258322e+02 -1.012338e+02  0.000000e+00
     vertex  1.258322e+02 -1.012338e+02  1.516200e+00
   endloop
 endfacet
 facet normal  8.854560e-01  4.647232e-01 -0.000000e+00
   outer loop
     vertex  1.258495e+02 -1.013764e+02  0.000000e+00
     vertex  1.258495e+02 -1.013764e+02  1.516200e+00
     vertex  1.258831e+02 -1.014404e+02  1.516200e+00
   endloop
 endfacet
 facet normal  9.709418e-01  2.393157e-01 -0.000000e+00
   outer loop
     vertex  1.258495e+02 -1.013764e+02  0.000000e+00
     vertex  1.258322e+02 -1.013062e+02  0.000000e+00
     vertex  1.258495e+02 -1.013764e+02  1.516200e+00
   endloop
 endfacet
 facet normal  8.854560e-01  4.647232e-01 -0.000000e+00
   outer loop
     vertex  1.258831e+02 -1.014404e+02  0.000000e+00
     vertex  1.258495e+02 -1.013764e+02  0.000000e+00
     vertex  1.258831e+02 -1.014404e+02  1.516200e+00
   endloop
 endfacet
 facet normal  7.485107e-01  6.631227e-01 -0.000000e+00
   outer loop
     vertex  1.259311e+02 -1.014946e+02  0.000000e+00
     vertex  1.258831e+02 -1.014404e+02  1.516200e+00
     vertex  1.259311e+02 -1.014946e+02  1.516200e+00
   endloop
 endfacet
 facet normal  7.485107e-01  6.631227e-01  0.000000e+00
   outer loop
     vertex  1.259311e+02 -1.014946e+02  0.000000e+00
     vertex  1.258831e+02 -1.014404e+02  0.000000e+00
     vertex  1.258831e+02 -1.014404e+02  1.516200e+00
   endloop
 endfacet
 facet normal  5.680647e-01  8.229839e-01 -0.000000e+00
   outer loop
     vertex  1.259906e+02 -1.015356e+02  0.000000e+00
     vertex  1.259311e+02 -1.014946e+02  1.516200e+00
     vertex  1.259906e+02 -1.015356e+02  1.516200e+00
   endloop
 endfacet
 facet normal  5.680647e-01  8.229839e-01  0.000000e+00
   outer loop
     vertex  1.259906e+02 -1.015356e+02  0.000000e+00
     vertex  1.259311e+02 -1.014946e+02  0.000000e+00
     vertex  1.259311e+02 -1.014946e+02  1.516200e+00
   endloop
 endfacet
 facet normal  1.205367e-01  9.927089e-01 -0.000000e+00
   outer loop
     vertex  1.260582e+02 -1.015613e+02  0.000000e+00
     vertex  1.260582e+02 -1.015613e+02  1.516200e+00
     vertex  1.261300e+02 -1.015700e+02  1.516200e+00
   endloop
 endfacet
 facet normal  3.546049e-01  9.350162e-01 -0.000000e+00
   outer loop
     vertex  1.260582e+02 -1.015613e+02  0.000000e+00
     vertex  1.259906e+02 -1.015356e+02  1.516200e+00
     vertex  1.260582e+02 -1.015613e+02  1.516200e+00
   endloop
 endfacet
 facet normal  3.546049e-01  9.350162e-01  0.000000e+00
   outer loop
     vertex  1.260582e+02 -1.015613e+02  0.000000e+00
     vertex  1.259906e+02 -1.015356e+02  0.000000e+00
     vertex  1.259906e+02 -1.015356e+02  1.516200e+00
   endloop
 endfacet
 facet normal  1.205367e-01  9.927089e-01 -0.000000e+00
   outer loop
     vertex  1.261300e+02 -1.015700e+02  0.000000e+00
     vertex  1.260582e+02 -1.015613e+02  0.000000e+00
     vertex  1.261300e+02 -1.015700e+02  1.516200e+00
   endloop
 endfacet
 facet normal  0.000000e+00  1.000000e+00  0.000000e+00
   outer loop
     vertex  1.272300e+02 -1.015700e+02  0.000000e+00
     vertex  1.261300e+02 -1.015700e+02  0.000000e+00
     vertex  1.261300e+02 -1.015700e+02  1.516200e+00
   endloop
 endfacet
 facet normal  0.000000e+00  1.000000e+00 -0.000000e+00
   outer loop
     vertex  1.272300e+02 -1.015700e+02  0.000000e+00
     vertex  1.261300e+02 -1.015700e+02  1.516200e+00
     vertex  1.272300e+02 -1.015700e+02  1.516200e+00
   endloop
 endfacet
 facet normal -1.305262e-01  9.914449e-01  0.000000e+00
   outer loop
     vertex  1.273076e+02 -1.015598e+02  0.000000e+00
     vertex  1.272300e+02 -1.015700e+02  0.000000e+00
     vertex  1.272300e+02 -1.015700e+02  1.516200e+00
   endloop
 endfacet
 facet normal -1.305262e-01  9.914449e-01  0.000000e+00
   outer loop
     vertex  1.273076e+02 -1.015598e+02  0.000000e+00
     vertex  1.272300e+02 -1.015700e+02  1.516200e+00
     vertex  1.273076e+02 -1.015598e+02  1.516200e+00
   endloop
 endfacet
 facet normal -3.826834e-01  9.238795e-01  0.000000e+00
   outer loop
     vertex  1.273800e+02 -1.015298e+02  0.000000e+00
     vertex  1.273076e+02 -1.015598e+02  1.516200e+00
     vertex  1.273800e+02 -1.015298e+02  1.516200e+00
   endloop
 endfacet
 facet normal -3.826834e-01  9.238795e-01  0.000000e+00
   outer loop
     vertex  1.273800e+02 -1.015298e+02  0.000000e+00
     vertex  1.273076e+02 -1.015598e+02  0.000000e+00
     vertex  1.273076e+02 -1.015598e+02  1.516200e+00
   endloop
 endfacet
 facet normal -6.087614e-01  7.933533e-01  0.000000e+00
   outer loop
     vertex  1.274421e+02 -1.014821e+02  0.000000e+00
     vertex  1.273800e+02 -1.015298e+02  1.516200e+00
     vertex  1.274421e+02 -1.014821e+02  1.516200e+00
   endloop
 endfacet
 facet normal -6.087614e-01  7.933533e-01  0.000000e+00
   outer loop
     vertex  1.274421e+02 -1.014821e+02  0.000000e+00
     vertex  1.273800e+02 -1.015298e+02  0.000000e+00
     vertex  1.273800e+02 -1.015298e+02  1.516200e+00
   endloop
 endfacet
 facet normal -7.933533e-01  6.087614e-01  0.000000e+00
   outer loop
     vertex  1.274898e+02 -1.014200e+02  0.000000e+00
     vertex  1.274421e+02 -1.014821e+02  1.516200e+00
     vertex  1.274898e+02 -1.014200e+02  1.516200e+00
   endloop
 endfacet
 facet normal -7.933533e-01  6.087614e-01  0.000000e+00
   outer loop
     vertex  1.274898e+02 -1.014200e+02  0.000000e+00
     vertex  1.274421e+02 -1.014821e+02  0.000000e+00
     vertex  1.274421e+02 -1.014821e+02  1.516200e+00
   endloop
 endfacet
 facet normal -9.238795e-01  3.826834e-01  0.000000e+00
   outer loop
     vertex  1.275198e+02 -1.013476e+02  0.000000e+00
     vertex  1.274898e+02 -1.014200e+02  1.516200e+00
     vertex  1.275198e+02 -1.013476e+02  1.516200e+00
   endloop
 endfacet
 facet normal -9.238795e-01  3.826834e-01  0.000000e+00
   outer loop
     vertex  1.275198e+02 -1.013476e+02  0.000000e+00
     vertex  1.274898e+02 -1.014200e+02  0.000000e+00
     vertex  1.274898e+02 -1.014200e+02  1.516200e+00
   endloop
 endfacet
 facet normal -9.914449e-01  1.305262e-01  0.000000e+00
   outer loop
     vertex  1.275300e+02 -1.012700e+02  0.000000e+00
     vertex  1.275198e+02 -1.013476e+02  1.516200e+00
     vertex  1.275300e+02 -1.012700e+02  1.516200e+00
   endloop
 endfacet
 facet normal -9.914449e-01  1.305262e-01  0.000000e+00
   outer loop
     vertex  1.275300e+02 -1.012700e+02  0.000000e+00
     vertex  1.275198e+02 -1.013476e+02  0.000000e+00
     vertex  1.275198e+02 -1.013476e+02  1.516200e+00
   endloop
 endfacet
 facet normal -9.914449e-01 -1.305262e-01  0.000000e+00
   outer loop
     vertex  1.275198e+02 -1.011924e+02  0.000000e+00
     vertex  1.275300e+02 -1.012700e+02  1.516200e+00
     vertex  1.275198e+02 -1.011924e+02  1.516200e+00
   endloop
 endfacet
 facet normal -9.914449e-01 -1.305262e-01  0.000000e+00
   outer loop
     vertex  1.275198e+02 -1.011924e+02  0.000000e+00
     vertex  1.275300e+02 -1.012700e+02  0.000000e+00
     vertex  1.275300e+02 -1.012700e+02  1.516200e+00
   endloop
 endfacet
 facet normal -9.238795e-01 -3.826834e-01  0.000000e+00
   outer loop
     vertex  1.274898e+02 -1.011200e+02  0.000000e+00
     vertex  1.275198e+02 -1.011924e+02  1.516200e+00
     vertex  1.274898e+02 -1.011200e+02  1.516200e+00
   endloop
 endfacet
 facet normal -9.238795e-01 -3.826834e-01  0.000000e+00
   outer loop
     vertex  1.274898e+02 -1.011200e+02  0.000000e+00
     vertex  1.275198e+02 -1.011924e+02  0.000000e+00
     vertex  1.275198e+02 -1.011924e+02  1.516200e+00
   endloop
 endfacet
 facet normal -6.087614e-01 -7.933533e-01  0.000000e+00
   outer loop
     vertex  1.274421e+02 -1.010579e+02  0.000000e+00
     vertex  1.274421e+02 -1.010579e+02  1.516200e+00
     vertex  1.273800e+02 -1.010102e+02  1.516200e+00
   endloop
 endfacet
 facet normal -7.933533e-01 -6.087614e-01  0.000000e+00
   outer loop
     vertex  1.274421e+02 -1.010579e+02  0.000000e+00
     vertex  1.274898e+02 -1.011200e+02  1.516200e+00
     vertex  1.274421e+02 -1.010579e+02  1.516200e+00
   endloop
 endfacet
 facet normal -7.933533e-01 -6.087614e-01  0.000000e+00
   outer loop
     vertex  1.274421e+02 -1.010579e+02  0.000000e+00
     vertex  1.274898e+02 -1.011200e+02  0.000000e+00
     vertex  1.274898e+02 -1.011200e+02  1.516200e+00
   endloop
 endfacet
 facet normal -6.087614e-01 -7.933533e-01  0.000000e+00
   outer loop
     vertex  1.273800e+02 -1.010102e+02  0.000000e+00
     vertex  1.274421e+02 -1.010579e+02  0.000000e+00
     vertex  1.273800e+02 -1.010102e+02  1.516200e+00
   endloop
 endfacet
 facet normal -1.305262e-01 -9.914449e-01  0.000000e+00
   outer loop
     vertex  1.273076e+02 -1.009802e+02  0.000000e+00
     vertex  1.273076e+02 -1.009802e+02  1.516200e+00
     vertex  1.272300e+02 -1.009700e+02  1.516200e+00
   endloop
 endfacet
 facet normal -3.826834e-01 -9.238795e-01  0.000000e+00
   outer loop
     vertex  1.273076e+02 -1.009802e+02  0.000000e+00
     vertex  1.273800e+02 -1.010102e+02  1.516200e+00
     vertex  1.273076e+02 -1.009802e+02  1.516200e+00
   endloop
 endfacet
 facet normal -3.826834e-01 -9.238795e-01  0.000000e+00
   outer loop
     vertex  1.273076e+02 -1.009802e+02  0.000000e+00
     vertex  1.273800e+02 -1.010102e+02  0.000000e+00
     vertex  1.273800e+02 -1.010102e+02  1.516200e+00
   endloop
 endfacet
 facet normal -1.305262e-01 -9.914449e-01  0.000000e+00
   outer loop
     vertex  1.272300e+02 -1.009700e+02  0.000000e+00
     vertex  1.273076e+02 -1.009802e+02  0.000000e+00
     vertex  1.272300e+02 -1.009700e+02  1.516200e+00
   endloop
 endfacet
 facet normal  0.000000e+00 -1.000000e+00  0.000000e+00
   outer loop
     vertex  1.261300e+02 -1.009700e+02  0.000000e+00
     vertex  1.272300e+02 -1.009700e+02  0.000000e+00
     vertex  1.272300e+02 -1.009700e+02  1.516200e+00
   endloop
 endfacet
 facet normal  0.000000e+00 -1.000000e+00  0.000000e+00
   outer loop
     vertex  1.261300e+02 -1.009700e+02  0.000000e+00
     vertex  1.272300e+02 -1.009700e+02  1.516200e+00
     vertex  1.261300e+02 -1.009700e+02  1.516200e+00
   endloop
 endfacet
 facet normal -1.305262e-01  9.914449e-01  0.000000e+00
   outer loop
     vertex  1.262641e+02 -1.001539e+02  0.000000e+00
     vertex  1.261800e+02 -1.001650e+02  0.000000e+00
     vertex  1.261800e+02 -1.001650e+02  1.516200e+00
   endloop
 endfacet
 facet normal -1.305262e-01  9.914449e-01  0.000000e+00
   outer loop
     vertex  1.262641e+02 -1.001539e+02  0.000000e+00
     vertex  1.261800e+02 -1.001650e+02  1.516200e+00
     vertex  1.262641e+02 -1.001539e+02  1.516200e+00
   endloop
 endfacet
 facet normal -3.826834e-01  9.238795e-01  0.000000e+00
   outer loop
     vertex  1.263425e+02 -1.001215e+02  0.000000e+00
     vertex  1.262641e+02 -1.001539e+02  1.516200e+00
     vertex  1.263425e+02 -1.001215e+02  1.516200e+00
   endloop
 endfacet
 facet normal -3.826834e-01  9.238795e-01  0.000000e+00
   outer loop
     vertex  1.263425e+02 -1.001215e+02  0.000000e+00
     vertex  1.262641e+02 -1.001539e+02  0.000000e+00
     vertex  1.262641e+02 -1.001539e+02  1.516200e+00
   endloop
 endfacet
 facet normal -6.087614e-01  7.933533e-01  0.000000e+00
   outer loop
     vertex  1.264098e+02 -1.000698e+02  0.000000e+00
     vertex  1.263425e+02 -1.001215e+02  1.516200e+00
     vertex  1.264098e+02 -1.000698e+02  1.516200e+00
   endloop
 endfacet
 facet normal -6.087614e-01  7.933533e-01  0.000000e+00
   outer loop
     vertex  1.264098e+02 -1.000698e+02  0.000000e+00
     vertex  1.263425e+02 -1.001215e+02  0.000000e+00
     vertex  1.263425e+02 -1.001215e+02  1.516200e+00
   endloop
 endfacet
 facet normal -7.933533e-01  6.087614e-01  0.000000e+00
   outer loop
     vertex  1.264615e+02 -1.000025e+02  0.000000e+00
     vertex  1.264098e+02 -1.000698e+02  1.516200e+00
     vertex  1.264615e+02 -1.000025e+02  1.516200e+00
   endloop
 endfacet
 facet normal -7.933533e-01  6.087614e-01  0.000000e+00
   outer loop
     vertex  1.264615e+02 -1.000025e+02  0.000000e+00
     vertex  1.264098e+02 -1.000698e+02  0.000000e+00
     vertex  1.264098e+02 -1.000698e+02  1.516200e+00
   endloop
 endfacet
 facet normal -9.238795e-01  3.826834e-01  0.000000e+00
   outer loop
     vertex  1.264939e+02 -9.992412e+01  0.000000e+00
     vertex  1.264615e+02 -1.000025e+02  1.516200e+00
     vertex  1.264939e+02 -9.992412e+01  1.516200e+00
   endloop
 endfacet
 facet normal -9.238795e-01  3.826834e-01  0.000000e+00
   outer loop
     vertex  1.264939e+02 -9.992412e+01  0.000000e+00
     vertex  1.264615e+02 -1.000025e+02  0.000000e+00
     vertex  1.264615e+02 -1.000025e+02  1.516200e+00
   endloop
 endfacet
 facet normal -9.914449e-01  1.305262e-01  0.000000e+00
   outer loop
     vertex  1.265050e+02 -9.984000e+01  0.000000e+00
     vertex  1.264939e+02 -9.992412e+01  1.516200e+00
     vertex  1.265050e+02 -9.984000e+01  1.516200e+00
   endloop
 endfacet
 facet normal -9.914449e-01  1.305262e-01  0.000000e+00
   outer loop
     vertex  1.265050e+02 -9.984000e+01  0.000000e+00
     vertex  1.264939e+02 -9.992412e+01  0.000000e+00
     vertex  1.264939e+02 -9.992412e+01  1.516200e+00
   endloop
 endfacet
 facet normal -9.914449e-01 -1.305262e-01  0.000000e+00
   outer loop
     vertex  1.264939e+02 -9.975588e+01  0.000000e+00
     vertex  1.265050e+02 -9.984000e+01  1.516200e+00
     vertex  1.264939e+02 -9.975588e+01  1.516200e+00
   endloop
 endfacet
 facet normal -9.914449e-01 -1.305262e-01  0.000000e+00
   outer loop
     vertex  1.264939e+02 -9.975588e+01  0.000000e+00
     vertex  1.265050e+02 -9.984000e+01  0.000000e+00
     vertex  1.265050e+02 -9.984000e+01  1.516200e+00
   endloop
 endfacet
 facet normal -9.238795e-01 -3.826834e-01  0.000000e+00
   outer loop
     vertex  1.264615e+02 -9.967750e+01  0.000000e+00
     vertex  1.264939e+02 -9.975588e+01  1.516200e+00
     vertex  1.264615e+02 -9.967750e+01  1.516200e+00
   endloop
 endfacet
 facet normal -9.238795e-01 -3.826834e-01  0.000000e+00
   outer loop
     vertex  1.264615e+02 -9.967750e+01  0.000000e+00
     vertex  1.264939e+02 -9.975588e+01  0.000000e+00
     vertex  1.264939e+02 -9.975588e+01  1.516200e+00
   endloop
 endfacet
 facet normal -7.933533e-01 -6.087614e-01  0.000000e+00
   outer loop
     vertex  1.264098e+02 -9.961019e+01  0.000000e+00
     vertex  1.264615e+02 -9.967750e+01  1.516200e+00
     vertex  1.264098e+02 -9.961019e+01  1.516200e+00
   endloop
 endfacet
 facet normal -7.933533e-01 -6.087614e-01  0.000000e+00
   outer loop
     vertex  1.264098e+02 -9.961019e+01  0.000000e+00
     vertex  1.264615e+02 -9.967750e+01  0.000000e+00
     vertex  1.264615e+02 -9.967750e+01  1.516200e+00
   endloop
 endfacet
 facet normal -6.087614e-01 -7.933533e-01  0.000000e+00
   outer loop
     vertex  1.263425e+02 -9.955854e+01  0.000000e+00
     vertex  1.264098e+02 -9.961019e+01  1.516200e+00
     vertex  1.263425e+02 -9.955854e+01  1.516200e+00
   endloop
 endfacet
 facet normal -6.087614e-01 -7.933533e-01  0.000000e+00
   outer loop
     vertex  1.263425e+02 -9.955854e+01  0.000000e+00
     vertex  1.264098e+02 -9.961019e+01  0.000000e+00
     vertex  1.264098e+02 -9.961019e+01  1.516200e+00
   endloop
 endfacet
 facet normal -3.826834e-01 -9.238795e-01  0.000000e+00
   outer loop
     vertex  1.262641e+02 -9.952607e+01  0.000000e+00
     vertex  1.263425e+02 -9.955854e+01  1.516200e+00
     vertex  1.262641e+02 -9.952607e+01  1.516200e+00
   endloop
 endfacet
 facet normal -3.826834e-01 -9.238795e-01  0.000000e+00
   outer loop
     vertex  1.262641e+02 -9.952607e+01  0.000000e+00
     vertex  1.263425e+02 -9.955854e+01  0.000000e+00
     vertex  1.263425e+02 -9.955854e+01  1.516200e+00
   endloop
 endfacet
 facet normal -1.305262e-01 -9.914449e-01  0.000000e+00
   outer loop
     vertex  1.261800e+02 -9.951500e+01  0.000000e+00
     vertex  1.262641e+02 -9.952607e+01  1.516200e+00
     vertex  1.261800e+02 -9.951500e+01  1.516200e+00
   endloop
 endfacet
 facet normal -1.305262e-01 -9.914449e-01  0.000000e+00
   outer loop
     vertex  1.261800e+02 -9.951500e+01  0.000000e+00
     vertex  1.262641e+02 -9.952607e+01  0.000000e+00
     vertex  1.262641e+02 -9.952607e+01  1.516200e+00
   endloop
 endfacet
 facet normal  1.305262e-01 -9.914449e-01  0.000000e+00
   outer loop
     vertex  1.260959e+02 -9.952607e+01  0.000000e+00
     vertex  1.261800e+02 -9.951500e+01  1.516200e+00
     vertex  1.260959e+02 -9.952607e+01  1.516200e+00
   endloop
 endfacet
 facet normal  1.305262e-01 -9.914449e-01  0.000000e+00
   outer loop
     vertex  1.260959e+02 -9.952607e+01  0.000000e+00
     vertex  1.261800e+02 -9.951500e+01  0.000000e+00
     vertex  1.261800e+02 -9.951500e+01  1.516200e+00
   endloop
 endfacet
 facet normal  3.826834e-01 -9.238795e-01  0.000000e+00
   outer loop
     vertex  1.260175e+02 -9.955854e+01  0.000000e+00
     vertex  1.260959e+02 -9.952607e+01  0.000000e+00
     vertex  1.260959e+02 -9.952607e+01  1.516200e+00
   endloop
 endfacet
 facet normal  3.826834e-01 -9.238795e-01  0.000000e+00
   outer loop
     vertex  1.260175e+02 -9.955854e+01  0.000000e+00
     vertex  1.260959e+02 -9.952607e+01  1.516200e+00
     vertex  1.260175e+02 -9.955854e+01  1.516200e+00
   endloop
 endfacet
 facet normal  6.087614e-01 -7.933533e-01  0.000000e+00
   outer loop
     vertex  1.259502e+02 -9.961019e+01  0.000000e+00
     vertex  1.260175e+02 -9.955854e+01  0.000000e+00
     vertex  1.260175e+02 -9.955854e+01  1.516200e+00
   endloop
 endfacet
 facet normal  7.933533e-01 -6.087614e-01  0.000000e+00
   outer loop
     vertex  1.259502e+02 -9.961019e+01  0.000000e+00
     vertex  1.259502e+02 -9.961019e+01  1.516200e+00
     vertex  1.258985e+02 -9.967750e+01  1.516200e+00
   endloop
 endfacet
 facet normal  6.087614e-01 -7.933533e-01  0.000000e+00
   outer loop
     vertex  1.259502e+02 -9.961019e+01  0.000000e+00
     vertex  1.260175e+02 -9.955854e+01  1.516200e+00
     vertex  1.259502e+02 -9.961019e+01  1.516200e+00
   endloop
 endfacet
 facet normal  7.933533e-01 -6.087614e-01  0.000000e+00
   outer loop
     vertex  1.258985e+02 -9.967750e+01  0.000000e+00
     vertex  1.259502e+02 -9.961019e+01  0.000000e+00
     vertex  1.258985e+02 -9.967750e+01  1.516200e+00
   endloop
 endfacet
 facet normal  9.238795e-01 -3.826834e-01  0.000000e+00
   outer loop
     vertex  1.258985e+02 -9.967750e+01  0.000000e+00
     vertex  1.258985e+02 -9.967750e+01  1.516200e+00
     vertex  1.258661e+02 -9.975588e+01  1.516200e+00
   endloop
 endfacet
 facet normal  9.238795e-01 -3.826834e-01  0.000000e+00
   outer loop
     vertex  1.258661e+02 -9.975588e+01  0.000000e+00
     vertex  1.258985e+02 -9.967750e+01  0.000000e+00
     vertex  1.258661e+02 -9.975588e+01  1.516200e+00
   endloop
 endfacet
 facet normal  9.914449e-01 -1.305262e-01  0.000000e+00
   outer loop
     vertex  1.258550e+02 -9.984000e+01  0.000000e+00
     vertex  1.258661e+02 -9.975588e+01  0.000000e+00
     vertex  1.258661e+02 -9.975588e+01  1.516200e+00
   endloop
 endfacet
 facet normal  9.914449e-01 -1.305262e-01  0.000000e+00
   outer loop
     vertex  1.258550e+02 -9.984000e+01  0.000000e+00
     vertex  1.258661e+02 -9.975588e+01  1.516200e+00
     vertex  1.258550e+02 -9.984000e+01  1.516200e+00
   endloop
 endfacet
 facet normal  9.914449e-01  1.305262e-01 -0.000000e+00
   outer loop
     vertex  1.258661e+02 -9.992412e+01  0.000000e+00
     vertex  1.258550e+02 -9.984000e+01  1.516200e+00
     vertex  1.258661e+02 -9.992412e+01  1.516200e+00
   endloop
 endfacet
 facet normal  9.914449e-01  1.305262e-01  0.000000e+00
   outer loop
     vertex  1.258661e+02 -9.992412e+01  0.000000e+00
     vertex  1.258550e+02 -9.984000e+01  0.000000e+00
     vertex  1.258550e+02 -9.984000e+01  1.516200e+00
   endloop
 endfacet
 facet normal  7.933533e-01  6.087614e-01 -0.000000e+00
   outer loop
     vertex  1.258985e+02 -1.000025e+02  0.000000e+00
     vertex  1.258985e+02 -1.000025e+02  1.516200e+00
     vertex  1.259502e+02 -1.000698e+02  1.516200e+00
   endloop
 endfacet
 facet normal  9.238795e-01  3.826834e-01 -0.000000e+00
   outer loop
     vertex  1.258985e+02 -1.000025e+02  0.000000e+00
     vertex  1.258661e+02 -9.992412e+01  1.516200e+00
     vertex  1.258985e+02 -1.000025e+02  1.516200e+00
   endloop
 endfacet
 facet normal  9.238795e-01  3.826834e-01  0.000000e+00
   outer loop
     vertex  1.258985e+02 -1.000025e+02  0.000000e+00
     vertex  1.258661e+02 -9.992412e+01  0.000000e+00
     vertex  1.258661e+02 -9.992412e+01  1.516200e+00
   endloop
 endfacet
 facet normal  7.933533e-01  6.087614e-01 -0.000000e+00
   outer loop
     vertex  1.259502e+02 -1.000698e+02  0.000000e+00
     vertex  1.258985e+02 -1.000025e+02  0.000000e+00
     vertex  1.259502e+02 -1.000698e+02  1.516200e+00
   endloop
 endfacet
 facet normal  3.826834e-01  9.238795e-01 -0.000000e+00
   outer loop
     vertex  1.260175e+02 -1.001215e+02  0.000000e+00
     vertex  1.260175e+02 -1.001215e+02  1.516200e+00
     vertex  1.260959e+02 -1.001539e+02  1.516200e+00
   endloop
 endfacet
 facet normal  6.087614e-01  7.933533e-01 -0.000000e+00
   outer loop
     vertex  1.260175e+02 -1.001215e+02  0.000000e+00
     vertex  1.259502e+02 -1.000698e+02  1.516200e+00
     vertex  1.260175e+02 -1.001215e+02  1.516200e+00
   endloop
 endfacet
 facet normal  6.087614e-01  7.933533e-01  0.000000e+00
   outer loop
     vertex  1.260175e+02 -1.001215e+02  0.000000e+00
     vertex  1.259502e+02 -1.000698e+02  0.000000e+00
     vertex  1.259502e+02 -1.000698e+02  1.516200e+00
   endloop
 endfacet
 facet normal  1.305262e-01  9.914449e-01 -0.000000e+00
   outer loop
     vertex  1.260959e+02 -1.001539e+02  0.000000e+00
     vertex  1.260959e+02 -1.001539e+02  1.516200e+00
     vertex  1.261800e+02 -1.001650e+02  1.516200e+00
   endloop
 endfacet
 facet normal  3.826834e-01  9.238795e-01 -0.000000e+00
   outer loop
     vertex  1.260959e+02 -1.001539e+02  0.000000e+00
     vertex  1.260175e+02 -1.001215e+02  0.000000e+00
     vertex  1.260959e+02 -1.001539e+02  1.516200e+00
   endloop
 endfacet
 facet normal  1.305262e-01  9.914449e-01 -0.000000e+00
   outer loop
     vertex  1.261800e+02 -1.001650e+02  0.000000e+00
     vertex  1.260959e+02 -1.001539e+02  0.000000e+00
     vertex  1.261800e+02 -1.001650e+02  1.516200e+00
   endloop
 endfacet
 facet normal -1.305262e-01  9.914449e-01  0.000000e+00
   outer loop
     vertex  1.516035e+02 -1.041364e+02  0.000000e+00
     vertex  1.515000e+02 -1.041500e+02  0.000000e+00
     vertex  1.515000e+02 -1.041500e+02  1.516200e+00
   endloop
 endfacet
 facet normal -1.305262e-01  9.914449e-01  0.000000e+00
   outer loop
     vertex  1.516035e+02 -1.041364e+02  0.000000e+00
     vertex  1.515000e+02 -1.041500e+02  1.516200e+00
     vertex  1.516035e+02 -1.041364e+02  1.516200e+00
   endloop
 endfacet
 facet normal -3.826834e-01  9.238795e-01  0.000000e+00
   outer loop
     vertex  1.517000e+02 -1.040964e+02  0.000000e+00
     vertex  1.516035e+02 -1.041364e+02  1.516200e+00
     vertex  1.517000e+02 -1.040964e+02  1.516200e+00
   endloop
 endfacet
 facet normal -3.826834e-01  9.238795e-01  0.000000e+00
   outer loop
     vertex  1.517000e+02 -1.040964e+02  0.000000e+00
     vertex  1.516035e+02 -1.041364e+02  0.000000e+00
     vertex  1.516035e+02 -1.041364e+02  1.516200e+00
   endloop
 endfacet
 facet normal -6.087614e-01  7.933533e-01  0.000000e+00
   outer loop
     vertex  1.517828e+02 -1.040328e+02  0.000000e+00
     vertex  1.517000e+02 -1.040964e+02  1.516200e+00
     vertex  1.517828e+02 -1.040328e+02  1.516200e+00
   endloop
 endfacet
 facet normal -6.087614e-01  7.933533e-01  0.000000e+00
   outer loop
     vertex  1.517828e+02 -1.040328e+02  0.000000e+00
     vertex  1.517000e+02 -1.040964e+02  0.000000e+00
     vertex  1.517000e+02 -1.040964e+02  1.516200e+00
   endloop
 endfacet
 facet normal -7.933533e-01  6.087614e-01  0.000000e+00
   outer loop
     vertex  1.518464e+02 -1.039500e+02  0.000000e+00
     vertex  1.517828e+02 -1.040328e+02  1.516200e+00
     vertex  1.518464e+02 -1.039500e+02  1.516200e+00
   endloop
 endfacet
 facet normal -7.933533e-01  6.087614e-01  0.000000e+00
   outer loop
     vertex  1.518464e+02 -1.039500e+02  0.000000e+00
     vertex  1.517828e+02 -1.040328e+02  0.000000e+00
     vertex  1.517828e+02 -1.040328e+02  1.516200e+00
   endloop
 endfacet
 facet normal -9.238795e-01  3.826834e-01  0.000000e+00
   outer loop
     vertex  1.518864e+02 -1.038535e+02  0.000000e+00
     vertex  1.518464e+02 -1.039500e+02  1.516200e+00
     vertex  1.518864e+02 -1.038535e+02  1.516200e+00
   endloop
 endfacet
 facet normal -9.238795e-01  3.826834e-01  0.000000e+00
   outer loop
     vertex  1.518864e+02 -1.038535e+02  0.000000e+00
     vertex  1.518464e+02 -1.039500e+02  0.000000e+00
     vertex  1.518464e+02 -1.039500e+02  1.516200e+00
   endloop
 endfacet
 facet normal -9.914449e-01  1.305262e-01  0.000000e+00
   outer loop
     vertex  1.519000e+02 -1.037500e+02  0.000000e+00
     vertex  1.518864e+02 -1.038535e+02  1.516200e+00
     vertex  1.519000e+02 -1.037500e+02  1.516200e+00
   endloop
 endfacet
 facet normal -9.914449e-01  1.305262e-01  0.000000e+00
   outer loop
     vertex  1.519000e+02 -1.037500e+02  0.000000e+00
     vertex  1.518864e+02 -1.038535e+02  0.000000e+00
     vertex  1.518864e+02 -1.038535e+02  1.516200e+00
   endloop
 endfacet
 facet normal -9.914449e-01 -1.305262e-01  0.000000e+00
   outer loop
     vertex  1.518864e+02 -1.036465e+02  0.000000e+00
     vertex  1.519000e+02 -1.037500e+02  1.516200e+00
     vertex  1.518864e+02 -1.036465e+02  1.516200e+00
   endloop
 endfacet
 facet normal -9.914449e-01 -1.305262e-01  0.000000e+00
   outer loop
     vertex  1.518864e+02 -1.036465e+02  0.000000e+00
     vertex  1.519000e+02 -1.037500e+02  0.000000e+00
     vertex  1.519000e+02 -1.037500e+02  1.516200e+00
   endloop
 endfacet
 facet normal -9.238795e-01 -3.826834e-01  0.000000e+00
   outer loop
     vertex  1.518464e+02 -1.035500e+02  0.000000e+00
     vertex  1.518864e+02 -1.036465e+02  1.516200e+00
     vertex  1.518464e+02 -1.035500e+02  1.516200e+00
   endloop
 endfacet
 facet normal -9.238795e-01 -3.826834e-01  0.000000e+00
   outer loop
     vertex  1.518464e+02 -1.035500e+02  0.000000e+00
     vertex  1.518864e+02 -1.036465e+02  0.000000e+00
     vertex  1.518864e+02 -1.036465e+02  1.516200e+00
   endloop
 endfacet
 facet normal -7.933533e-01 -6.087614e-01  0.000000e+00
   outer loop
     vertex  1.517828e+02 -1.034672e+02  0.000000e+00
     vertex  1.518464e+02 -1.035500e+02  1.516200e+00
     vertex  1.517828e+02 -1.034672e+02  1.516200e+00
   endloop
 endfacet
 facet normal -7.933533e-01 -6.087614e-01  0.000000e+00
   outer loop
     vertex  1.517828e+02 -1.034672e+02  0.000000e+00
     vertex  1.518464e+02 -1.035500e+02  0.000000e+00
     vertex  1.518464e+02 -1.035500e+02  1.516200e+00
   endloop
 endfacet
 facet normal -6.087614e-01 -7.933533e-01  0.000000e+00
   outer loop
     vertex  1.517000e+02 -1.034036e+02  0.000000e+00
     vertex  1.517828e+02 -1.034672e+02  1.516200e+00
     vertex  1.517000e+02 -1.034036e+02  1.516200e+00
   endloop
 endfacet
 facet normal -6.087614e-01 -7.933533e-01  0.000000e+00
   outer loop
     vertex  1.517000e+02 -1.034036e+02  0.000000e+00
     vertex  1.517828e+02 -1.034672e+02  0.000000e+00
     vertex  1.517828e+02 -1.034672e+02  1.516200e+00
   endloop
 endfacet
 facet normal -3.826834e-01 -9.238795e-01  0.000000e+00
   outer loop
     vertex  1.516035e+02 -1.033636e+02  0.000000e+00
     vertex  1.517000e+02 -1.034036e+02  1.516200e+00
     vertex  1.516035e+02 -1.033636e+02  1.516200e+00
   endloop
 endfacet
 facet normal -3.826834e-01 -9.238795e-01  0.000000e+00
   outer loop
     vertex  1.516035e+02 -1.033636e+02  0.000000e+00
     vertex  1.517000e+02 -1.034036e+02  0.000000e+00
     vertex  1.517000e+02 -1.034036e+02  1.516200e+00
   endloop
 endfacet
 facet normal -1.305262e-01 -9.914449e-01  0.000000e+00
   outer loop
     vertex  1.515000e+02 -1.033500e+02  0.000000e+00
     vertex  1.516035e+02 -1.033636e+02  1.516200e+00
     vertex  1.515000e+02 -1.033500e+02  1.516200e+00
   endloop
 endfacet
 facet normal -1.305262e-01 -9.914449e-01  0.000000e+00
   outer loop
     vertex  1.515000e+02 -1.033500e+02  0.000000e+00
     vertex  1.516035e+02 -1.033636e+02  0.000000e+00
     vertex  1.516035e+02 -1.033636e+02  1.516200e+00
   endloop
 endfacet
 facet normal  1.305262e-01 -9.914449e-01  0.000000e+00
   outer loop
     vertex  1.513965e+02 -1.033636e+02  0.000000e+00
     vertex  1.515000e+02 -1.033500e+02  1.516200e+00
     vertex  1.513965e+02 -1.033636e+02  1.516200e+00
   endloop
 endfacet
 facet normal  1.305262e-01 -9.914449e-01  0.000000e+00
   outer loop
     vertex  1.513965e+02 -1.033636e+02  0.000000e+00
     vertex  1.515000e+02 -1.033500e+02  0.000000e+00
     vertex  1.515000e+02 -1.033500e+02  1.516200e+00
   endloop
 endfacet
 facet normal  3.826834e-01 -9.238795e-01  0.000000e+00
   outer loop
     vertex  1.513000e+02 -1.034036e+02  0.000000e+00
     vertex  1.513965e+02 -1.033636e+02  0.000000e+00
     vertex  1.513965e+02 -1.033636e+02  1.516200e+00
   endloop
 endfacet
 facet normal  3.826834e-01 -9.238795e-01  0.000000e+00
   outer loop
     vertex  1.513000e+02 -1.034036e+02  0.000000e+00
     vertex  1.513965e+02 -1.033636e+02  1.516200e+00
     vertex  1.513000e+02 -1.034036e+02  1.516200e+00
   endloop
 endfacet
 facet normal  6.087614e-01 -7.933533e-01  0.000000e+00
   outer loop
     vertex  1.512172e+02 -1.034672e+02  0.000000e+00
     vertex  1.513000e+02 -1.034036e+02  0.000000e+00
     vertex  1.513000e+02 -1.034036e+02  1.516200e+00
   endloop
 endfacet
 facet normal  7.933533e-01 -6.087614e-01  0.000000e+00
   outer loop
     vertex  1.512172e+02 -1.034672e+02  0.000000e+00
     vertex  1.512172e+02 -1.034672e+02  1.516200e+00
     vertex  1.511536e+02 -1.035500e+02  1.516200e+00
   endloop
 endfacet
 facet normal  6.087614e-01 -7.933533e-01  0.000000e+00
   outer loop
     vertex  1.512172e+02 -1.034672e+02  0.000000e+00
     vertex  1.513000e+02 -1.034036e+02  1.516200e+00
     vertex  1.512172e+02 -1.034672e+02  1.516200e+00
   endloop
 endfacet
 facet normal  7.933533e-01 -6.087614e-01  0.000000e+00
   outer loop
     vertex  1.511536e+02 -1.035500e+02  0.000000e+00
     vertex  1.512172e+02 -1.034672e+02  0.000000e+00
     vertex  1.511536e+02 -1.035500e+02  1.516200e+00
   endloop
 endfacet
 facet normal  9.238795e-01 -3.826834e-01  0.000000e+00
   outer loop
     vertex  1.511536e+02 -1.035500e+02  0.000000e+00
     vertex  1.511536e+02 -1.035500e+02  1.516200e+00
     vertex  1.511136e+02 -1.036465e+02  1.516200e+00
   endloop
 endfacet
 facet normal  9.238795e-01 -3.826834e-01  0.000000e+00
   outer loop
     vertex  1.511136e+02 -1.036465e+02  0.000000e+00
     vertex  1.511536e+02 -1.035500e+02  0.000000e+00
     vertex  1.511136e+02 -1.036465e+02  1.516200e+00
   endloop
 endfacet
 facet normal  9.914449e-01 -1.305262e-01  0.000000e+00
   outer loop
     vertex  1.511000e+02 -1.037500e+02  0.000000e+00
     vertex  1.511136e+02 -1.036465e+02  0.000000e+00
     vertex  1.511136e+02 -1.036465e+02  1.516200e+00
   endloop
 endfacet
 facet normal  9.914449e-01 -1.305262e-01  0.000000e+00
   outer loop
     vertex  1.511000e+02 -1.037500e+02  0.000000e+00
     vertex  1.511136e+02 -1.036465e+02  1.516200e+00
     vertex  1.511000e+02 -1.037500e+02  1.516200e+00
   endloop
 endfacet
 facet normal  9.914449e-01  1.305262e-01 -0.000000e+00
   outer loop
     vertex  1.511136e+02 -1.038535e+02  0.000000e+00
     vertex  1.511000e+02 -1.037500e+02  1.516200e+00
     vertex  1.511136e+02 -1.038535e+02  1.516200e+00
   endloop
 endfacet
 facet normal  9.914449e-01  1.305262e-01  0.000000e+00
   outer loop
     vertex  1.511136e+02 -1.038535e+02  0.000000e+00
     vertex  1.511000e+02 -1.037500e+02  0.000000e+00
     vertex  1.511000e+02 -1.037500e+02  1.516200e+00
   endloop
 endfacet
 facet normal  7.933533e-01  6.087614e-01 -0.000000e+00
   outer loop
     vertex  1.511536e+02 -1.039500e+02  0.000000e+00
     vertex  1.511536e+02 -1.039500e+02  1.516200e+00
     vertex  1.512172e+02 -1.040328e+02  1.516200e+00
   endloop
 endfacet
 facet normal  9.238795e-01  3.826834e-01 -0.000000e+00
   outer loop
     vertex  1.511536e+02 -1.039500e+02  0.000000e+00
     vertex  1.511136e+02 -1.038535e+02  1.516200e+00
     vertex  1.511536e+02 -1.039500e+02  1.516200e+00
   endloop
 endfacet
 facet normal  9.238795e-01  3.826834e-01  0.000000e+00
   outer loop
     vertex  1.511536e+02 -1.039500e+02  0.000000e+00
     vertex  1.511136e+02 -1.038535e+02  0.000000e+00
     vertex  1.511136e+02 -1.038535e+02  1.516200e+00
   endloop
 endfacet
 facet normal  7.933533e-01  6.087614e-01 -0.000000e+00
   outer loop
     vertex  1.512172e+02 -1.040328e+02  0.000000e+00
     vertex  1.511536e+02 -1.039500e+02  0.000000e+00
     vertex  1.512172e+02 -1.040328e+02  1.516200e+00
   endloop
 endfacet
 facet normal  3.826834e-01  9.238795e-01 -0.000000e+00
   outer loop
     vertex  1.513000e+02 -1.040964e+02  0.000000e+00
     vertex  1.513000e+02 -1.040964e+02  1.516200e+00
     vertex  1.513965e+02 -1.041364e+02  1.516200e+00
   endloop
 endfacet
 facet normal  6.087614e-01  7.933533e-01 -0.000000e+00
   outer loop
     vertex  1.513000e+02 -1.040964e+02  0.000000e+00
     vertex  1.512172e+02 -1.040328e+02  1.516200e+00
     vertex  1.513000e+02 -1.040964e+02  1.516200e+00
   endloop
 endfacet
 facet normal  6.087614e-01  7.933533e-01  0.000000e+00
   outer loop
     vertex  1.513000e+02 -1.040964e+02  0.000000e+00
     vertex  1.512172e+02 -1.040328e+02  0.000000e+00
     vertex  1.512172e+02 -1.040328e+02  1.516200e+00
   endloop
 endfacet
 facet normal  1.305262e-01  9.914449e-01 -0.000000e+00
   outer loop
     vertex  1.513965e+02 -1.041364e+02  0.000000e+00
     vertex  1.513965e+02 -1.041364e+02  1.516200e+00
     vertex  1.515000e+02 -1.041500e+02  1.516200e+00
   endloop
 endfacet
 facet normal  3.826834e-01  9.238795e-01 -0.000000e+00
   outer loop
     vertex  1.513965e+02 -1.041364e+02  0.000000e+00
     vertex  1.513000e+02 -1.040964e+02  0.000000e+00
     vertex  1.513965e+02 -1.041364e+02  1.516200e+00
   endloop
 endfacet
 facet normal  1.305262e-01  9.914449e-01 -0.000000e+00
   outer loop
     vertex  1.515000e+02 -1.041500e+02  0.000000e+00
     vertex  1.513965e+02 -1.041364e+02  0.000000e+00
     vertex  1.515000e+02 -1.041500e+02  1.516200e+00
   endloop
 endfacet
 facet normal -1.305262e-01  9.914449e-01  0.000000e+00
   outer loop
     vertex  1.649141e+02 -1.077955e+02  0.000000e+00
     vertex  1.645000e+02 -1.078500e+02  0.000000e+00
     vertex  1.645000e+02 -1.078500e+02  1.516200e+00
   endloop
 endfacet
 facet normal -1.305262e-01  9.914449e-01  0.000000e+00
   outer loop
     vertex  1.649141e+02 -1.077955e+02  0.000000e+00
     vertex  1.645000e+02 -1.078500e+02  1.516200e+00
     vertex  1.649141e+02 -1.077955e+02  1.516200e+00
   endloop
 endfacet
 facet normal -3.826834e-01  9.238795e-01  0.000000e+00
   outer loop
     vertex  1.653000e+02 -1.076356e+02  0.000000e+00
     vertex  1.649141e+02 -1.077955e+02  1.516200e+00
     vertex  1.653000e+02 -1.076356e+02  1.516200e+00
   endloop
 endfacet
 facet normal -3.826834e-01  9.238795e-01  0.000000e+00
   outer loop
     vertex  1.653000e+02 -1.076356e+02  0.000000e+00
     vertex  1.649141e+02 -1.077955e+02  0.000000e+00
     vertex  1.649141e+02 -1.077955e+02  1.516200e+00
   endloop
 endfacet
 facet normal -6.087614e-01  7.933533e-01  0.000000e+00
   outer loop
     vertex  1.656314e+02 -1.073814e+02  0.000000e+00
     vertex  1.653000e+02 -1.076356e+02  1.516200e+00
     vertex  1.656314e+02 -1.073814e+02  1.516200e+00
   endloop
 endfacet
 facet normal -6.087614e-01  7.933533e-01  0.000000e+00
   outer loop
     vertex  1.656314e+02 -1.073814e+02  0.000000e+00
     vertex  1.653000e+02 -1.076356e+02  0.000000e+00
     vertex  1.653000e+02 -1.076356e+02  1.516200e+00
   endloop
 endfacet
 facet normal -7.933533e-01  6.087614e-01  0.000000e+00
   outer loop
     vertex  1.658856e+02 -1.070500e+02  0.000000e+00
     vertex  1.656314e+02 -1.073814e+02  1.516200e+00
     vertex  1.658856e+02 -1.070500e+02  1.516200e+00
   endloop
 endfacet
 facet normal -7.933533e-01  6.087614e-01  0.000000e+00
   outer loop
     vertex  1.658856e+02 -1.070500e+02  0.000000e+00
     vertex  1.656314e+02 -1.073814e+02  0.000000e+00
     vertex  1.656314e+02 -1.073814e+02  1.516200e+00
   endloop
 endfacet
 facet normal -9.238795e-01  3.826834e-01  0.000000e+00
   outer loop
     vertex  1.660455e+02 -1.066641e+02  0.000000e+00
     vertex  1.658856e+02 -1.070500e+02  1.516200e+00
     vertex  1.660455e+02 -1.066641e+02  1.516200e+00
   endloop
 endfacet
 facet normal -9.238795e-01  3.826834e-01  0.000000e+00
   outer loop
     vertex  1.660455e+02 -1.066641e+02  0.000000e+00
     vertex  1.658856e+02 -1.070500e+02  0.000000e+00
     vertex  1.658856e+02 -1.070500e+02  1.516200e+00
   endloop
 endfacet
 facet normal -9.914449e-01  1.305262e-01  0.000000e+00
   outer loop
     vertex  1.661000e+02 -1.062500e+02  0.000000e+00
     vertex  1.660455e+02 -1.066641e+02  1.516200e+00
     vertex  1.661000e+02 -1.062500e+02  1.516200e+00
   endloop
 endfacet
 facet normal -9.914449e-01  1.305262e-01  0.000000e+00
   outer loop
     vertex  1.661000e+02 -1.062500e+02  0.000000e+00
     vertex  1.660455e+02 -1.066641e+02  0.000000e+00
     vertex  1.660455e+02 -1.066641e+02  1.516200e+00
   endloop
 endfacet
 facet normal -9.914449e-01 -1.305262e-01  0.000000e+00
   outer loop
     vertex  1.660455e+02 -1.058359e+02  0.000000e+00
     vertex  1.661000e+02 -1.062500e+02  1.516200e+00
     vertex  1.660455e+02 -1.058359e+02  1.516200e+00
   endloop
 endfacet
 facet normal -9.914449e-01 -1.305262e-01  0.000000e+00
   outer loop
     vertex  1.660455e+02 -1.058359e+02  0.000000e+00
     vertex  1.661000e+02 -1.062500e+02  0.000000e+00
     vertex  1.661000e+02 -1.062500e+02  1.516200e+00
   endloop
 endfacet
 facet normal -9.238795e-01 -3.826834e-01  0.000000e+00
   outer loop
     vertex  1.658856e+02 -1.054500e+02  0.000000e+00
     vertex  1.660455e+02 -1.058359e+02  1.516200e+00
     vertex  1.658856e+02 -1.054500e+02  1.516200e+00
   endloop
 endfacet
 facet normal -9.238795e-01 -3.826834e-01  0.000000e+00
   outer loop
     vertex  1.658856e+02 -1.054500e+02  0.000000e+00
     vertex  1.660455e+02 -1.058359e+02  0.000000e+00
     vertex  1.660455e+02 -1.058359e+02  1.516200e+00
   endloop
 endfacet
 facet normal -7.933533e-01 -6.087614e-01  0.000000e+00
   outer loop
     vertex  1.656314e+02 -1.051186e+02  0.000000e+00
     vertex  1.658856e+02 -1.054500e+02  1.516200e+00
     vertex  1.656314e+02 -1.051186e+02  1.516200e+00
   endloop
 endfacet
 facet normal -7.933533e-01 -6.087614e-01  0.000000e+00
   outer loop
     vertex  1.656314e+02 -1.051186e+02  0.000000e+00
     vertex  1.658856e+02 -1.054500e+02  0.000000e+00
     vertex  1.658856e+02 -1.054500e+02  1.516200e+00
   endloop
 endfacet
 facet normal -6.087614e-01 -7.933533e-01  0.000000e+00
   outer loop
     vertex  1.653000e+02 -1.048644e+02  0.000000e+00
     vertex  1.656314e+02 -1.051186e+02  1.516200e+00
     vertex  1.653000e+02 -1.048644e+02  1.516200e+00
   endloop
 endfacet
 facet normal -6.087614e-01 -7.933533e-01  0.000000e+00
   outer loop
     vertex  1.653000e+02 -1.048644e+02  0.000000e+00
     vertex  1.656314e+02 -1.051186e+02  0.000000e+00
     vertex  1.656314e+02 -1.051186e+02  1.516200e+00
   endloop
 endfacet
 facet normal -3.826834e-01 -9.238795e-01  0.000000e+00
   outer loop
     vertex  1.649141e+02 -1.047045e+02  0.000000e+00
     vertex  1.653000e+02 -1.048644e+02  1.516200e+00
     vertex  1.649141e+02 -1.047045e+02  1.516200e+00
   endloop
 endfacet
 facet normal -3.826834e-01 -9.238795e-01  0.000000e+00
   outer loop
     vertex  1.649141e+02 -1.047045e+02  0.000000e+00
     vertex  1.653000e+02 -1.048644e+02  0.000000e+00
     vertex  1.653000e+02 -1.048644e+02  1.516200e+00
   endloop
 endfacet
 facet normal -1.305262e-01 -9.914449e-01  0.000000e+00
   outer loop
     vertex  1.645000e+02 -1.046500e+02  0.000000e+00
     vertex  1.649141e+02 -1.047045e+02  1.516200e+00
     vertex  1.645000e+02 -1.046500e+02  1.516200e+00
   endloop
 endfacet
 facet normal -1.305262e-01 -9.914449e-01  0.000000e+00
   outer loop
     vertex  1.645000e+02 -1.046500e+02  0.000000e+00
     vertex  1.649141e+02 -1.047045e+02  0.000000e+00
     vertex  1.649141e+02 -1.047045e+02  1.516200e+00
   endloop
 endfacet
 facet normal  1.305262e-01 -9.914449e-01  0.000000e+00
   outer loop
     vertex  1.640859e+02 -1.047045e+02  0.000000e+00
     vertex  1.645000e+02 -1.046500e+02  1.516200e+00
     vertex  1.640859e+02 -1.047045e+02  1.516200e+00
   endloop
 endfacet
 facet normal  1.305262e-01 -9.914449e-01  0.000000e+00
   outer loop
     vertex  1.640859e+02 -1.047045e+02  0.000000e+00
     vertex  1.645000e+02 -1.046500e+02  0.000000e+00
     vertex  1.645000e+02 -1.046500e+02  1.516200e+00
   endloop
 endfacet
 facet normal  3.826834e-01 -9.238795e-01  0.000000e+00
   outer loop
     vertex  1.637000e+02 -1.048644e+02  0.000000e+00
     vertex  1.640859e+02 -1.047045e+02  0.000000e+00
     vertex  1.640859e+02 -1.047045e+02  1.516200e+00
   endloop
 endfacet
 facet normal  3.826834e-01 -9.238795e-01  0.000000e+00
   outer loop
     vertex  1.637000e+02 -1.048644e+02  0.000000e+00
     vertex  1.640859e+02 -1.047045e+02  1.516200e+00
     vertex  1.637000e+02 -1.048644e+02  1.516200e+00
   endloop
 endfacet
 facet normal  6.087614e-01 -7.933533e-01  0.000000e+00
   outer loop
     vertex  1.633686e+02 -1.051186e+02  0.000000e+00
     vertex  1.637000e+02 -1.048644e+02  0.000000e+00
     vertex  1.637000e+02 -1.048644e+02  1.516200e+00
   endloop
 endfacet
 facet normal  7.933533e-01 -6.087614e-01  0.000000e+00
   outer loop
     vertex  1.633686e+02 -1.051186e+02  0.000000e+00
     vertex  1.633686e+02 -1.051186e+02  1.516200e+00
     vertex  1.631144e+02 -1.054500e+02  1.516200e+00
   endloop
 endfacet
 facet normal  6.087614e-01 -7.933533e-01  0.000000e+00
   outer loop
     vertex  1.633686e+02 -1.051186e+02  0.000000e+00
     vertex  1.637000e+02 -1.048644e+02  1.516200e+00
     vertex  1.633686e+02 -1.051186e+02  1.516200e+00
   endloop
 endfacet
 facet normal  7.933533e-01 -6.087614e-01  0.000000e+00
   outer loop
     vertex  1.631144e+02 -1.054500e+02  0.000000e+00
     vertex  1.633686e+02 -1.051186e+02  0.000000e+00
     vertex  1.631144e+02 -1.054500e+02  1.516200e+00
   endloop
 endfacet
 facet normal  9.238795e-01 -3.826834e-01  0.000000e+00
   outer loop
     vertex  1.631144e+02 -1.054500e+02  0.000000e+00
     vertex  1.631144e+02 -1.054500e+02  1.516200e+00
     vertex  1.629545e+02 -1.058359e+02  1.516200e+00
   endloop
 endfacet
 facet normal  9.238795e-01 -3.826834e-01  0.000000e+00
   outer loop
     vertex  1.629545e+02 -1.058359e+02  0.000000e+00
     vertex  1.631144e+02 -1.054500e+02  0.000000e+00
     vertex  1.629545e+02 -1.058359e+02  1.516200e+00
   endloop
 endfacet
 facet normal  9.914449e-01 -1.305262e-01  0.000000e+00
   outer loop
     vertex  1.629000e+02 -1.062500e+02  0.000000e+00
     vertex  1.629545e+02 -1.058359e+02  0.000000e+00
     vertex  1.629545e+02 -1.058359e+02  1.516200e+00
   endloop
 endfacet
 facet normal  9.914449e-01 -1.305262e-01  0.000000e+00
   outer loop
     vertex  1.629000e+02 -1.062500e+02  0.000000e+00
     vertex  1.629545e+02 -1.058359e+02  1.516200e+00
     vertex  1.629000e+02 -1.062500e+02  1.516200e+00
   endloop
 endfacet
 facet normal  9.914449e-01  1.305262e-01 -0.000000e+00
   outer loop
     vertex  1.629545e+02 -1.066641e+02  0.000000e+00
     vertex  1.629000e+02 -1.062500e+02  1.516200e+00
     vertex  1.629545e+02 -1.066641e+02  1.516200e+00
   endloop
 endfacet
 facet normal  9.914449e-01  1.305262e-01  0.000000e+00
   outer loop
     vertex  1.629545e+02 -1.066641e+02  0.000000e+00
     vertex  1.629000e+02 -1.062500e+02  0.000000e+00
     vertex  1.629000e+02 -1.062500e+02  1.516200e+00
   endloop
 endfacet
 facet normal  7.933533e-01  6.087614e-01 -0.000000e+00
   outer loop
     vertex  1.631144e+02 -1.070500e+02  0.000000e+00
     vertex  1.631144e+02 -1.070500e+02  1.516200e+00
     vertex  1.633686e+02 -1.073814e+02  1.516200e+00
   endloop
 endfacet
 facet normal  9.238795e-01  3.826834e-01 -0.000000e+00
   outer loop
     vertex  1.631144e+02 -1.070500e+02  0.000000e+00
     vertex  1.629545e+02 -1.066641e+02  1.516200e+00
     vertex  1.631144e+02 -1.070500e+02  1.516200e+00
   endloop
 endfacet
 facet normal  9.238795e-01  3.826834e-01  0.000000e+00
   outer loop
     vertex  1.631144e+02 -1.070500e+02  0.000000e+00
     vertex  1.629545e+02 -1.066641e+02  0.000000e+00
     vertex  1.629545e+02 -1.066641e+02  1.516200e+00
   endloop
 endfacet
 facet normal  7.933533e-01  6.087614e-01 -0.000000e+00
   outer loop
     vertex  1.633686e+02 -1.073814e+02  0.000000e+00
     vertex  1.631144e+02 -1.070500e+02  0.000000e+00
     vertex  1.633686e+02 -1.073814e+02  1.516200e+00
   endloop
 endfacet
 facet normal  3.826834e-01  9.238795e-01 -0.000000e+00
   outer loop
     vertex  1.637000e+02 -1.076356e+02  0.000000e+00
     vertex  1.637000e+02 -1.076356e+02  1.516200e+00
     vertex  1.640859e+02 -1.077955e+02  1.516200e+00
   endloop
 endfacet
 facet normal  6.087614e-01  7.933533e-01 -0.000000e+00
   outer loop
     vertex  1.637000e+02 -1.076356e+02  0.000000e+00
     vertex  1.633686e+02 -1.073814e+02  1.516200e+00
     vertex  1.637000e+02 -1.076356e+02  1.516200e+00
   endloop
 endfacet
 facet normal  6.087614e-01  7.933533e-01  0.000000e+00
   outer loop
     vertex  1.637000e+02 -1.076356e+02  0.000000e+00
     vertex  1.633686e+02 -1.073814e+02  0.000000e+00
     vertex  1.633686e+02 -1.073814e+02  1.516200e+00
   endloop
 endfacet
 facet normal  1.305262e-01  9.914449e-01 -0.000000e+00
   outer loop
     vertex  1.640859e+02 -1.077955e+02  0.000000e+00
     vertex  1.640859e+02 -1.077955e+02  1.516200e+00
     vertex  1.645000e+02 -1.078500e+02  1.516200e+00
   endloop
 endfacet
 facet normal  3.826834e-01  9.238795e-01 -0.000000e+00
   outer loop
     vertex  1.640859e+02 -1.077955e+02  0.000000e+00
     vertex  1.637000e+02 -1.076356e+02  0.000000e+00
     vertex  1.640859e+02 -1.077955e+02  1.516200e+00
   endloop
 endfacet
 facet normal  1.305262e-01  9.914449e-01 -0.000000e+00
   outer loop
     vertex  1.645000e+02 -1.078500e+02  0.000000e+00
     vertex  1.640859e+02 -1.077955e+02  0.000000e+00
     vertex  1.645000e+02 -1.078500e+02  1.516200e+00
   endloop
 endfacet
 facet normal -1.305262e-01  9.914449e-01  0.000000e+00
   outer loop
     vertex  1.566035e+02 -1.041364e+02  0.000000e+00
     vertex  1.565000e+02 -1.041500e+02  0.000000e+00
     vertex  1.565000e+02 -1.041500e+02  1.516200e+00
   endloop
 endfacet
 facet normal -1.305262e-01  9.914449e-01  0.000000e+00
   outer loop
     vertex  1.566035e+02 -1.041364e+02  0.000000e+00
     vertex  1.565000e+02 -1.041500e+02  1.516200e+00
     vertex  1.566035e+02 -1.041364e+02  1.516200e+00
   endloop
 endfacet
 facet normal -3.826834e-01  9.238795e-01  0.000000e+00
   outer loop
     vertex  1.567000e+02 -1.040964e+02  0.000000e+00
     vertex  1.566035e+02 -1.041364e+02  1.516200e+00
     vertex  1.567000e+02 -1.040964e+02  1.516200e+00
   endloop
 endfacet
 facet normal -3.826834e-01  9.238795e-01  0.000000e+00
   outer loop
     vertex  1.567000e+02 -1.040964e+02  0.000000e+00
     vertex  1.566035e+02 -1.041364e+02  0.000000e+00
     vertex  1.566035e+02 -1.041364e+02  1.516200e+00
   endloop
 endfacet
 facet normal -6.087614e-01  7.933533e-01  0.000000e+00
   outer loop
     vertex  1.567828e+02 -1.040328e+02  0.000000e+00
     vertex  1.567000e+02 -1.040964e+02  1.516200e+00
     vertex  1.567828e+02 -1.040328e+02  1.516200e+00
   endloop
 endfacet
 facet normal -6.087614e-01  7.933533e-01  0.000000e+00
   outer loop
     vertex  1.567828e+02 -1.040328e+02  0.000000e+00
     vertex  1.567000e+02 -1.040964e+02  0.000000e+00
     vertex  1.567000e+02 -1.040964e+02  1.516200e+00
   endloop
 endfacet
 facet normal -7.933533e-01  6.087614e-01  0.000000e+00
   outer loop
     vertex  1.568464e+02 -1.039500e+02  0.000000e+00
     vertex  1.567828e+02 -1.040328e+02  1.516200e+00
     vertex  1.568464e+02 -1.039500e+02  1.516200e+00
   endloop
 endfacet
 facet normal -7.933533e-01  6.087614e-01  0.000000e+00
   outer loop
     vertex  1.568464e+02 -1.039500e+02  0.000000e+00
     vertex  1.567828e+02 -1.040328e+02  0.000000e+00
     vertex  1.567828e+02 -1.040328e+02  1.516200e+00
   endloop
 endfacet
 facet normal -9.238795e-01  3.826834e-01  0.000000e+00
   outer loop
     vertex  1.568864e+02 -1.038535e+02  0.000000e+00
     vertex  1.568464e+02 -1.039500e+02  1.516200e+00
     vertex  1.568864e+02 -1.038535e+02  1.516200e+00
   endloop
 endfacet
 facet normal -9.238795e-01  3.826834e-01  0.000000e+00
   outer loop
     vertex  1.568864e+02 -1.038535e+02  0.000000e+00
     vertex  1.568464e+02 -1.039500e+02  0.000000e+00
     vertex  1.568464e+02 -1.039500e+02  1.516200e+00
   endloop
 endfacet
 facet normal -9.914449e-01  1.305262e-01  0.000000e+00
   outer loop
     vertex  1.569000e+02 -1.037500e+02  0.000000e+00
     vertex  1.568864e+02 -1.038535e+02  1.516200e+00
     vertex  1.569000e+02 -1.037500e+02  1.516200e+00
   endloop
 endfacet
 facet normal -9.914449e-01  1.305262e-01  0.000000e+00
   outer loop
     vertex  1.569000e+02 -1.037500e+02  0.000000e+00
     vertex  1.568864e+02 -1.038535e+02  0.000000e+00
     vertex  1.568864e+02 -1.038535e+02  1.516200e+00
   endloop
 endfacet
 facet normal -9.914449e-01 -1.305262e-01  0.000000e+00
   outer loop
     vertex  1.568864e+02 -1.036465e+02  0.000000e+00
     vertex  1.569000e+02 -1.037500e+02  1.516200e+00
     vertex  1.568864e+02 -1.036465e+02  1.516200e+00
   endloop
 endfacet
 facet normal -9.914449e-01 -1.305262e-01  0.000000e+00
   outer loop
     vertex  1.568864e+02 -1.036465e+02  0.000000e+00
     vertex  1.569000e+02 -1.037500e+02  0.000000e+00
     vertex  1.569000e+02 -1.037500e+02  1.516200e+00
   endloop
 endfacet
 facet normal -9.238795e-01 -3.826834e-01  0.000000e+00
   outer loop
     vertex  1.568464e+02 -1.035500e+02  0.000000e+00
     vertex  1.568864e+02 -1.036465e+02  1.516200e+00
     vertex  1.568464e+02 -1.035500e+02  1.516200e+00
   endloop
 endfacet
 facet normal -9.238795e-01 -3.826834e-01  0.000000e+00
   outer loop
     vertex  1.568464e+02 -1.035500e+02  0.000000e+00
     vertex  1.568864e+02 -1.036465e+02  0.000000e+00
     vertex  1.568864e+02 -1.036465e+02  1.516200e+00
   endloop
 endfacet
 facet normal -7.933533e-01 -6.087614e-01  0.000000e+00
   outer loop
     vertex  1.567828e+02 -1.034672e+02  0.000000e+00
     vertex  1.568464e+02 -1.035500e+02  1.516200e+00
     vertex  1.567828e+02 -1.034672e+02  1.516200e+00
   endloop
 endfacet
 facet normal -7.933533e-01 -6.087614e-01  0.000000e+00
   outer loop
     vertex  1.567828e+02 -1.034672e+02  0.000000e+00
     vertex  1.568464e+02 -1.035500e+02  0.000000e+00
     vertex  1.568464e+02 -1.035500e+02  1.516200e+00
   endloop
 endfacet
 facet normal -6.087614e-01 -7.933533e-01  0.000000e+00
   outer loop
     vertex  1.567000e+02 -1.034036e+02  0.000000e+00
     vertex  1.567828e+02 -1.034672e+02  1.516200e+00
     vertex  1.567000e+02 -1.034036e+02  1.516200e+00
   endloop
 endfacet
 facet normal -6.087614e-01 -7.933533e-01  0.000000e+00
   outer loop
     vertex  1.567000e+02 -1.034036e+02  0.000000e+00
     vertex  1.567828e+02 -1.034672e+02  0.000000e+00
     vertex  1.567828e+02 -1.034672e+02  1.516200e+00
   endloop
 endfacet
 facet normal -3.826834e-01 -9.238795e-01  0.000000e+00
   outer loop
     vertex  1.566035e+02 -1.033636e+02  0.000000e+00
     vertex  1.567000e+02 -1.034036e+02  1.516200e+00
     vertex  1.566035e+02 -1.033636e+02  1.516200e+00
   endloop
 endfacet
 facet normal -3.826834e-01 -9.238795e-01  0.000000e+00
   outer loop
     vertex  1.566035e+02 -1.033636e+02  0.000000e+00
     vertex  1.567000e+02 -1.034036e+02  0.000000e+00
     vertex  1.567000e+02 -1.034036e+02  1.516200e+00
   endloop
 endfacet
 facet normal -1.305262e-01 -9.914449e-01  0.000000e+00
   outer loop
     vertex  1.565000e+02 -1.033500e+02  0.000000e+00
     vertex  1.566035e+02 -1.033636e+02  1.516200e+00
     vertex  1.565000e+02 -1.033500e+02  1.516200e+00
   endloop
 endfacet
 facet normal -1.305262e-01 -9.914449e-01  0.000000e+00
   outer loop
     vertex  1.565000e+02 -1.033500e+02  0.000000e+00
     vertex  1.566035e+02 -1.033636e+02  0.000000e+00
     vertex  1.566035e+02 -1.033636e+02  1.516200e+00
   endloop
 endfacet
 facet normal  1.305262e-01 -9.914449e-01  0.000000e+00
   outer loop
     vertex  1.563965e+02 -1.033636e+02  0.000000e+00
     vertex  1.565000e+02 -1.033500e+02  1.516200e+00
     vertex  1.563965e+02 -1.033636e+02  1.516200e+00
   endloop
 endfacet
 facet normal  1.305262e-01 -9.914449e-01  0.000000e+00
   outer loop
     vertex  1.563965e+02 -1.033636e+02  0.000000e+00
     vertex  1.565000e+02 -1.033500e+02  0.000000e+00
     vertex  1.565000e+02 -1.033500e+02  1.516200e+00
   endloop
 endfacet
 facet normal  3.826834e-01 -9.238795e-01  0.000000e+00
   outer loop
     vertex  1.563000e+02 -1.034036e+02  0.000000e+00
     vertex  1.563965e+02 -1.033636e+02  0.000000e+00
     vertex  1.563965e+02 -1.033636e+02  1.516200e+00
   endloop
 endfacet
 facet normal  3.826834e-01 -9.238795e-01  0.000000e+00
   outer loop
     vertex  1.563000e+02 -1.034036e+02  0.000000e+00
     vertex  1.563965e+02 -1.033636e+02  1.516200e+00
     vertex  1.563000e+02 -1.034036e+02  1.516200e+00
   endloop
 endfacet
 facet normal  6.087614e-01 -7.933533e-01  0.000000e+00
   outer loop
     vertex  1.562172e+02 -1.034672e+02  0.000000e+00
     vertex  1.563000e+02 -1.034036e+02  0.000000e+00
     vertex  1.563000e+02 -1.034036e+02  1.516200e+00
   endloop
 endfacet
 facet normal  7.933533e-01 -6.087614e-01  0.000000e+00
   outer loop
     vertex  1.562172e+02 -1.034672e+02  0.000000e+00
     vertex  1.562172e+02 -1.034672e+02  1.516200e+00
     vertex  1.561536e+02 -1.035500e+02  1.516200e+00
   endloop
 endfacet
 facet normal  6.087614e-01 -7.933533e-01  0.000000e+00
   outer loop
     vertex  1.562172e+02 -1.034672e+02  0.000000e+00
     vertex  1.563000e+02 -1.034036e+02  1.516200e+00
     vertex  1.562172e+02 -1.034672e+02  1.516200e+00
   endloop
 endfacet
 facet normal  7.933533e-01 -6.087614e-01  0.000000e+00
   outer loop
     vertex  1.561536e+02 -1.035500e+02  0.000000e+00
     vertex  1.562172e+02 -1.034672e+02  0.000000e+00
     vertex  1.561536e+02 -1.035500e+02  1.516200e+00
   endloop
 endfacet
 facet normal  9.238795e-01 -3.826834e-01  0.000000e+00
   outer loop
     vertex  1.561536e+02 -1.035500e+02  0.000000e+00
     vertex  1.561536e+02 -1.035500e+02  1.516200e+00
     vertex  1.561136e+02 -1.036465e+02  1.516200e+00
   endloop
 endfacet
 facet normal  9.238795e-01 -3.826834e-01  0.000000e+00
   outer loop
     vertex  1.561136e+02 -1.036465e+02  0.000000e+00
     vertex  1.561536e+02 -1.035500e+02  0.000000e+00
     vertex  1.561136e+02 -1.036465e+02  1.516200e+00
   endloop
 endfacet
 facet normal  9.914449e-01 -1.305262e-01  0.000000e+00
   outer loop
     vertex  1.561000e+02 -1.037500e+02  0.000000e+00
     vertex  1.561136e+02 -1.036465e+02  0.000000e+00
     vertex  1.561136e+02 -1.036465e+02  1.516200e+00
   endloop
 endfacet
 facet normal  9.914449e-01 -1.305262e-01  0.000000e+00
   outer loop
     vertex  1.561000e+02 -1.037500e+02  0.000000e+00
     vertex  1.561136e+02 -1.036465e+02  1.516200e+00
     vertex  1.561000e+02 -1.037500e+02  1.516200e+00
   endloop
 endfacet
 facet normal  9.914449e-01  1.305262e-01 -0.000000e+00
   outer loop
     vertex  1.561136e+02 -1.038535e+02  0.000000e+00
     vertex  1.561000e+02 -1.037500e+02  1.516200e+00
     vertex  1.561136e+02 -1.038535e+02  1.516200e+00
   endloop
 endfacet
 facet normal  9.914449e-01  1.305262e-01  0.000000e+00
   outer loop
     vertex  1.561136e+02 -1.038535e+02  0.000000e+00
     vertex  1.561000e+02 -1.037500e+02  0.000000e+00
     vertex  1.561000e+02 -1.037500e+02  1.516200e+00
   endloop
 endfacet
 facet normal  7.933533e-01  6.087614e-01 -0.000000e+00
   outer loop
     vertex  1.561536e+02 -1.039500e+02  0.000000e+00
     vertex  1.561536e+02 -1.039500e+02  1.516200e+00
     vertex  1.562172e+02 -1.040328e+02  1.516200e+00
   endloop
 endfacet
 facet normal  9.238795e-01  3.826834e-01 -0.000000e+00
   outer loop
     vertex  1.561536e+02 -1.039500e+02  0.000000e+00
     vertex  1.561136e+02 -1.038535e+02  1.516200e+00
     vertex  1.561536e+02 -1.039500e+02  1.516200e+00
   endloop
 endfacet
 facet normal  9.238795e-01  3.826834e-01  0.000000e+00
   outer loop
     vertex  1.561536e+02 -1.039500e+02  0.000000e+00
     vertex  1.561136e+02 -1.038535e+02  0.000000e+00
     vertex  1.561136e+02 -1.038535e+02  1.516200e+00
   endloop
 endfacet
 facet normal  7.933533e-01  6.087614e-01 -0.000000e+00
   outer loop
     vertex  1.562172e+02 -1.040328e+02  0.000000e+00
     vertex  1.561536e+02 -1.039500e+02  0.000000e+00
     vertex  1.562172e+02 -1.040328e+02  1.516200e+00
   endloop
 endfacet
 facet normal  3.826834e-01  9.238795e-01 -0.000000e+00
   outer loop
     vertex  1.563000e+02 -1.040964e+02  0.000000e+00
     vertex  1.563000e+02 -1.040964e+02  1.516200e+00
     vertex  1.563965e+02 -1.041364e+02  1.516200e+00
   endloop
 endfacet
 facet normal  6.087614e-01  7.933533e-01 -0.000000e+00
   outer loop
     vertex  1.563000e+02 -1.040964e+02  0.000000e+00
     vertex  1.562172e+02 -1.040328e+02  1.516200e+00
     vertex  1.563000e+02 -1.040964e+02  1.516200e+00
   endloop
 endfacet
 facet normal  6.087614e-01  7.933533e-01  0.000000e+00
   outer loop
     vertex  1.563000e+02 -1.040964e+02  0.000000e+00
     vertex  1.562172e+02 -1.040328e+02  0.000000e+00
     vertex  1.562172e+02 -1.040328e+02  1.516200e+00
   endloop
 endfacet
 facet normal  1.305262e-01  9.914449e-01 -0.000000e+00
   outer loop
     vertex  1.563965e+02 -1.041364e+02  0.000000e+00
     vertex  1.563965e+02 -1.041364e+02  1.516200e+00
     vertex  1.565000e+02 -1.041500e+02  1.516200e+00
   endloop
 endfacet
 facet normal  3.826834e-01  9.238795e-01 -0.000000e+00
   outer loop
     vertex  1.563965e+02 -1.041364e+02  0.000000e+00
     vertex  1.563000e+02 -1.040964e+02  0.000000e+00
     vertex  1.563965e+02 -1.041364e+02  1.516200e+00
   endloop
 endfacet
 facet normal  1.305262e-01  9.914449e-01 -0.000000e+00
   outer loop
     vertex  1.565000e+02 -1.041500e+02  0.000000e+00
     vertex  1.563965e+02 -1.041364e+02  0.000000e+00
     vertex  1.565000e+02 -1.041500e+02  1.516200e+00
   endloop
 endfacet
 facet normal -1.305262e-01  9.914449e-01  0.000000e+00
   outer loop
     vertex  1.641424e+02 -1.010313e+02  0.000000e+00
     vertex  1.640000e+02 -1.010500e+02  0.000000e+00
     vertex  1.640000e+02 -1.010500e+02  1.516200e+00
   endloop
 endfacet
 facet normal -1.305262e-01  9.914449e-01  0.000000e+00
   outer loop
     vertex  1.641424e+02 -1.010313e+02  0.000000e+00
     vertex  1.640000e+02 -1.010500e+02  1.516200e+00
     vertex  1.641424e+02 -1.010313e+02  1.516200e+00
   endloop
 endfacet
 facet normal -3.826834e-01  9.238795e-01  0.000000e+00
   outer loop
     vertex  1.642750e+02 -1.009763e+02  0.000000e+00
     vertex  1.641424e+02 -1.010313e+02  1.516200e+00
     vertex  1.642750e+02 -1.009763e+02  1.516200e+00
   endloop
 endfacet
 facet normal -3.826834e-01  9.238795e-01  0.000000e+00
   outer loop
     vertex  1.642750e+02 -1.009763e+02  0.000000e+00
     vertex  1.641424e+02 -1.010313e+02  0.000000e+00
     vertex  1.641424e+02 -1.010313e+02  1.516200e+00
   endloop
 endfacet
 facet normal -6.087614e-01  7.933533e-01  0.000000e+00
   outer loop
     vertex  1.643889e+02 -1.008889e+02  0.000000e+00
     vertex  1.642750e+02 -1.009763e+02  1.516200e+00
     vertex  1.643889e+02 -1.008889e+02  1.516200e+00
   endloop
 endfacet
 facet normal -6.087614e-01  7.933533e-01  0.000000e+00
   outer loop
     vertex  1.643889e+02 -1.008889e+02  0.000000e+00
     vertex  1.642750e+02 -1.009763e+02  0.000000e+00
     vertex  1.642750e+02 -1.009763e+02  1.516200e+00
   endloop
 endfacet
 facet normal -7.933533e-01  6.087614e-01  0.000000e+00
   outer loop
     vertex  1.644763e+02 -1.007750e+02  0.000000e+00
     vertex  1.643889e+02 -1.008889e+02  1.516200e+00
     vertex  1.644763e+02 -1.007750e+02  1.516200e+00
   endloop
 endfacet
 facet normal -7.933533e-01  6.087614e-01  0.000000e+00
   outer loop
     vertex  1.644763e+02 -1.007750e+02  0.000000e+00
     vertex  1.643889e+02 -1.008889e+02  0.000000e+00
     vertex  1.643889e+02 -1.008889e+02  1.516200e+00
   endloop
 endfacet
 facet normal -9.238795e-01  3.826834e-01  0.000000e+00
   outer loop
     vertex  1.645313e+02 -1.006424e+02  0.000000e+00
     vertex  1.644763e+02 -1.007750e+02  1.516200e+00
     vertex  1.645313e+02 -1.006424e+02  1.516200e+00
   endloop
 endfacet
 facet normal -9.238795e-01  3.826834e-01  0.000000e+00
   outer loop
     vertex  1.645313e+02 -1.006424e+02  0.000000e+00
     vertex  1.644763e+02 -1.007750e+02  0.000000e+00
     vertex  1.644763e+02 -1.007750e+02  1.516200e+00
   endloop
 endfacet
 facet normal -9.914449e-01  1.305262e-01  0.000000e+00
   outer loop
     vertex  1.645500e+02 -1.005000e+02  0.000000e+00
     vertex  1.645313e+02 -1.006424e+02  1.516200e+00
     vertex  1.645500e+02 -1.005000e+02  1.516200e+00
   endloop
 endfacet
 facet normal -9.914449e-01  1.305262e-01  0.000000e+00
   outer loop
     vertex  1.645500e+02 -1.005000e+02  0.000000e+00
     vertex  1.645313e+02 -1.006424e+02  0.000000e+00
     vertex  1.645313e+02 -1.006424e+02  1.516200e+00
   endloop
 endfacet
 facet normal -9.914449e-01 -1.305262e-01  0.000000e+00
   outer loop
     vertex  1.645313e+02 -1.003576e+02  0.000000e+00
     vertex  1.645500e+02 -1.005000e+02  1.516200e+00
     vertex  1.645313e+02 -1.003576e+02  1.516200e+00
   endloop
 endfacet
 facet normal -9.914449e-01 -1.305262e-01  0.000000e+00
   outer loop
     vertex  1.645313e+02 -1.003576e+02  0.000000e+00
     vertex  1.645500e+02 -1.005000e+02  0.000000e+00
     vertex  1.645500e+02 -1.005000e+02  1.516200e+00
   endloop
 endfacet
 facet normal -9.238795e-01 -3.826834e-01  0.000000e+00
   outer loop
     vertex  1.644763e+02 -1.002250e+02  0.000000e+00
     vertex  1.645313e+02 -1.003576e+02  1.516200e+00
     vertex  1.644763e+02 -1.002250e+02  1.516200e+00
   endloop
 endfacet
 facet normal -9.238795e-01 -3.826834e-01  0.000000e+00
   outer loop
     vertex  1.644763e+02 -1.002250e+02  0.000000e+00
     vertex  1.645313e+02 -1.003576e+02  0.000000e+00
     vertex  1.645313e+02 -1.003576e+02  1.516200e+00
   endloop
 endfacet
 facet normal -7.933533e-01 -6.087614e-01  0.000000e+00
   outer loop
     vertex  1.643889e+02 -1.001111e+02  0.000000e+00
     vertex  1.644763e+02 -1.002250e+02  1.516200e+00
     vertex  1.643889e+02 -1.001111e+02  1.516200e+00
   endloop
 endfacet
 facet normal -7.933533e-01 -6.087614e-01  0.000000e+00
   outer loop
     vertex  1.643889e+02 -1.001111e+02  0.000000e+00
     vertex  1.644763e+02 -1.002250e+02  0.000000e+00
     vertex  1.644763e+02 -1.002250e+02  1.516200e+00
   endloop
 endfacet
 facet normal -6.087614e-01 -7.933533e-01  0.000000e+00
   outer loop
     vertex  1.642750e+02 -1.000237e+02  0.000000e+00
     vertex  1.643889e+02 -1.001111e+02  1.516200e+00
     vertex  1.642750e+02 -1.000237e+02  1.516200e+00
   endloop
 endfacet
 facet normal -6.087614e-01 -7.933533e-01  0.000000e+00
   outer loop
     vertex  1.642750e+02 -1.000237e+02  0.000000e+00
     vertex  1.643889e+02 -1.001111e+02  0.000000e+00
     vertex  1.643889e+02 -1.001111e+02  1.516200e+00
   endloop
 endfacet
 facet normal -3.826834e-01 -9.238795e-01  0.000000e+00
   outer loop
     vertex  1.641424e+02 -9.996874e+01  0.000000e+00
     vertex  1.642750e+02 -1.000237e+02  1.516200e+00
     vertex  1.641424e+02 -9.996874e+01  1.516200e+00
   endloop
 endfacet
 facet normal -3.826834e-01 -9.238795e-01  0.000000e+00
   outer loop
     vertex  1.641424e+02 -9.996874e+01  0.000000e+00
     vertex  1.642750e+02 -1.000237e+02  0.000000e+00
     vertex  1.642750e+02 -1.000237e+02  1.516200e+00
   endloop
 endfacet
 facet normal -1.305262e-01 -9.914449e-01  0.000000e+00
   outer loop
     vertex  1.640000e+02 -9.995000e+01  0.000000e+00
     vertex  1.641424e+02 -9.996874e+01  1.516200e+00
     vertex  1.640000e+02 -9.995000e+01  1.516200e+00
   endloop
 endfacet
 facet normal -1.305262e-01 -9.914449e-01  0.000000e+00
   outer loop
     vertex  1.640000e+02 -9.995000e+01  0.000000e+00
     vertex  1.641424e+02 -9.996874e+01  0.000000e+00
     vertex  1.641424e+02 -9.996874e+01  1.516200e+00
   endloop
 endfacet
 facet normal  1.305262e-01 -9.914449e-01  0.000000e+00
   outer loop
     vertex  1.638576e+02 -9.996874e+01  0.000000e+00
     vertex  1.640000e+02 -9.995000e+01  1.516200e+00
     vertex  1.638576e+02 -9.996874e+01  1.516200e+00
   endloop
 endfacet
 facet normal  1.305262e-01 -9.914449e-01  0.000000e+00
   outer loop
     vertex  1.638576e+02 -9.996874e+01  0.000000e+00
     vertex  1.640000e+02 -9.995000e+01  0.000000e+00
     vertex  1.640000e+02 -9.995000e+01  1.516200e+00
   endloop
 endfacet
 facet normal  3.826834e-01 -9.238795e-01  0.000000e+00
   outer loop
     vertex  1.637250e+02 -1.000237e+02  0.000000e+00
     vertex  1.638576e+02 -9.996874e+01  0.000000e+00
     vertex  1.638576e+02 -9.996874e+01  1.516200e+00
   endloop
 endfacet
 facet normal  3.826834e-01 -9.238795e-01  0.000000e+00
   outer loop
     vertex  1.637250e+02 -1.000237e+02  0.000000e+00
     vertex  1.638576e+02 -9.996874e+01  1.516200e+00
     vertex  1.637250e+02 -1.000237e+02  1.516200e+00
   endloop
 endfacet
 facet normal  6.087614e-01 -7.933533e-01  0.000000e+00
   outer loop
     vertex  1.636111e+02 -1.001111e+02  0.000000e+00
     vertex  1.637250e+02 -1.000237e+02  0.000000e+00
     vertex  1.637250e+02 -1.000237e+02  1.516200e+00
   endloop
 endfacet
 facet normal  7.933533e-01 -6.087614e-01  0.000000e+00
   outer loop
     vertex  1.636111e+02 -1.001111e+02  0.000000e+00
     vertex  1.636111e+02 -1.001111e+02  1.516200e+00
     vertex  1.635237e+02 -1.002250e+02  1.516200e+00
   endloop
 endfacet
 facet normal  6.087614e-01 -7.933533e-01  0.000000e+00
   outer loop
     vertex  1.636111e+02 -1.001111e+02  0.000000e+00
     vertex  1.637250e+02 -1.000237e+02  1.516200e+00
     vertex  1.636111e+02 -1.001111e+02  1.516200e+00
   endloop
 endfacet
 facet normal  7.933533e-01 -6.087614e-01  0.000000e+00
   outer loop
     vertex  1.635237e+02 -1.002250e+02  0.000000e+00
     vertex  1.636111e+02 -1.001111e+02  0.000000e+00
     vertex  1.635237e+02 -1.002250e+02  1.516200e+00
   endloop
 endfacet
 facet normal  9.238795e-01 -3.826834e-01  0.000000e+00
   outer loop
     vertex  1.635237e+02 -1.002250e+02  0.000000e+00
     vertex  1.635237e+02 -1.002250e+02  1.516200e+00
     vertex  1.634687e+02 -1.003576e+02  1.516200e+00
   endloop
 endfacet
 facet normal  9.238795e-01 -3.826834e-01  0.000000e+00
   outer loop
     vertex  1.634687e+02 -1.003576e+02  0.000000e+00
     vertex  1.635237e+02 -1.002250e+02  0.000000e+00
     vertex  1.634687e+02 -1.003576e+02  1.516200e+00
   endloop
 endfacet
 facet normal  9.914449e-01 -1.305262e-01  0.000000e+00
   outer loop
     vertex  1.634500e+02 -1.005000e+02  0.000000e+00
     vertex  1.634687e+02 -1.003576e+02  0.000000e+00
     vertex  1.634687e+02 -1.003576e+02  1.516200e+00
   endloop
 endfacet
 facet normal  9.914449e-01 -1.305262e-01  0.000000e+00
   outer loop
     vertex  1.634500e+02 -1.005000e+02  0.000000e+00
     vertex  1.634687e+02 -1.003576e+02  1.516200e+00
     vertex  1.634500e+02 -1.005000e+02  1.516200e+00
   endloop
 endfacet
 facet normal  9.914449e-01  1.305262e-01 -0.000000e+00
   outer loop
     vertex  1.634687e+02 -1.006424e+02  0.000000e+00
     vertex  1.634500e+02 -1.005000e+02  1.516200e+00
     vertex  1.634687e+02 -1.006424e+02  1.516200e+00
   endloop
 endfacet
 facet normal  9.914449e-01  1.305262e-01  0.000000e+00
   outer loop
     vertex  1.634687e+02 -1.006424e+02  0.000000e+00
     vertex  1.634500e+02 -1.005000e+02  0.000000e+00
     vertex  1.634500e+02 -1.005000e+02  1.516200e+00
   endloop
 endfacet
 facet normal  7.933533e-01  6.087614e-01 -0.000000e+00
   outer loop
     vertex  1.635237e+02 -1.007750e+02  0.000000e+00
     vertex  1.635237e+02 -1.007750e+02  1.516200e+00
     vertex  1.636111e+02 -1.008889e+02  1.516200e+00
   endloop
 endfacet
 facet normal  9.238795e-01  3.826834e-01 -0.000000e+00
   outer loop
     vertex  1.635237e+02 -1.007750e+02  0.000000e+00
     vertex  1.634687e+02 -1.006424e+02  1.516200e+00
     vertex  1.635237e+02 -1.007750e+02  1.516200e+00
   endloop
 endfacet
 facet normal  9.238795e-01  3.826834e-01  0.000000e+00
   outer loop
     vertex  1.635237e+02 -1.007750e+02  0.000000e+00
     vertex  1.634687e+02 -1.006424e+02  0.000000e+00
     vertex  1.634687e+02 -1.006424e+02  1.516200e+00
   endloop
 endfacet
 facet normal  7.933533e-01  6.087614e-01 -0.000000e+00
   outer loop
     vertex  1.636111e+02 -1.008889e+02  0.000000e+00
     vertex  1.635237e+02 -1.007750e+02  0.000000e+00
     vertex  1.636111e+02 -1.008889e+02  1.516200e+00
   endloop
 endfacet
 facet normal  3.826834e-01  9.238795e-01 -0.000000e+00
   outer loop
     vertex  1.637250e+02 -1.009763e+02  0.000000e+00
     vertex  1.637250e+02 -1.009763e+02  1.516200e+00
     vertex  1.638576e+02 -1.010313e+02  1.516200e+00
   endloop
 endfacet
 facet normal  6.087614e-01  7.933533e-01 -0.000000e+00
   outer loop
     vertex  1.637250e+02 -1.009763e+02  0.000000e+00
     vertex  1.636111e+02 -1.008889e+02  1.516200e+00
     vertex  1.637250e+02 -1.009763e+02  1.516200e+00
   endloop
 endfacet
 facet normal  6.087614e-01  7.933533e-01  0.000000e+00
   outer loop
     vertex  1.637250e+02 -1.009763e+02  0.000000e+00
     vertex  1.636111e+02 -1.008889e+02  0.000000e+00
     vertex  1.636111e+02 -1.008889e+02  1.516200e+00
   endloop
 endfacet
 facet normal  1.305262e-01  9.914449e-01 -0.000000e+00
   outer loop
     vertex  1.638576e+02 -1.010313e+02  0.000000e+00
     vertex  1.638576e+02 -1.010313e+02  1.516200e+00
     vertex  1.640000e+02 -1.010500e+02  1.516200e+00
   endloop
 endfacet
 facet normal  3.826834e-01  9.238795e-01 -0.000000e+00
   outer loop
     vertex  1.638576e+02 -1.010313e+02  0.000000e+00
     vertex  1.637250e+02 -1.009763e+02  0.000000e+00
     vertex  1.638576e+02 -1.010313e+02  1.516200e+00
   endloop
 endfacet
 facet normal  1.305262e-01  9.914449e-01 -0.000000e+00
   outer loop
     vertex  1.640000e+02 -1.010500e+02  0.000000e+00
     vertex  1.638576e+02 -1.010313e+02  0.000000e+00
     vertex  1.640000e+02 -1.010500e+02  1.516200e+00
   endloop
 endfacet
 facet normal -1.305262e-01  9.914449e-01  0.000000e+00
   outer loop
     vertex  1.262641e+02 -9.437392e+01  0.000000e+00
     vertex  1.261800e+02 -9.438500e+01  0.000000e+00
     vertex  1.261800e+02 -9.438500e+01  1.516200e+00
   endloop
 endfacet
 facet normal -1.305262e-01  9.914449e-01  0.000000e+00
   outer loop
     vertex  1.262641e+02 -9.437392e+01  0.000000e+00
     vertex  1.261800e+02 -9.438500e+01  1.516200e+00
     vertex  1.262641e+02 -9.437392e+01  1.516200e+00
   endloop
 endfacet
 facet normal -3.826834e-01  9.238795e-01  0.000000e+00
   outer loop
     vertex  1.263425e+02 -9.434146e+01  0.000000e+00
     vertex  1.262641e+02 -9.437392e+01  1.516200e+00
     vertex  1.263425e+02 -9.434146e+01  1.516200e+00
   endloop
 endfacet
 facet normal -3.826834e-01  9.238795e-01  0.000000e+00
   outer loop
     vertex  1.263425e+02 -9.434146e+01  0.000000e+00
     vertex  1.262641e+02 -9.437392e+01  0.000000e+00
     vertex  1.262641e+02 -9.437392e+01  1.516200e+00
   endloop
 endfacet
 facet normal -6.087614e-01  7.933533e-01  0.000000e+00
   outer loop
     vertex  1.264098e+02 -9.428981e+01  0.000000e+00
     vertex  1.263425e+02 -9.434146e+01  1.516200e+00
     vertex  1.264098e+02 -9.428981e+01  1.516200e+00
   endloop
 endfacet
 facet normal -6.087614e-01  7.933533e-01  0.000000e+00
   outer loop
     vertex  1.264098e+02 -9.428981e+01  0.000000e+00
     vertex  1.263425e+02 -9.434146e+01  0.000000e+00
     vertex  1.263425e+02 -9.434146e+01  1.516200e+00
   endloop
 endfacet
 facet normal -7.933533e-01  6.087614e-01  0.000000e+00
   outer loop
     vertex  1.264615e+02 -9.422250e+01  0.000000e+00
     vertex  1.264098e+02 -9.428981e+01  1.516200e+00
     vertex  1.264615e+02 -9.422250e+01  1.516200e+00
   endloop
 endfacet
 facet normal -7.933533e-01  6.087614e-01  0.000000e+00
   outer loop
     vertex  1.264615e+02 -9.422250e+01  0.000000e+00
     vertex  1.264098e+02 -9.428981e+01  0.000000e+00
     vertex  1.264098e+02 -9.428981e+01  1.516200e+00
   endloop
 endfacet
 facet normal -9.238795e-01  3.826834e-01  0.000000e+00
   outer loop
     vertex  1.264939e+02 -9.414412e+01  0.000000e+00
     vertex  1.264615e+02 -9.422250e+01  1.516200e+00
     vertex  1.264939e+02 -9.414412e+01  1.516200e+00
   endloop
 endfacet
 facet normal -9.238795e-01  3.826834e-01  0.000000e+00
   outer loop
     vertex  1.264939e+02 -9.414412e+01  0.000000e+00
     vertex  1.264615e+02 -9.422250e+01  0.000000e+00
     vertex  1.264615e+02 -9.422250e+01  1.516200e+00
   endloop
 endfacet
 facet normal -9.914449e-01  1.305262e-01  0.000000e+00
   outer loop
     vertex  1.265050e+02 -9.406000e+01  0.000000e+00
     vertex  1.264939e+02 -9.414412e+01  1.516200e+00
     vertex  1.265050e+02 -9.406000e+01  1.516200e+00
   endloop
 endfacet
 facet normal -9.914449e-01  1.305262e-01  0.000000e+00
   outer loop
     vertex  1.265050e+02 -9.406000e+01  0.000000e+00
     vertex  1.264939e+02 -9.414412e+01  0.000000e+00
     vertex  1.264939e+02 -9.414412e+01  1.516200e+00
   endloop
 endfacet
 facet normal -9.914449e-01 -1.305262e-01  0.000000e+00
   outer loop
     vertex  1.264939e+02 -9.397588e+01  0.000000e+00
     vertex  1.265050e+02 -9.406000e+01  1.516200e+00
     vertex  1.264939e+02 -9.397588e+01  1.516200e+00
   endloop
 endfacet
 facet normal -9.914449e-01 -1.305262e-01  0.000000e+00
   outer loop
     vertex  1.264939e+02 -9.397588e+01  0.000000e+00
     vertex  1.265050e+02 -9.406000e+01  0.000000e+00
     vertex  1.265050e+02 -9.406000e+01  1.516200e+00
   endloop
 endfacet
 facet normal -9.238795e-01 -3.826834e-01  0.000000e+00
   outer loop
     vertex  1.264615e+02 -9.389750e+01  0.000000e+00
     vertex  1.264939e+02 -9.397588e+01  1.516200e+00
     vertex  1.264615e+02 -9.389750e+01  1.516200e+00
   endloop
 endfacet
 facet normal -9.238795e-01 -3.826834e-01  0.000000e+00
   outer loop
     vertex  1.264615e+02 -9.389750e+01  0.000000e+00
     vertex  1.264939e+02 -9.397588e+01  0.000000e+00
     vertex  1.264939e+02 -9.397588e+01  1.516200e+00
   endloop
 endfacet
 facet normal -7.933533e-01 -6.087614e-01  0.000000e+00
   outer loop
     vertex  1.264098e+02 -9.383019e+01  0.000000e+00
     vertex  1.264615e+02 -9.389750e+01  1.516200e+00
     vertex  1.264098e+02 -9.383019e+01  1.516200e+00
   endloop
 endfacet
 facet normal -7.933533e-01 -6.087614e-01  0.000000e+00
   outer loop
     vertex  1.264098e+02 -9.383019e+01  0.000000e+00
     vertex  1.264615e+02 -9.389750e+01  0.000000e+00
     vertex  1.264615e+02 -9.389750e+01  1.516200e+00
   endloop
 endfacet
 facet normal -6.087614e-01 -7.933533e-01  0.000000e+00
   outer loop
     vertex  1.263425e+02 -9.377854e+01  0.000000e+00
     vertex  1.264098e+02 -9.383019e+01  1.516200e+00
     vertex  1.263425e+02 -9.377854e+01  1.516200e+00
   endloop
 endfacet
 facet normal -6.087614e-01 -7.933533e-01  0.000000e+00
   outer loop
     vertex  1.263425e+02 -9.377854e+01  0.000000e+00
     vertex  1.264098e+02 -9.383019e+01  0.000000e+00
     vertex  1.264098e+02 -9.383019e+01  1.516200e+00
   endloop
 endfacet
 facet normal -3.826834e-01 -9.238795e-01  0.000000e+00
   outer loop
     vertex  1.262641e+02 -9.374607e+01  0.000000e+00
     vertex  1.263425e+02 -9.377854e+01  1.516200e+00
     vertex  1.262641e+02 -9.374607e+01  1.516200e+00
   endloop
 endfacet
 facet normal -3.826834e-01 -9.238795e-01  0.000000e+00
   outer loop
     vertex  1.262641e+02 -9.374607e+01  0.000000e+00
     vertex  1.263425e+02 -9.377854e+01  0.000000e+00
     vertex  1.263425e+02 -9.377854e+01  1.516200e+00
   endloop
 endfacet
 facet normal -1.305262e-01 -9.914449e-01  0.000000e+00
   outer loop
     vertex  1.261800e+02 -9.373500e+01  0.000000e+00
     vertex  1.262641e+02 -9.374607e+01  1.516200e+00
     vertex  1.261800e+02 -9.373500e+01  1.516200e+00
   endloop
 endfacet
 facet normal -1.305262e-01 -9.914449e-01  0.000000e+00
   outer loop
     vertex  1.261800e+02 -9.373500e+01  0.000000e+00
     vertex  1.262641e+02 -9.374607e+01  0.000000e+00
     vertex  1.262641e+02 -9.374607e+01  1.516200e+00
   endloop
 endfacet
 facet normal  1.305262e-01 -9.914449e-01  0.000000e+00
   outer loop
     vertex  1.260959e+02 -9.374607e+01  0.000000e+00
     vertex  1.261800e+02 -9.373500e+01  1.516200e+00
     vertex  1.260959e+02 -9.374607e+01  1.516200e+00
   endloop
 endfacet
 facet normal  1.305262e-01 -9.914449e-01  0.000000e+00
   outer loop
     vertex  1.260959e+02 -9.374607e+01  0.000000e+00
     vertex  1.261800e+02 -9.373500e+01  0.000000e+00
     vertex  1.261800e+02 -9.373500e+01  1.516200e+00
   endloop
 endfacet
 facet normal  3.826834e-01 -9.238795e-01  0.000000e+00
   outer loop
     vertex  1.260175e+02 -9.377854e+01  0.000000e+00
     vertex  1.260959e+02 -9.374607e+01  0.000000e+00
     vertex  1.260959e+02 -9.374607e+01  1.516200e+00
   endloop
 endfacet
 facet normal  3.826834e-01 -9.238795e-01  0.000000e+00
   outer loop
     vertex  1.260175e+02 -9.377854e+01  0.000000e+00
     vertex  1.260959e+02 -9.374607e+01  1.516200e+00
     vertex  1.260175e+02 -9.377854e+01  1.516200e+00
   endloop
 endfacet
 facet normal  6.087614e-01 -7.933533e-01  0.000000e+00
   outer loop
     vertex  1.259502e+02 -9.383019e+01  0.000000e+00
     vertex  1.260175e+02 -9.377854e+01  0.000000e+00
     vertex  1.260175e+02 -9.377854e+01  1.516200e+00
   endloop
 endfacet
 facet normal  7.933533e-01 -6.087614e-01  0.000000e+00
   outer loop
     vertex  1.259502e+02 -9.383019e+01  0.000000e+00
     vertex  1.259502e+02 -9.383019e+01  1.516200e+00
     vertex  1.258985e+02 -9.389750e+01  1.516200e+00
   endloop
 endfacet
 facet normal  6.087614e-01 -7.933533e-01  0.000000e+00
   outer loop
     vertex  1.259502e+02 -9.383019e+01  0.000000e+00
     vertex  1.260175e+02 -9.377854e+01  1.516200e+00
     vertex  1.259502e+02 -9.383019e+01  1.516200e+00
   endloop
 endfacet
 facet normal  7.933533e-01 -6.087614e-01  0.000000e+00
   outer loop
     vertex  1.258985e+02 -9.389750e+01  0.000000e+00
     vertex  1.259502e+02 -9.383019e+01  0.000000e+00
     vertex  1.258985e+02 -9.389750e+01  1.516200e+00
   endloop
 endfacet
 facet normal  9.238795e-01 -3.826834e-01  0.000000e+00
   outer loop
     vertex  1.258985e+02 -9.389750e+01  0.000000e+00
     vertex  1.258985e+02 -9.389750e+01  1.516200e+00
     vertex  1.258661e+02 -9.397588e+01  1.516200e+00
   endloop
 endfacet
 facet normal  9.238795e-01 -3.826834e-01  0.000000e+00
   outer loop
     vertex  1.258661e+02 -9.397588e+01  0.000000e+00
     vertex  1.258985e+02 -9.389750e+01  0.000000e+00
     vertex  1.258661e+02 -9.397588e+01  1.516200e+00
   endloop
 endfacet
 facet normal  9.914449e-01 -1.305262e-01  0.000000e+00
   outer loop
     vertex  1.258550e+02 -9.406000e+01  0.000000e+00
     vertex  1.258661e+02 -9.397588e+01  0.000000e+00
     vertex  1.258661e+02 -9.397588e+01  1.516200e+00
   endloop
 endfacet
 facet normal  9.914449e-01 -1.305262e-01  0.000000e+00
   outer loop
     vertex  1.258550e+02 -9.406000e+01  0.000000e+00
     vertex  1.258661e+02 -9.397588e+01  1.516200e+00
     vertex  1.258550e+02 -9.406000e+01  1.516200e+00
   endloop
 endfacet
 facet normal  9.914449e-01  1.305262e-01 -0.000000e+00
   outer loop
     vertex  1.258661e+02 -9.414412e+01  0.000000e+00
     vertex  1.258550e+02 -9.406000e+01  1.516200e+00
     vertex  1.258661e+02 -9.414412e+01  1.516200e+00
   endloop
 endfacet
 facet normal  9.914449e-01  1.305262e-01  0.000000e+00
   outer loop
     vertex  1.258661e+02 -9.414412e+01  0.000000e+00
     vertex  1.258550e+02 -9.406000e+01  0.000000e+00
     vertex  1.258550e+02 -9.406000e+01  1.516200e+00
   endloop
 endfacet
 facet normal  7.933533e-01  6.087614e-01 -0.000000e+00
   outer loop
     vertex  1.258985e+02 -9.422250e+01  0.000000e+00
     vertex  1.258985e+02 -9.422250e+01  1.516200e+00
     vertex  1.259502e+02 -9.428981e+01  1.516200e+00
   endloop
 endfacet
 facet normal  9.238795e-01  3.826834e-01 -0.000000e+00
   outer loop
     vertex  1.258985e+02 -9.422250e+01  0.000000e+00
     vertex  1.258661e+02 -9.414412e+01  1.516200e+00
     vertex  1.258985e+02 -9.422250e+01  1.516200e+00
   endloop
 endfacet
 facet normal  9.238795e-01  3.826834e-01  0.000000e+00
   outer loop
     vertex  1.258985e+02 -9.422250e+01  0.000000e+00
     vertex  1.258661e+02 -9.414412e+01  0.000000e+00
     vertex  1.258661e+02 -9.414412e+01  1.516200e+00
   endloop
 endfacet
 facet normal  7.933533e-01  6.087614e-01 -0.000000e+00
   outer loop
     vertex  1.259502e+02 -9.428981e+01  0.000000e+00
     vertex  1.258985e+02 -9.422250e+01  0.000000e+00
     vertex  1.259502e+02 -9.428981e+01  1.516200e+00
   endloop
 endfacet
 facet normal  3.826834e-01  9.238795e-01 -0.000000e+00
   outer loop
     vertex  1.260175e+02 -9.434146e+01  0.000000e+00
     vertex  1.260175e+02 -9.434146e+01  1.516200e+00
     vertex  1.260959e+02 -9.437392e+01  1.516200e+00
   endloop
 endfacet
 facet normal  6.087614e-01  7.933533e-01 -0.000000e+00
   outer loop
     vertex  1.260175e+02 -9.434146e+01  0.000000e+00
     vertex  1.259502e+02 -9.428981e+01  1.516200e+00
     vertex  1.260175e+02 -9.434146e+01  1.516200e+00
   endloop
 endfacet
 facet normal  6.087614e-01  7.933533e-01  0.000000e+00
   outer loop
     vertex  1.260175e+02 -9.434146e+01  0.000000e+00
     vertex  1.259502e+02 -9.428981e+01  0.000000e+00
     vertex  1.259502e+02 -9.428981e+01  1.516200e+00
   endloop
 endfacet
 facet normal  1.305262e-01  9.914449e-01 -0.000000e+00
   outer loop
     vertex  1.260959e+02 -9.437392e+01  0.000000e+00
     vertex  1.260959e+02 -9.437392e+01  1.516200e+00
     vertex  1.261800e+02 -9.438500e+01  1.516200e+00
   endloop
 endfacet
 facet normal  3.826834e-01  9.238795e-01 -0.000000e+00
   outer loop
     vertex  1.260959e+02 -9.437392e+01  0.000000e+00
     vertex  1.260175e+02 -9.434146e+01  0.000000e+00
     vertex  1.260959e+02 -9.437392e+01  1.516200e+00
   endloop
 endfacet
 facet normal  1.305262e-01  9.914449e-01 -0.000000e+00
   outer loop
     vertex  1.261800e+02 -9.438500e+01  0.000000e+00
     vertex  1.260959e+02 -9.437392e+01  0.000000e+00
     vertex  1.261800e+02 -9.438500e+01  1.516200e+00
   endloop
 endfacet
 facet normal  1.305262e-01 -9.914449e-01  0.000000e+00
   outer loop
     vertex  1.220224e+02 -9.234022e+01  0.000000e+00
     vertex  1.221000e+02 -9.233000e+01  0.000000e+00
     vertex  1.221000e+02 -9.233000e+01  1.516200e+00
   endloop
 endfacet
 facet normal  1.305262e-01 -9.914449e-01  0.000000e+00
   outer loop
     vertex  1.220224e+02 -9.234022e+01  0.000000e+00
     vertex  1.221000e+02 -9.233000e+01  1.516200e+00
     vertex  1.220224e+02 -9.234022e+01  1.516200e+00
   endloop
 endfacet
 facet normal  3.826834e-01 -9.238795e-01  0.000000e+00
   outer loop
     vertex  1.219500e+02 -9.237019e+01  0.000000e+00
     vertex  1.220224e+02 -9.234022e+01  1.516200e+00
     vertex  1.219500e+02 -9.237019e+01  1.516200e+00
   endloop
 endfacet
 facet normal  3.826834e-01 -9.238795e-01  0.000000e+00
   outer loop
     vertex  1.219500e+02 -9.237019e+01  0.000000e+00
     vertex  1.220224e+02 -9.234022e+01  0.000000e+00
     vertex  1.220224e+02 -9.234022e+01  1.516200e+00
   endloop
 endfacet
 facet normal  6.087614e-01 -7.933533e-01  0.000000e+00
   outer loop
     vertex  1.218879e+02 -9.241787e+01  0.000000e+00
     vertex  1.219500e+02 -9.237019e+01  1.516200e+00
     vertex  1.218879e+02 -9.241787e+01  1.516200e+00
   endloop
 endfacet
 facet normal  6.087614e-01 -7.933533e-01  0.000000e+00
   outer loop
     vertex  1.218879e+02 -9.241787e+01  0.000000e+00
     vertex  1.219500e+02 -9.237019e+01  0.000000e+00
     vertex  1.219500e+02 -9.237019e+01  1.516200e+00
   endloop
 endfacet
 facet normal  7.933533e-01 -6.087614e-01  0.000000e+00
   outer loop
     vertex  1.218402e+02 -9.248000e+01  0.000000e+00
     vertex  1.218879e+02 -9.241787e+01  1.516200e+00
     vertex  1.218402e+02 -9.248000e+01  1.516200e+00
   endloop
 endfacet
 facet normal  7.933533e-01 -6.087614e-01  0.000000e+00
   outer loop
     vertex  1.218402e+02 -9.248000e+01  0.000000e+00
     vertex  1.218879e+02 -9.241787e+01  0.000000e+00
     vertex  1.218879e+02 -9.241787e+01  1.516200e+00
   endloop
 endfacet
 facet normal  9.238795e-01 -3.826834e-01  0.000000e+00
   outer loop
     vertex  1.218102e+02 -9.255235e+01  0.000000e+00
     vertex  1.218402e+02 -9.248000e+01  1.516200e+00
     vertex  1.218102e+02 -9.255235e+01  1.516200e+00
   endloop
 endfacet
 facet normal  9.238795e-01 -3.826834e-01  0.000000e+00
   outer loop
     vertex  1.218102e+02 -9.255235e+01  0.000000e+00
     vertex  1.218402e+02 -9.248000e+01  0.000000e+00
     vertex  1.218402e+02 -9.248000e+01  1.516200e+00
   endloop
 endfacet
 facet normal  9.914449e-01 -1.305262e-01  0.000000e+00
   outer loop
     vertex  1.218000e+02 -9.263000e+01  0.000000e+00
     vertex  1.218102e+02 -9.255235e+01  1.516200e+00
     vertex  1.218000e+02 -9.263000e+01  1.516200e+00
   endloop
 endfacet
 facet normal  9.914449e-01 -1.305262e-01  0.000000e+00
   outer loop
     vertex  1.218000e+02 -9.263000e+01  0.000000e+00
     vertex  1.218102e+02 -9.255235e+01  0.000000e+00
     vertex  1.218102e+02 -9.255235e+01  1.516200e+00
   endloop
 endfacet
 facet normal  9.914449e-01  1.305262e-01 -0.000000e+00
   outer loop
     vertex  1.218102e+02 -9.270764e+01  0.000000e+00
     vertex  1.218000e+02 -9.263000e+01  1.516200e+00
     vertex  1.218102e+02 -9.270764e+01  1.516200e+00
   endloop
 endfacet
 facet normal  9.914449e-01  1.305262e-01  0.000000e+00
   outer loop
     vertex  1.218102e+02 -9.270764e+01  0.000000e+00
     vertex  1.218000e+02 -9.263000e+01  0.000000e+00
     vertex  1.218000e+02 -9.263000e+01  1.516200e+00
   endloop
 endfacet
 facet normal  9.238795e-01  3.826834e-01 -0.000000e+00
   outer loop
     vertex  1.218402e+02 -9.278000e+01  0.000000e+00
     vertex  1.218102e+02 -9.270764e+01  1.516200e+00
     vertex  1.218402e+02 -9.278000e+01  1.516200e+00
   endloop
 endfacet
 facet normal  9.238795e-01  3.826834e-01  0.000000e+00
   outer loop
     vertex  1.218402e+02 -9.278000e+01  0.000000e+00
     vertex  1.218102e+02 -9.270764e+01  0.000000e+00
     vertex  1.218102e+02 -9.270764e+01  1.516200e+00
   endloop
 endfacet
 facet normal  6.087614e-01  7.933533e-01 -0.000000e+00
   outer loop
     vertex  1.218879e+02 -9.284213e+01  0.000000e+00
     vertex  1.218879e+02 -9.284213e+01  1.516200e+00
     vertex  1.219500e+02 -9.288981e+01  1.516200e+00
   endloop
 endfacet
 facet normal  7.933533e-01  6.087614e-01 -0.000000e+00
   outer loop
     vertex  1.218879e+02 -9.284213e+01  0.000000e+00
     vertex  1.218402e+02 -9.278000e+01  1.516200e+00
     vertex  1.218879e+02 -9.284213e+01  1.516200e+00
   endloop
 endfacet
 facet normal  7.933533e-01  6.087614e-01  0.000000e+00
   outer loop
     vertex  1.218879e+02 -9.284213e+01  0.000000e+00
     vertex  1.218402e+02 -9.278000e+01  0.000000e+00
     vertex  1.218402e+02 -9.278000e+01  1.516200e+00
   endloop
 endfacet
 facet normal  6.087614e-01  7.933533e-01 -0.000000e+00
   outer loop
     vertex  1.219500e+02 -9.288981e+01  0.000000e+00
     vertex  1.218879e+02 -9.284213e+01  0.000000e+00
     vertex  1.219500e+02 -9.288981e+01  1.516200e+00
   endloop
 endfacet
 facet normal  1.305262e-01  9.914449e-01 -0.000000e+00
   outer loop
     vertex  1.220224e+02 -9.291978e+01  0.000000e+00
     vertex  1.220224e+02 -9.291978e+01  1.516200e+00
     vertex  1.221000e+02 -9.293000e+01  1.516200e+00
   endloop
 endfacet
 facet normal  3.826834e-01  9.238795e-01 -0.000000e+00
   outer loop
     vertex  1.220224e+02 -9.291978e+01  0.000000e+00
     vertex  1.219500e+02 -9.288981e+01  1.516200e+00
     vertex  1.220224e+02 -9.291978e+01  1.516200e+00
   endloop
 endfacet
 facet normal  3.826834e-01  9.238795e-01  0.000000e+00
   outer loop
     vertex  1.220224e+02 -9.291978e+01  0.000000e+00
     vertex  1.219500e+02 -9.288981e+01  0.000000e+00
     vertex  1.219500e+02 -9.288981e+01  1.516200e+00
   endloop
 endfacet
 facet normal  1.305262e-01  9.914449e-01 -0.000000e+00
   outer loop
     vertex  1.221000e+02 -9.293000e+01  0.000000e+00
     vertex  1.220224e+02 -9.291978e+01  0.000000e+00
     vertex  1.221000e+02 -9.293000e+01  1.516200e+00
   endloop
 endfacet
 facet normal  0.000000e+00  1.000000e+00  0.000000e+00
   outer loop
     vertex  1.229000e+02 -9.293000e+01  0.000000e+00
     vertex  1.221000e+02 -9.293000e+01  0.000000e+00
     vertex  1.221000e+02 -9.293000e+01  1.516200e+00
   endloop
 endfacet
 facet normal  0.000000e+00  1.000000e+00 -0.000000e+00
   outer loop
     vertex  1.229000e+02 -9.293000e+01  0.000000e+00
     vertex  1.221000e+02 -9.293000e+01  1.516200e+00
     vertex  1.229000e+02 -9.293000e+01  1.516200e+00
   endloop
 endfacet
 facet normal -1.305262e-01  9.914449e-01  0.000000e+00
   outer loop
     vertex  1.229776e+02 -9.291978e+01  0.000000e+00
     vertex  1.229000e+02 -9.293000e+01  0.000000e+00
     vertex  1.229000e+02 -9.293000e+01  1.516200e+00
   endloop
 endfacet
 facet normal -1.305262e-01  9.914449e-01  0.000000e+00
   outer loop
     vertex  1.229776e+02 -9.291978e+01  0.000000e+00
     vertex  1.229000e+02 -9.293000e+01  1.516200e+00
     vertex  1.229776e+02 -9.291978e+01  1.516200e+00
   endloop
 endfacet
 facet normal -3.826834e-01  9.238795e-01  0.000000e+00
   outer loop
     vertex  1.230500e+02 -9.288981e+01  0.000000e+00
     vertex  1.229776e+02 -9.291978e+01  1.516200e+00
     vertex  1.230500e+02 -9.288981e+01  1.516200e+00
   endloop
 endfacet
 facet normal -3.826834e-01  9.238795e-01  0.000000e+00
   outer loop
     vertex  1.230500e+02 -9.288981e+01  0.000000e+00
     vertex  1.229776e+02 -9.291978e+01  0.000000e+00
     vertex  1.229776e+02 -9.291978e+01  1.516200e+00
   endloop
 endfacet
 facet normal -6.087614e-01  7.933533e-01  0.000000e+00
   outer loop
     vertex  1.231121e+02 -9.284213e+01  0.000000e+00
     vertex  1.230500e+02 -9.288981e+01  1.516200e+00
     vertex  1.231121e+02 -9.284213e+01  1.516200e+00
   endloop
 endfacet
 facet normal -6.087614e-01  7.933533e-01  0.000000e+00
   outer loop
     vertex  1.231121e+02 -9.284213e+01  0.000000e+00
     vertex  1.230500e+02 -9.288981e+01  0.000000e+00
     vertex  1.230500e+02 -9.288981e+01  1.516200e+00
   endloop
 endfacet
 facet normal -7.933533e-01  6.087614e-01  0.000000e+00
   outer loop
     vertex  1.231598e+02 -9.278000e+01  0.000000e+00
     vertex  1.231121e+02 -9.284213e+01  1.516200e+00
     vertex  1.231598e+02 -9.278000e+01  1.516200e+00
   endloop
 endfacet
 facet normal -7.933533e-01  6.087614e-01  0.000000e+00
   outer loop
     vertex  1.231598e+02 -9.278000e+01  0.000000e+00
     vertex  1.231121e+02 -9.284213e+01  0.000000e+00
     vertex  1.231121e+02 -9.284213e+01  1.516200e+00
   endloop
 endfacet
 facet normal -9.238795e-01  3.826834e-01  0.000000e+00
   outer loop
     vertex  1.231898e+02 -9.270764e+01  0.000000e+00
     vertex  1.231598e+02 -9.278000e+01  1.516200e+00
     vertex  1.231898e+02 -9.270764e+01  1.516200e+00
   endloop
 endfacet
 facet normal -9.238795e-01  3.826834e-01  0.000000e+00
   outer loop
     vertex  1.231898e+02 -9.270764e+01  0.000000e+00
     vertex  1.231598e+02 -9.278000e+01  0.000000e+00
     vertex  1.231598e+02 -9.278000e+01  1.516200e+00
   endloop
 endfacet
 facet normal -9.914449e-01  1.305262e-01  0.000000e+00
   outer loop
     vertex  1.232000e+02 -9.263000e+01  0.000000e+00
     vertex  1.231898e+02 -9.270764e+01  1.516200e+00
     vertex  1.232000e+02 -9.263000e+01  1.516200e+00
   endloop
 endfacet
 facet normal -9.914449e-01  1.305262e-01  0.000000e+00
   outer loop
     vertex  1.232000e+02 -9.263000e+01  0.000000e+00
     vertex  1.231898e+02 -9.270764e+01  0.000000e+00
     vertex  1.231898e+02 -9.270764e+01  1.516200e+00
   endloop
 endfacet
 facet normal -9.914449e-01 -1.305262e-01  0.000000e+00
   outer loop
     vertex  1.231898e+02 -9.255235e+01  0.000000e+00
     vertex  1.232000e+02 -9.263000e+01  1.516200e+00
     vertex  1.231898e+02 -9.255235e+01  1.516200e+00
   endloop
 endfacet
 facet normal -9.914449e-01 -1.305262e-01  0.000000e+00
   outer loop
     vertex  1.231898e+02 -9.255235e+01  0.000000e+00
     vertex  1.232000e+02 -9.263000e+01  0.000000e+00
     vertex  1.232000e+02 -9.263000e+01  1.516200e+00
   endloop
 endfacet
 facet normal -9.238795e-01 -3.826834e-01  0.000000e+00
   outer loop
     vertex  1.231598e+02 -9.248000e+01  0.000000e+00
     vertex  1.231898e+02 -9.255235e+01  1.516200e+00
     vertex  1.231598e+02 -9.248000e+01  1.516200e+00
   endloop
 endfacet
 facet normal -9.238795e-01 -3.826834e-01  0.000000e+00
   outer loop
     vertex  1.231598e+02 -9.248000e+01  0.000000e+00
     vertex  1.231898e+02 -9.255235e+01  0.000000e+00
     vertex  1.231898e+02 -9.255235e+01  1.516200e+00
   endloop
 endfacet
 facet normal -6.087614e-01 -7.933533e-01  0.000000e+00
   outer loop
     vertex  1.231121e+02 -9.241787e+01  0.000000e+00
     vertex  1.231121e+02 -9.241787e+01  1.516200e+00
     vertex  1.230500e+02 -9.237019e+01  1.516200e+00
   endloop
 endfacet
 facet normal -7.933533e-01 -6.087614e-01  0.000000e+00
   outer loop
     vertex  1.231121e+02 -9.241787e+01  0.000000e+00
     vertex  1.231598e+02 -9.248000e+01  1.516200e+00
     vertex  1.231121e+02 -9.241787e+01  1.516200e+00
   endloop
 endfacet
 facet normal -7.933533e-01 -6.087614e-01  0.000000e+00
   outer loop
     vertex  1.231121e+02 -9.241787e+01  0.000000e+00
     vertex  1.231598e+02 -9.248000e+01  0.000000e+00
     vertex  1.231598e+02 -9.248000e+01  1.516200e+00
   endloop
 endfacet
 facet normal -6.087614e-01 -7.933533e-01  0.000000e+00
   outer loop
     vertex  1.230500e+02 -9.237019e+01  0.000000e+00
     vertex  1.231121e+02 -9.241787e+01  0.000000e+00
     vertex  1.230500e+02 -9.237019e+01  1.516200e+00
   endloop
 endfacet
 facet normal -1.305262e-01 -9.914449e-01  0.000000e+00
   outer loop
     vertex  1.229776e+02 -9.234022e+01  0.000000e+00
     vertex  1.229776e+02 -9.234022e+01  1.516200e+00
     vertex  1.229000e+02 -9.233000e+01  1.516200e+00
   endloop
 endfacet
 facet normal -3.826834e-01 -9.238795e-01  0.000000e+00
   outer loop
     vertex  1.229776e+02 -9.234022e+01  0.000000e+00
     vertex  1.230500e+02 -9.237019e+01  1.516200e+00
     vertex  1.229776e+02 -9.234022e+01  1.516200e+00
   endloop
 endfacet
 facet normal -3.826834e-01 -9.238795e-01  0.000000e+00
   outer loop
     vertex  1.229776e+02 -9.234022e+01  0.000000e+00
     vertex  1.230500e+02 -9.237019e+01  0.000000e+00
     vertex  1.230500e+02 -9.237019e+01  1.516200e+00
   endloop
 endfacet
 facet normal -1.305262e-01 -9.914449e-01  0.000000e+00
   outer loop
     vertex  1.229000e+02 -9.233000e+01  0.000000e+00
     vertex  1.229776e+02 -9.234022e+01  0.000000e+00
     vertex  1.229000e+02 -9.233000e+01  1.516200e+00
   endloop
 endfacet
 facet normal  0.000000e+00 -1.000000e+00  0.000000e+00
   outer loop
     vertex  1.221000e+02 -9.233000e+01  0.000000e+00
     vertex  1.229000e+02 -9.233000e+01  0.000000e+00
     vertex  1.229000e+02 -9.233000e+01  1.516200e+00
   endloop
 endfacet
 facet normal  0.000000e+00 -1.000000e+00  0.000000e+00
   outer loop
     vertex  1.221000e+02 -9.233000e+01  0.000000e+00
     vertex  1.229000e+02 -9.233000e+01  1.516200e+00
     vertex  1.221000e+02 -9.233000e+01  1.516200e+00
   endloop
 endfacet
 facet normal  1.305262e-01 -9.914449e-01  0.000000e+00
   outer loop
     vertex  1.260524e+02 -9.234022e+01  0.000000e+00
     vertex  1.261300e+02 -9.233000e+01  0.000000e+00
     vertex  1.261300e+02 -9.233000e+01  1.516200e+00
   endloop
 endfacet
 facet normal  1.305262e-01 -9.914449e-01  0.000000e+00
   outer loop
     vertex  1.260524e+02 -9.234022e+01  0.000000e+00
     vertex  1.261300e+02 -9.233000e+01  1.516200e+00
     vertex  1.260524e+02 -9.234022e+01  1.516200e+00
   endloop
 endfacet
 facet normal  3.826834e-01 -9.238795e-01  0.000000e+00
   outer loop
     vertex  1.259800e+02 -9.237019e+01  0.000000e+00
     vertex  1.260524e+02 -9.234022e+01  1.516200e+00
     vertex  1.259800e+02 -9.237019e+01  1.516200e+00
   endloop
 endfacet
 facet normal  3.826834e-01 -9.238795e-01  0.000000e+00
   outer loop
     vertex  1.259800e+02 -9.237019e+01  0.000000e+00
     vertex  1.260524e+02 -9.234022e+01  0.000000e+00
     vertex  1.260524e+02 -9.234022e+01  1.516200e+00
   endloop
 endfacet
 facet normal  6.087614e-01 -7.933533e-01  0.000000e+00
   outer loop
     vertex  1.259179e+02 -9.241787e+01  0.000000e+00
     vertex  1.259800e+02 -9.237019e+01  1.516200e+00
     vertex  1.259179e+02 -9.241787e+01  1.516200e+00
   endloop
 endfacet
 facet normal  6.087614e-01 -7.933533e-01  0.000000e+00
   outer loop
     vertex  1.259179e+02 -9.241787e+01  0.000000e+00
     vertex  1.259800e+02 -9.237019e+01  0.000000e+00
     vertex  1.259800e+02 -9.237019e+01  1.516200e+00
   endloop
 endfacet
 facet normal  7.933533e-01 -6.087614e-01  0.000000e+00
   outer loop
     vertex  1.258702e+02 -9.248000e+01  0.000000e+00
     vertex  1.259179e+02 -9.241787e+01  1.516200e+00
     vertex  1.258702e+02 -9.248000e+01  1.516200e+00
   endloop
 endfacet
 facet normal  7.933533e-01 -6.087614e-01  0.000000e+00
   outer loop
     vertex  1.258702e+02 -9.248000e+01  0.000000e+00
     vertex  1.259179e+02 -9.241787e+01  0.000000e+00
     vertex  1.259179e+02 -9.241787e+01  1.516200e+00
   endloop
 endfacet
 facet normal  9.238795e-01 -3.826834e-01  0.000000e+00
   outer loop
     vertex  1.258402e+02 -9.255235e+01  0.000000e+00
     vertex  1.258702e+02 -9.248000e+01  1.516200e+00
     vertex  1.258402e+02 -9.255235e+01  1.516200e+00
   endloop
 endfacet
 facet normal  9.238795e-01 -3.826834e-01  0.000000e+00
   outer loop
     vertex  1.258402e+02 -9.255235e+01  0.000000e+00
     vertex  1.258702e+02 -9.248000e+01  0.000000e+00
     vertex  1.258702e+02 -9.248000e+01  1.516200e+00
   endloop
 endfacet
 facet normal  9.914449e-01 -1.305262e-01  0.000000e+00
   outer loop
     vertex  1.258300e+02 -9.263000e+01  0.000000e+00
     vertex  1.258402e+02 -9.255235e+01  1.516200e+00
     vertex  1.258300e+02 -9.263000e+01  1.516200e+00
   endloop
 endfacet
 facet normal  9.914449e-01 -1.305262e-01  0.000000e+00
   outer loop
     vertex  1.258300e+02 -9.263000e+01  0.000000e+00
     vertex  1.258402e+02 -9.255235e+01  0.000000e+00
     vertex  1.258402e+02 -9.255235e+01  1.516200e+00
   endloop
 endfacet
 facet normal  9.914449e-01  1.305262e-01 -0.000000e+00
   outer loop
     vertex  1.258402e+02 -9.270764e+01  0.000000e+00
     vertex  1.258300e+02 -9.263000e+01  1.516200e+00
     vertex  1.258402e+02 -9.270764e+01  1.516200e+00
   endloop
 endfacet
 facet normal  9.914449e-01  1.305262e-01  0.000000e+00
   outer loop
     vertex  1.258402e+02 -9.270764e+01  0.000000e+00
     vertex  1.258300e+02 -9.263000e+01  0.000000e+00
     vertex  1.258300e+02 -9.263000e+01  1.516200e+00
   endloop
 endfacet
 facet normal  9.238795e-01  3.826834e-01 -0.000000e+00
   outer loop
     vertex  1.258702e+02 -9.278000e+01  0.000000e+00
     vertex  1.258402e+02 -9.270764e+01  1.516200e+00
     vertex  1.258702e+02 -9.278000e+01  1.516200e+00
   endloop
 endfacet
 facet normal  9.238795e-01  3.826834e-01  0.000000e+00
   outer loop
     vertex  1.258702e+02 -9.278000e+01  0.000000e+00
     vertex  1.258402e+02 -9.270764e+01  0.000000e+00
     vertex  1.258402e+02 -9.270764e+01  1.516200e+00
   endloop
 endfacet
 facet normal  6.087614e-01  7.933533e-01 -0.000000e+00
   outer loop
     vertex  1.259179e+02 -9.284213e+01  0.000000e+00
     vertex  1.259179e+02 -9.284213e+01  1.516200e+00
     vertex  1.259800e+02 -9.288981e+01  1.516200e+00
   endloop
 endfacet
 facet normal  7.933533e-01  6.087614e-01 -0.000000e+00
   outer loop
     vertex  1.259179e+02 -9.284213e+01  0.000000e+00
     vertex  1.258702e+02 -9.278000e+01  1.516200e+00
     vertex  1.259179e+02 -9.284213e+01  1.516200e+00
   endloop
 endfacet
 facet normal  7.933533e-01  6.087614e-01  0.000000e+00
   outer loop
     vertex  1.259179e+02 -9.284213e+01  0.000000e+00
     vertex  1.258702e+02 -9.278000e+01  0.000000e+00
     vertex  1.258702e+02 -9.278000e+01  1.516200e+00
   endloop
 endfacet
 facet normal  6.087614e-01  7.933533e-01 -0.000000e+00
   outer loop
     vertex  1.259800e+02 -9.288981e+01  0.000000e+00
     vertex  1.259179e+02 -9.284213e+01  0.000000e+00
     vertex  1.259800e+02 -9.288981e+01  1.516200e+00
   endloop
 endfacet
 facet normal  1.305262e-01  9.914449e-01 -0.000000e+00
   outer loop
     vertex  1.260524e+02 -9.291978e+01  0.000000e+00
     vertex  1.260524e+02 -9.291978e+01  1.516200e+00
     vertex  1.261300e+02 -9.293000e+01  1.516200e+00
   endloop
 endfacet
 facet normal  3.826834e-01  9.238795e-01 -0.000000e+00
   outer loop
     vertex  1.260524e+02 -9.291978e+01  0.000000e+00
     vertex  1.259800e+02 -9.288981e+01  1.516200e+00
     vertex  1.260524e+02 -9.291978e+01  1.516200e+00
   endloop
 endfacet
 facet normal  3.826834e-01  9.238795e-01  0.000000e+00
   outer loop
     vertex  1.260524e+02 -9.291978e+01  0.000000e+00
     vertex  1.259800e+02 -9.288981e+01  0.000000e+00
     vertex  1.259800e+02 -9.288981e+01  1.516200e+00
   endloop
 endfacet
 facet normal  1.305262e-01  9.914449e-01 -0.000000e+00
   outer loop
     vertex  1.261300e+02 -9.293000e+01  0.000000e+00
     vertex  1.260524e+02 -9.291978e+01  0.000000e+00
     vertex  1.261300e+02 -9.293000e+01  1.516200e+00
   endloop
 endfacet
 facet normal  0.000000e+00  1.000000e+00  0.000000e+00
   outer loop
     vertex  1.272300e+02 -9.293000e+01  0.000000e+00
     vertex  1.261300e+02 -9.293000e+01  0.000000e+00
     vertex  1.261300e+02 -9.293000e+01  1.516200e+00
   endloop
 endfacet
 facet normal  0.000000e+00  1.000000e+00 -0.000000e+00
   outer loop
     vertex  1.272300e+02 -9.293000e+01  0.000000e+00
     vertex  1.261300e+02 -9.293000e+01  1.516200e+00
     vertex  1.272300e+02 -9.293000e+01  1.516200e+00
   endloop
 endfacet
 facet normal -1.305262e-01  9.914449e-01  0.000000e+00
   outer loop
     vertex  1.273076e+02 -9.291978e+01  0.000000e+00
     vertex  1.272300e+02 -9.293000e+01  0.000000e+00
     vertex  1.272300e+02 -9.293000e+01  1.516200e+00
   endloop
 endfacet
 facet normal -1.305262e-01  9.914449e-01  0.000000e+00
   outer loop
     vertex  1.273076e+02 -9.291978e+01  0.000000e+00
     vertex  1.272300e+02 -9.293000e+01  1.516200e+00
     vertex  1.273076e+02 -9.291978e+01  1.516200e+00
   endloop
 endfacet
 facet normal -6.087614e-01  7.933533e-01  0.000000e+00
   outer loop
     vertex  1.273800e+02 -9.288981e+01  0.000000e+00
     vertex  1.273800e+02 -9.288981e+01  1.516200e+00
     vertex  1.274421e+02 -9.284213e+01  1.516200e+00
   endloop
 endfacet
 facet normal -3.826834e-01  9.238795e-01  0.000000e+00
   outer loop
     vertex  1.273800e+02 -9.288981e+01  0.000000e+00
     vertex  1.273076e+02 -9.291978e+01  1.516200e+00
     vertex  1.273800e+02 -9.288981e+01  1.516200e+00
   endloop
 endfacet
 facet normal -3.826834e-01  9.238795e-01  0.000000e+00
   outer loop
     vertex  1.273800e+02 -9.288981e+01  0.000000e+00
     vertex  1.273076e+02 -9.291978e+01  0.000000e+00
     vertex  1.273076e+02 -9.291978e+01  1.516200e+00
   endloop
 endfacet
 facet normal -6.087614e-01  7.933533e-01  0.000000e+00
   outer loop
     vertex  1.274421e+02 -9.284213e+01  0.000000e+00
     vertex  1.273800e+02 -9.288981e+01  0.000000e+00
     vertex  1.274421e+02 -9.284213e+01  1.516200e+00
   endloop
 endfacet
 facet normal -7.933533e-01  6.087614e-01  0.000000e+00
   outer loop
     vertex  1.274898e+02 -9.278000e+01  0.000000e+00
     vertex  1.274421e+02 -9.284213e+01  1.516200e+00
     vertex  1.274898e+02 -9.278000e+01  1.516200e+00
   endloop
 endfacet
 facet normal -7.933533e-01  6.087614e-01  0.000000e+00
   outer loop
     vertex  1.274898e+02 -9.278000e+01  0.000000e+00
     vertex  1.274421e+02 -9.284213e+01  0.000000e+00
     vertex  1.274421e+02 -9.284213e+01  1.516200e+00
   endloop
 endfacet
 facet normal -9.914449e-01  1.305262e-01  0.000000e+00
   outer loop
     vertex  1.275198e+02 -9.270764e+01  0.000000e+00
     vertex  1.275198e+02 -9.270764e+01  1.516200e+00
     vertex  1.275300e+02 -9.263000e+01  1.516200e+00
   endloop
 endfacet
 facet normal -9.238795e-01  3.826834e-01  0.000000e+00
   outer loop
     vertex  1.275198e+02 -9.270764e+01  0.000000e+00
     vertex  1.274898e+02 -9.278000e+01  1.516200e+00
     vertex  1.275198e+02 -9.270764e+01  1.516200e+00
   endloop
 endfacet
 facet normal -9.238795e-01  3.826834e-01  0.000000e+00
   outer loop
     vertex  1.275198e+02 -9.270764e+01  0.000000e+00
     vertex  1.274898e+02 -9.278000e+01  0.000000e+00
     vertex  1.274898e+02 -9.278000e+01  1.516200e+00
   endloop
 endfacet
 facet normal -9.914449e-01 -1.305262e-01  0.000000e+00
   outer loop
     vertex  1.275300e+02 -9.263000e+01  0.000000e+00
     vertex  1.275300e+02 -9.263000e+01  1.516200e+00
     vertex  1.275198e+02 -9.255235e+01  1.516200e+00
   endloop
 endfacet
 facet normal -9.914449e-01  1.305262e-01  0.000000e+00
   outer loop
     vertex  1.275300e+02 -9.263000e+01  0.000000e+00
     vertex  1.275198e+02 -9.270764e+01  0.000000e+00
     vertex  1.275300e+02 -9.263000e+01  1.516200e+00
   endloop
 endfacet
 facet normal -9.914449e-01 -1.305262e-01  0.000000e+00
   outer loop
     vertex  1.275198e+02 -9.255235e+01  0.000000e+00
     vertex  1.275300e+02 -9.263000e+01  0.000000e+00
     vertex  1.275198e+02 -9.255235e+01  1.516200e+00
   endloop
 endfacet
 facet normal -9.238795e-01 -3.826834e-01  0.000000e+00
   outer loop
     vertex  1.274898e+02 -9.248000e+01  0.000000e+00
     vertex  1.275198e+02 -9.255235e+01  1.516200e+00
     vertex  1.274898e+02 -9.248000e+01  1.516200e+00
   endloop
 endfacet
 facet normal -9.238795e-01 -3.826834e-01  0.000000e+00
   outer loop
     vertex  1.274898e+02 -9.248000e+01  0.000000e+00
     vertex  1.275198e+02 -9.255235e+01  0.000000e+00
     vertex  1.275198e+02 -9.255235e+01  1.516200e+00
   endloop
 endfacet
 facet normal -7.933533e-01 -6.087614e-01  0.000000e+00
   outer loop
     vertex  1.274421e+02 -9.241787e+01  0.000000e+00
     vertex  1.274898e+02 -9.248000e+01  1.516200e+00
     vertex  1.274421e+02 -9.241787e+01  1.516200e+00
   endloop
 endfacet
 facet normal -7.933533e-01 -6.087614e-01  0.000000e+00
   outer loop
     vertex  1.274421e+02 -9.241787e+01  0.000000e+00
     vertex  1.274898e+02 -9.248000e+01  0.000000e+00
     vertex  1.274898e+02 -9.248000e+01  1.516200e+00
   endloop
 endfacet
 facet normal -6.087614e-01 -7.933533e-01  0.000000e+00
   outer loop
     vertex  1.273800e+02 -9.237019e+01  0.000000e+00
     vertex  1.274421e+02 -9.241787e+01  1.516200e+00
     vertex  1.273800e+02 -9.237019e+01  1.516200e+00
   endloop
 endfacet
 facet normal -6.087614e-01 -7.933533e-01  0.000000e+00
   outer loop
     vertex  1.273800e+02 -9.237019e+01  0.000000e+00
     vertex  1.274421e+02 -9.241787e+01  0.000000e+00
     vertex  1.274421e+02 -9.241787e+01  1.516200e+00
   endloop
 endfacet
 facet normal -1.305262e-01 -9.914449e-01  0.000000e+00
   outer loop
     vertex  1.273076e+02 -9.234022e+01  0.000000e+00
     vertex  1.273076e+02 -9.234022e+01  1.516200e+00
     vertex  1.272300e+02 -9.233000e+01  1.516200e+00
   endloop
 endfacet
 facet normal -3.826834e-01 -9.238795e-01  0.000000e+00
   outer loop
     vertex  1.273076e+02 -9.234022e+01  0.000000e+00
     vertex  1.273800e+02 -9.237019e+01  1.516200e+00
     vertex  1.273076e+02 -9.234022e+01  1.516200e+00
   endloop
 endfacet
 facet normal -3.826834e-01 -9.238795e-01  0.000000e+00
   outer loop
     vertex  1.273076e+02 -9.234022e+01  0.000000e+00
     vertex  1.273800e+02 -9.237019e+01  0.000000e+00
     vertex  1.273800e+02 -9.237019e+01  1.516200e+00
   endloop
 endfacet
 facet normal -1.305262e-01 -9.914449e-01  0.000000e+00
   outer loop
     vertex  1.272300e+02 -9.233000e+01  0.000000e+00
     vertex  1.273076e+02 -9.234022e+01  0.000000e+00
     vertex  1.272300e+02 -9.233000e+01  1.516200e+00
   endloop
 endfacet
 facet normal  0.000000e+00 -1.000000e+00  0.000000e+00
   outer loop
     vertex  1.261300e+02 -9.233000e+01  0.000000e+00
     vertex  1.272300e+02 -9.233000e+01  0.000000e+00
     vertex  1.272300e+02 -9.233000e+01  1.516200e+00
   endloop
 endfacet
 facet normal  0.000000e+00 -1.000000e+00  0.000000e+00
   outer loop
     vertex  1.261300e+02 -9.233000e+01  0.000000e+00
     vertex  1.272300e+02 -9.233000e+01  1.516200e+00
     vertex  1.261300e+02 -9.233000e+01  1.516200e+00
   endloop
 endfacet
 facet normal -1.305262e-01  9.914449e-01  0.000000e+00
   outer loop
     vertex  1.239141e+02 -8.979548e+01  0.000000e+00
     vertex  1.235000e+02 -8.985000e+01  0.000000e+00
     vertex  1.235000e+02 -8.985000e+01  1.516200e+00
   endloop
 endfacet
 facet normal -1.305262e-01  9.914449e-01  0.000000e+00
   outer loop
     vertex  1.239141e+02 -8.979548e+01  0.000000e+00
     vertex  1.235000e+02 -8.985000e+01  1.516200e+00
     vertex  1.239141e+02 -8.979548e+01  1.516200e+00
   endloop
 endfacet
 facet normal -3.826834e-01  9.238795e-01  0.000000e+00
   outer loop
     vertex  1.243000e+02 -8.963564e+01  0.000000e+00
     vertex  1.239141e+02 -8.979548e+01  1.516200e+00
     vertex  1.243000e+02 -8.963564e+01  1.516200e+00
   endloop
 endfacet
 facet normal -3.826834e-01  9.238795e-01  0.000000e+00
   outer loop
     vertex  1.243000e+02 -8.963564e+01  0.000000e+00
     vertex  1.239141e+02 -8.979548e+01  0.000000e+00
     vertex  1.239141e+02 -8.979548e+01  1.516200e+00
   endloop
 endfacet
 facet normal -6.087614e-01  7.933533e-01  0.000000e+00
   outer loop
     vertex  1.246314e+02 -8.938137e+01  0.000000e+00
     vertex  1.243000e+02 -8.963564e+01  1.516200e+00
     vertex  1.246314e+02 -8.938137e+01  1.516200e+00
   endloop
 endfacet
 facet normal -6.087614e-01  7.933533e-01  0.000000e+00
   outer loop
     vertex  1.246314e+02 -8.938137e+01  0.000000e+00
     vertex  1.243000e+02 -8.963564e+01  0.000000e+00
     vertex  1.243000e+02 -8.963564e+01  1.516200e+00
   endloop
 endfacet
 facet normal -7.933533e-01  6.087614e-01  0.000000e+00
   outer loop
     vertex  1.248856e+02 -8.905000e+01  0.000000e+00
     vertex  1.246314e+02 -8.938137e+01  1.516200e+00
     vertex  1.248856e+02 -8.905000e+01  1.516200e+00
   endloop
 endfacet
 facet normal -7.933533e-01  6.087614e-01  0.000000e+00
   outer loop
     vertex  1.248856e+02 -8.905000e+01  0.000000e+00
     vertex  1.246314e+02 -8.938137e+01  0.000000e+00
     vertex  1.246314e+02 -8.938137e+01  1.516200e+00
   endloop
 endfacet
 facet normal -9.238795e-01  3.826834e-01  0.000000e+00
   outer loop
     vertex  1.250455e+02 -8.866411e+01  0.000000e+00
     vertex  1.248856e+02 -8.905000e+01  1.516200e+00
     vertex  1.250455e+02 -8.866411e+01  1.516200e+00
   endloop
 endfacet
 facet normal -9.238795e-01  3.826834e-01  0.000000e+00
   outer loop
     vertex  1.250455e+02 -8.866411e+01  0.000000e+00
     vertex  1.248856e+02 -8.905000e+01  0.000000e+00
     vertex  1.248856e+02 -8.905000e+01  1.516200e+00
   endloop
 endfacet
 facet normal -9.914449e-01  1.305262e-01  0.000000e+00
   outer loop
     vertex  1.251000e+02 -8.825000e+01  0.000000e+00
     vertex  1.250455e+02 -8.866411e+01  1.516200e+00
     vertex  1.251000e+02 -8.825000e+01  1.516200e+00
   endloop
 endfacet
 facet normal -9.914449e-01  1.305262e-01  0.000000e+00
   outer loop
     vertex  1.251000e+02 -8.825000e+01  0.000000e+00
     vertex  1.250455e+02 -8.866411e+01  0.000000e+00
     vertex  1.250455e+02 -8.866411e+01  1.516200e+00
   endloop
 endfacet
 facet normal -9.914449e-01 -1.305262e-01  0.000000e+00
   outer loop
     vertex  1.250455e+02 -8.783589e+01  0.000000e+00
     vertex  1.251000e+02 -8.825000e+01  1.516200e+00
     vertex  1.250455e+02 -8.783589e+01  1.516200e+00
   endloop
 endfacet
 facet normal -9.914449e-01 -1.305262e-01  0.000000e+00
   outer loop
     vertex  1.250455e+02 -8.783589e+01  0.000000e+00
     vertex  1.251000e+02 -8.825000e+01  0.000000e+00
     vertex  1.251000e+02 -8.825000e+01  1.516200e+00
   endloop
 endfacet
 facet normal -9.238795e-01 -3.826834e-01  0.000000e+00
   outer loop
     vertex  1.248856e+02 -8.745000e+01  0.000000e+00
     vertex  1.250455e+02 -8.783589e+01  1.516200e+00
     vertex  1.248856e+02 -8.745000e+01  1.516200e+00
   endloop
 endfacet
 facet normal -9.238795e-01 -3.826834e-01  0.000000e+00
   outer loop
     vertex  1.248856e+02 -8.745000e+01  0.000000e+00
     vertex  1.250455e+02 -8.783589e+01  0.000000e+00
     vertex  1.250455e+02 -8.783589e+01  1.516200e+00
   endloop
 endfacet
 facet normal -7.933533e-01 -6.087614e-01  0.000000e+00
   outer loop
     vertex  1.246314e+02 -8.711863e+01  0.000000e+00
     vertex  1.248856e+02 -8.745000e+01  1.516200e+00
     vertex  1.246314e+02 -8.711863e+01  1.516200e+00
   endloop
 endfacet
 facet normal -7.933533e-01 -6.087614e-01  0.000000e+00
   outer loop
     vertex  1.246314e+02 -8.711863e+01  0.000000e+00
     vertex  1.248856e+02 -8.745000e+01  0.000000e+00
     vertex  1.248856e+02 -8.745000e+01  1.516200e+00
   endloop
 endfacet
 facet normal -6.087614e-01 -7.933533e-01  0.000000e+00
   outer loop
     vertex  1.243000e+02 -8.686436e+01  0.000000e+00
     vertex  1.246314e+02 -8.711863e+01  1.516200e+00
     vertex  1.243000e+02 -8.686436e+01  1.516200e+00
   endloop
 endfacet
 facet normal -6.087614e-01 -7.933533e-01  0.000000e+00
   outer loop
     vertex  1.243000e+02 -8.686436e+01  0.000000e+00
     vertex  1.246314e+02 -8.711863e+01  0.000000e+00
     vertex  1.246314e+02 -8.711863e+01  1.516200e+00
   endloop
 endfacet
 facet normal -3.826834e-01 -9.238795e-01  0.000000e+00
   outer loop
     vertex  1.239141e+02 -8.670452e+01  0.000000e+00
     vertex  1.243000e+02 -8.686436e+01  1.516200e+00
     vertex  1.239141e+02 -8.670452e+01  1.516200e+00
   endloop
 endfacet
 facet normal -3.826834e-01 -9.238795e-01  0.000000e+00
   outer loop
     vertex  1.239141e+02 -8.670452e+01  0.000000e+00
     vertex  1.243000e+02 -8.686436e+01  0.000000e+00
     vertex  1.243000e+02 -8.686436e+01  1.516200e+00
   endloop
 endfacet
 facet normal -1.305262e-01 -9.914449e-01  0.000000e+00
   outer loop
     vertex  1.235000e+02 -8.665000e+01  0.000000e+00
     vertex  1.239141e+02 -8.670452e+01  1.516200e+00
     vertex  1.235000e+02 -8.665000e+01  1.516200e+00
   endloop
 endfacet
 facet normal -1.305262e-01 -9.914449e-01  0.000000e+00
   outer loop
     vertex  1.235000e+02 -8.665000e+01  0.000000e+00
     vertex  1.239141e+02 -8.670452e+01  0.000000e+00
     vertex  1.239141e+02 -8.670452e+01  1.516200e+00
   endloop
 endfacet
 facet normal  1.305262e-01 -9.914449e-01  0.000000e+00
   outer loop
     vertex  1.230859e+02 -8.670452e+01  0.000000e+00
     vertex  1.235000e+02 -8.665000e+01  1.516200e+00
     vertex  1.230859e+02 -8.670452e+01  1.516200e+00
   endloop
 endfacet
 facet normal  1.305262e-01 -9.914449e-01  0.000000e+00
   outer loop
     vertex  1.230859e+02 -8.670452e+01  0.000000e+00
     vertex  1.235000e+02 -8.665000e+01  0.000000e+00
     vertex  1.235000e+02 -8.665000e+01  1.516200e+00
   endloop
 endfacet
 facet normal  3.826834e-01 -9.238795e-01  0.000000e+00
   outer loop
     vertex  1.227000e+02 -8.686436e+01  0.000000e+00
     vertex  1.230859e+02 -8.670452e+01  0.000000e+00
     vertex  1.230859e+02 -8.670452e+01  1.516200e+00
   endloop
 endfacet
 facet normal  3.826834e-01 -9.238795e-01  0.000000e+00
   outer loop
     vertex  1.227000e+02 -8.686436e+01  0.000000e+00
     vertex  1.230859e+02 -8.670452e+01  1.516200e+00
     vertex  1.227000e+02 -8.686436e+01  1.516200e+00
   endloop
 endfacet
 facet normal  6.087614e-01 -7.933533e-01  0.000000e+00
   outer loop
     vertex  1.223686e+02 -8.711863e+01  0.000000e+00
     vertex  1.227000e+02 -8.686436e+01  0.000000e+00
     vertex  1.227000e+02 -8.686436e+01  1.516200e+00
   endloop
 endfacet
 facet normal  7.933533e-01 -6.087614e-01  0.000000e+00
   outer loop
     vertex  1.223686e+02 -8.711863e+01  0.000000e+00
     vertex  1.223686e+02 -8.711863e+01  1.516200e+00
     vertex  1.221144e+02 -8.745000e+01  1.516200e+00
   endloop
 endfacet
 facet normal  6.087614e-01 -7.933533e-01  0.000000e+00
   outer loop
     vertex  1.223686e+02 -8.711863e+01  0.000000e+00
     vertex  1.227000e+02 -8.686436e+01  1.516200e+00
     vertex  1.223686e+02 -8.711863e+01  1.516200e+00
   endloop
 endfacet
 facet normal  7.933533e-01 -6.087614e-01  0.000000e+00
   outer loop
     vertex  1.221144e+02 -8.745000e+01  0.000000e+00
     vertex  1.223686e+02 -8.711863e+01  0.000000e+00
     vertex  1.221144e+02 -8.745000e+01  1.516200e+00
   endloop
 endfacet
 facet normal  9.238795e-01 -3.826834e-01  0.000000e+00
   outer loop
     vertex  1.221144e+02 -8.745000e+01  0.000000e+00
     vertex  1.221144e+02 -8.745000e+01  1.516200e+00
     vertex  1.219545e+02 -8.783589e+01  1.516200e+00
   endloop
 endfacet
 facet normal  9.238795e-01 -3.826834e-01  0.000000e+00
   outer loop
     vertex  1.219545e+02 -8.783589e+01  0.000000e+00
     vertex  1.221144e+02 -8.745000e+01  0.000000e+00
     vertex  1.219545e+02 -8.783589e+01  1.516200e+00
   endloop
 endfacet
 facet normal  9.914449e-01 -1.305262e-01  0.000000e+00
   outer loop
     vertex  1.219000e+02 -8.825000e+01  0.000000e+00
     vertex  1.219545e+02 -8.783589e+01  0.000000e+00
     vertex  1.219545e+02 -8.783589e+01  1.516200e+00
   endloop
 endfacet
 facet normal  9.914449e-01 -1.305262e-01  0.000000e+00
   outer loop
     vertex  1.219000e+02 -8.825000e+01  0.000000e+00
     vertex  1.219545e+02 -8.783589e+01  1.516200e+00
     vertex  1.219000e+02 -8.825000e+01  1.516200e+00
   endloop
 endfacet
 facet normal  9.914449e-01  1.305262e-01 -0.000000e+00
   outer loop
     vertex  1.219545e+02 -8.866411e+01  0.000000e+00
     vertex  1.219000e+02 -8.825000e+01  1.516200e+00
     vertex  1.219545e+02 -8.866411e+01  1.516200e+00
   endloop
 endfacet
 facet normal  9.914449e-01  1.305262e-01  0.000000e+00
   outer loop
     vertex  1.219545e+02 -8.866411e+01  0.000000e+00
     vertex  1.219000e+02 -8.825000e+01  0.000000e+00
     vertex  1.219000e+02 -8.825000e+01  1.516200e+00
   endloop
 endfacet
 facet normal  7.933533e-01  6.087614e-01 -0.000000e+00
   outer loop
     vertex  1.221144e+02 -8.905000e+01  0.000000e+00
     vertex  1.221144e+02 -8.905000e+01  1.516200e+00
     vertex  1.223686e+02 -8.938137e+01  1.516200e+00
   endloop
 endfacet
 facet normal  9.238795e-01  3.826834e-01 -0.000000e+00
   outer loop
     vertex  1.221144e+02 -8.905000e+01  0.000000e+00
     vertex  1.219545e+02 -8.866411e+01  1.516200e+00
     vertex  1.221144e+02 -8.905000e+01  1.516200e+00
   endloop
 endfacet
 facet normal  9.238795e-01  3.826834e-01  0.000000e+00
   outer loop
     vertex  1.221144e+02 -8.905000e+01  0.000000e+00
     vertex  1.219545e+02 -8.866411e+01  0.000000e+00
     vertex  1.219545e+02 -8.866411e+01  1.516200e+00
   endloop
 endfacet
 facet normal  7.933533e-01  6.087614e-01 -0.000000e+00
   outer loop
     vertex  1.223686e+02 -8.938137e+01  0.000000e+00
     vertex  1.221144e+02 -8.905000e+01  0.000000e+00
     vertex  1.223686e+02 -8.938137e+01  1.516200e+00
   endloop
 endfacet
 facet normal  3.826834e-01  9.238795e-01 -0.000000e+00
   outer loop
     vertex  1.227000e+02 -8.963564e+01  0.000000e+00
     vertex  1.227000e+02 -8.963564e+01  1.516200e+00
     vertex  1.230859e+02 -8.979548e+01  1.516200e+00
   endloop
 endfacet
 facet normal  6.087614e-01  7.933533e-01 -0.000000e+00
   outer loop
     vertex  1.227000e+02 -8.963564e+01  0.000000e+00
     vertex  1.223686e+02 -8.938137e+01  1.516200e+00
     vertex  1.227000e+02 -8.963564e+01  1.516200e+00
   endloop
 endfacet
 facet normal  6.087614e-01  7.933533e-01  0.000000e+00
   outer loop
     vertex  1.227000e+02 -8.963564e+01  0.000000e+00
     vertex  1.223686e+02 -8.938137e+01  0.000000e+00
     vertex  1.223686e+02 -8.938137e+01  1.516200e+00
   endloop
 endfacet
 facet normal  1.305262e-01  9.914449e-01 -0.000000e+00
   outer loop
     vertex  1.230859e+02 -8.979548e+01  0.000000e+00
     vertex  1.230859e+02 -8.979548e+01  1.516200e+00
     vertex  1.235000e+02 -8.985000e+01  1.516200e+00
   endloop
 endfacet
 facet normal  3.826834e-01  9.238795e-01 -0.000000e+00
   outer loop
     vertex  1.230859e+02 -8.979548e+01  0.000000e+00
     vertex  1.227000e+02 -8.963564e+01  0.000000e+00
     vertex  1.230859e+02 -8.979548e+01  1.516200e+00
   endloop
 endfacet
 facet normal  1.305262e-01  9.914449e-01 -0.000000e+00
   outer loop
     vertex  1.235000e+02 -8.985000e+01  0.000000e+00
     vertex  1.230859e+02 -8.979548e+01  0.000000e+00
     vertex  1.235000e+02 -8.985000e+01  1.516200e+00
   endloop
 endfacet
 facet normal -1.305262e-01  9.914449e-01  0.000000e+00
   outer loop
     vertex  1.641424e+02 -9.722126e+01  0.000000e+00
     vertex  1.640000e+02 -9.724000e+01  0.000000e+00
     vertex  1.640000e+02 -9.724000e+01  1.516200e+00
   endloop
 endfacet
 facet normal -1.305262e-01  9.914449e-01  0.000000e+00
   outer loop
     vertex  1.641424e+02 -9.722126e+01  0.000000e+00
     vertex  1.640000e+02 -9.724000e+01  1.516200e+00
     vertex  1.641424e+02 -9.722126e+01  1.516200e+00
   endloop
 endfacet
 facet normal -3.826834e-01  9.238795e-01  0.000000e+00
   outer loop
     vertex  1.642750e+02 -9.716631e+01  0.000000e+00
     vertex  1.641424e+02 -9.722126e+01  1.516200e+00
     vertex  1.642750e+02 -9.716631e+01  1.516200e+00
   endloop
 endfacet
 facet normal -3.826834e-01  9.238795e-01  0.000000e+00
   outer loop
     vertex  1.642750e+02 -9.716631e+01  0.000000e+00
     vertex  1.641424e+02 -9.722126e+01  0.000000e+00
     vertex  1.641424e+02 -9.722126e+01  1.516200e+00
   endloop
 endfacet
 facet normal -6.087614e-01  7.933533e-01  0.000000e+00
   outer loop
     vertex  1.643889e+02 -9.707891e+01  0.000000e+00
     vertex  1.642750e+02 -9.716631e+01  1.516200e+00
     vertex  1.643889e+02 -9.707891e+01  1.516200e+00
   endloop
 endfacet
 facet normal -6.087614e-01  7.933533e-01  0.000000e+00
   outer loop
     vertex  1.643889e+02 -9.707891e+01  0.000000e+00
     vertex  1.642750e+02 -9.716631e+01  0.000000e+00
     vertex  1.642750e+02 -9.716631e+01  1.516200e+00
   endloop
 endfacet
 facet normal -7.933533e-01  6.087614e-01  0.000000e+00
   outer loop
     vertex  1.644763e+02 -9.696500e+01  0.000000e+00
     vertex  1.643889e+02 -9.707891e+01  1.516200e+00
     vertex  1.644763e+02 -9.696500e+01  1.516200e+00
   endloop
 endfacet
 facet normal -7.933533e-01  6.087614e-01  0.000000e+00
   outer loop
     vertex  1.644763e+02 -9.696500e+01  0.000000e+00
     vertex  1.643889e+02 -9.707891e+01  0.000000e+00
     vertex  1.643889e+02 -9.707891e+01  1.516200e+00
   endloop
 endfacet
 facet normal -9.238795e-01  3.826834e-01  0.000000e+00
   outer loop
     vertex  1.645313e+02 -9.683235e+01  0.000000e+00
     vertex  1.644763e+02 -9.696500e+01  1.516200e+00
     vertex  1.645313e+02 -9.683235e+01  1.516200e+00
   endloop
 endfacet
 facet normal -9.238795e-01  3.826834e-01  0.000000e+00
   outer loop
     vertex  1.645313e+02 -9.683235e+01  0.000000e+00
     vertex  1.644763e+02 -9.696500e+01  0.000000e+00
     vertex  1.644763e+02 -9.696500e+01  1.516200e+00
   endloop
 endfacet
 facet normal -9.914449e-01  1.305262e-01  0.000000e+00
   outer loop
     vertex  1.645500e+02 -9.669000e+01  0.000000e+00
     vertex  1.645313e+02 -9.683235e+01  1.516200e+00
     vertex  1.645500e+02 -9.669000e+01  1.516200e+00
   endloop
 endfacet
 facet normal -9.914449e-01  1.305262e-01  0.000000e+00
   outer loop
     vertex  1.645500e+02 -9.669000e+01  0.000000e+00
     vertex  1.645313e+02 -9.683235e+01  0.000000e+00
     vertex  1.645313e+02 -9.683235e+01  1.516200e+00
   endloop
 endfacet
 facet normal -9.914449e-01 -1.305262e-01  0.000000e+00
   outer loop
     vertex  1.645313e+02 -9.654765e+01  0.000000e+00
     vertex  1.645500e+02 -9.669000e+01  1.516200e+00
     vertex  1.645313e+02 -9.654765e+01  1.516200e+00
   endloop
 endfacet
 facet normal -9.914449e-01 -1.305262e-01  0.000000e+00
   outer loop
     vertex  1.645313e+02 -9.654765e+01  0.000000e+00
     vertex  1.645500e+02 -9.669000e+01  0.000000e+00
     vertex  1.645500e+02 -9.669000e+01  1.516200e+00
   endloop
 endfacet
 facet normal -9.238795e-01 -3.826834e-01  0.000000e+00
   outer loop
     vertex  1.644763e+02 -9.641500e+01  0.000000e+00
     vertex  1.645313e+02 -9.654765e+01  1.516200e+00
     vertex  1.644763e+02 -9.641500e+01  1.516200e+00
   endloop
 endfacet
 facet normal -9.238795e-01 -3.826834e-01  0.000000e+00
   outer loop
     vertex  1.644763e+02 -9.641500e+01  0.000000e+00
     vertex  1.645313e+02 -9.654765e+01  0.000000e+00
     vertex  1.645313e+02 -9.654765e+01  1.516200e+00
   endloop
 endfacet
 facet normal -7.933533e-01 -6.087614e-01  0.000000e+00
   outer loop
     vertex  1.643889e+02 -9.630109e+01  0.000000e+00
     vertex  1.644763e+02 -9.641500e+01  1.516200e+00
     vertex  1.643889e+02 -9.630109e+01  1.516200e+00
   endloop
 endfacet
 facet normal -7.933533e-01 -6.087614e-01  0.000000e+00
   outer loop
     vertex  1.643889e+02 -9.630109e+01  0.000000e+00
     vertex  1.644763e+02 -9.641500e+01  0.000000e+00
     vertex  1.644763e+02 -9.641500e+01  1.516200e+00
   endloop
 endfacet
 facet normal -6.087614e-01 -7.933533e-01  0.000000e+00
   outer loop
     vertex  1.642750e+02 -9.621369e+01  0.000000e+00
     vertex  1.643889e+02 -9.630109e+01  1.516200e+00
     vertex  1.642750e+02 -9.621369e+01  1.516200e+00
   endloop
 endfacet
 facet normal -6.087614e-01 -7.933533e-01  0.000000e+00
   outer loop
     vertex  1.642750e+02 -9.621369e+01  0.000000e+00
     vertex  1.643889e+02 -9.630109e+01  0.000000e+00
     vertex  1.643889e+02 -9.630109e+01  1.516200e+00
   endloop
 endfacet
 facet normal -3.826834e-01 -9.238795e-01  0.000000e+00
   outer loop
     vertex  1.641424e+02 -9.615874e+01  0.000000e+00
     vertex  1.642750e+02 -9.621369e+01  1.516200e+00
     vertex  1.641424e+02 -9.615874e+01  1.516200e+00
   endloop
 endfacet
 facet normal -3.826834e-01 -9.238795e-01  0.000000e+00
   outer loop
     vertex  1.641424e+02 -9.615874e+01  0.000000e+00
     vertex  1.642750e+02 -9.621369e+01  0.000000e+00
     vertex  1.642750e+02 -9.621369e+01  1.516200e+00
   endloop
 endfacet
 facet normal -1.305262e-01 -9.914449e-01  0.000000e+00
   outer loop
     vertex  1.640000e+02 -9.614000e+01  0.000000e+00
     vertex  1.641424e+02 -9.615874e+01  1.516200e+00
     vertex  1.640000e+02 -9.614000e+01  1.516200e+00
   endloop
 endfacet
 facet normal -1.305262e-01 -9.914449e-01  0.000000e+00
   outer loop
     vertex  1.640000e+02 -9.614000e+01  0.000000e+00
     vertex  1.641424e+02 -9.615874e+01  0.000000e+00
     vertex  1.641424e+02 -9.615874e+01  1.516200e+00
   endloop
 endfacet
 facet normal  1.305262e-01 -9.914449e-01  0.000000e+00
   outer loop
     vertex  1.638576e+02 -9.615874e+01  0.000000e+00
     vertex  1.640000e+02 -9.614000e+01  1.516200e+00
     vertex  1.638576e+02 -9.615874e+01  1.516200e+00
   endloop
 endfacet
 facet normal  1.305262e-01 -9.914449e-01  0.000000e+00
   outer loop
     vertex  1.638576e+02 -9.615874e+01  0.000000e+00
     vertex  1.640000e+02 -9.614000e+01  0.000000e+00
     vertex  1.640000e+02 -9.614000e+01  1.516200e+00
   endloop
 endfacet
 facet normal  3.826834e-01 -9.238795e-01  0.000000e+00
   outer loop
     vertex  1.637250e+02 -9.621369e+01  0.000000e+00
     vertex  1.638576e+02 -9.615874e+01  0.000000e+00
     vertex  1.638576e+02 -9.615874e+01  1.516200e+00
   endloop
 endfacet
 facet normal  3.826834e-01 -9.238795e-01  0.000000e+00
   outer loop
     vertex  1.637250e+02 -9.621369e+01  0.000000e+00
     vertex  1.638576e+02 -9.615874e+01  1.516200e+00
     vertex  1.637250e+02 -9.621369e+01  1.516200e+00
   endloop
 endfacet
 facet normal  6.087614e-01 -7.933533e-01  0.000000e+00
   outer loop
     vertex  1.636111e+02 -9.630109e+01  0.000000e+00
     vertex  1.637250e+02 -9.621369e+01  0.000000e+00
     vertex  1.637250e+02 -9.621369e+01  1.516200e+00
   endloop
 endfacet
 facet normal  7.933533e-01 -6.087614e-01  0.000000e+00
   outer loop
     vertex  1.636111e+02 -9.630109e+01  0.000000e+00
     vertex  1.636111e+02 -9.630109e+01  1.516200e+00
     vertex  1.635237e+02 -9.641500e+01  1.516200e+00
   endloop
 endfacet
 facet normal  6.087614e-01 -7.933533e-01  0.000000e+00
   outer loop
     vertex  1.636111e+02 -9.630109e+01  0.000000e+00
     vertex  1.637250e+02 -9.621369e+01  1.516200e+00
     vertex  1.636111e+02 -9.630109e+01  1.516200e+00
   endloop
 endfacet
 facet normal  7.933533e-01 -6.087614e-01  0.000000e+00
   outer loop
     vertex  1.635237e+02 -9.641500e+01  0.000000e+00
     vertex  1.636111e+02 -9.630109e+01  0.000000e+00
     vertex  1.635237e+02 -9.641500e+01  1.516200e+00
   endloop
 endfacet
 facet normal  9.238795e-01 -3.826834e-01  0.000000e+00
   outer loop
     vertex  1.635237e+02 -9.641500e+01  0.000000e+00
     vertex  1.635237e+02 -9.641500e+01  1.516200e+00
     vertex  1.634687e+02 -9.654765e+01  1.516200e+00
   endloop
 endfacet
 facet normal  9.238795e-01 -3.826834e-01  0.000000e+00
   outer loop
     vertex  1.634687e+02 -9.654765e+01  0.000000e+00
     vertex  1.635237e+02 -9.641500e+01  0.000000e+00
     vertex  1.634687e+02 -9.654765e+01  1.516200e+00
   endloop
 endfacet
 facet normal  9.914449e-01 -1.305262e-01  0.000000e+00
   outer loop
     vertex  1.634500e+02 -9.669000e+01  0.000000e+00
     vertex  1.634687e+02 -9.654765e+01  0.000000e+00
     vertex  1.634687e+02 -9.654765e+01  1.516200e+00
   endloop
 endfacet
 facet normal  9.914449e-01 -1.305262e-01  0.000000e+00
   outer loop
     vertex  1.634500e+02 -9.669000e+01  0.000000e+00
     vertex  1.634687e+02 -9.654765e+01  1.516200e+00
     vertex  1.634500e+02 -9.669000e+01  1.516200e+00
   endloop
 endfacet
 facet normal  9.914449e-01  1.305262e-01 -0.000000e+00
   outer loop
     vertex  1.634687e+02 -9.683235e+01  0.000000e+00
     vertex  1.634500e+02 -9.669000e+01  1.516200e+00
     vertex  1.634687e+02 -9.683235e+01  1.516200e+00
   endloop
 endfacet
 facet normal  9.914449e-01  1.305262e-01  0.000000e+00
   outer loop
     vertex  1.634687e+02 -9.683235e+01  0.000000e+00
     vertex  1.634500e+02 -9.669000e+01  0.000000e+00
     vertex  1.634500e+02 -9.669000e+01  1.516200e+00
   endloop
 endfacet
 facet normal  7.933533e-01  6.087614e-01 -0.000000e+00
   outer loop
     vertex  1.635237e+02 -9.696500e+01  0.000000e+00
     vertex  1.635237e+02 -9.696500e+01  1.516200e+00
     vertex  1.636111e+02 -9.707891e+01  1.516200e+00
   endloop
 endfacet
 facet normal  9.238795e-01  3.826834e-01 -0.000000e+00
   outer loop
     vertex  1.635237e+02 -9.696500e+01  0.000000e+00
     vertex  1.634687e+02 -9.683235e+01  1.516200e+00
     vertex  1.635237e+02 -9.696500e+01  1.516200e+00
   endloop
 endfacet
 facet normal  9.238795e-01  3.826834e-01  0.000000e+00
   outer loop
     vertex  1.635237e+02 -9.696500e+01  0.000000e+00
     vertex  1.634687e+02 -9.683235e+01  0.000000e+00
     vertex  1.634687e+02 -9.683235e+01  1.516200e+00
   endloop
 endfacet
 facet normal  7.933533e-01  6.087614e-01 -0.000000e+00
   outer loop
     vertex  1.636111e+02 -9.707891e+01  0.000000e+00
     vertex  1.635237e+02 -9.696500e+01  0.000000e+00
     vertex  1.636111e+02 -9.707891e+01  1.516200e+00
   endloop
 endfacet
 facet normal  3.826834e-01  9.238795e-01 -0.000000e+00
   outer loop
     vertex  1.637250e+02 -9.716631e+01  0.000000e+00
     vertex  1.637250e+02 -9.716631e+01  1.516200e+00
     vertex  1.638576e+02 -9.722126e+01  1.516200e+00
   endloop
 endfacet
 facet normal  6.087614e-01  7.933533e-01 -0.000000e+00
   outer loop
     vertex  1.637250e+02 -9.716631e+01  0.000000e+00
     vertex  1.636111e+02 -9.707891e+01  1.516200e+00
     vertex  1.637250e+02 -9.716631e+01  1.516200e+00
   endloop
 endfacet
 facet normal  6.087614e-01  7.933533e-01  0.000000e+00
   outer loop
     vertex  1.637250e+02 -9.716631e+01  0.000000e+00
     vertex  1.636111e+02 -9.707891e+01  0.000000e+00
     vertex  1.636111e+02 -9.707891e+01  1.516200e+00
   endloop
 endfacet
 facet normal  1.305262e-01  9.914449e-01 -0.000000e+00
   outer loop
     vertex  1.638576e+02 -9.722126e+01  0.000000e+00
     vertex  1.638576e+02 -9.722126e+01  1.516200e+00
     vertex  1.640000e+02 -9.724000e+01  1.516200e+00
   endloop
 endfacet
 facet normal  3.826834e-01  9.238795e-01 -0.000000e+00
   outer loop
     vertex  1.638576e+02 -9.722126e+01  0.000000e+00
     vertex  1.637250e+02 -9.716631e+01  0.000000e+00
     vertex  1.638576e+02 -9.722126e+01  1.516200e+00
   endloop
 endfacet
 facet normal  1.305262e-01  9.914449e-01 -0.000000e+00
   outer loop
     vertex  1.640000e+02 -9.724000e+01  0.000000e+00
     vertex  1.638576e+02 -9.722126e+01  0.000000e+00
     vertex  1.640000e+02 -9.724000e+01  1.516200e+00
   endloop
 endfacet
 facet normal -1.305262e-01  9.914449e-01  0.000000e+00
   outer loop
     vertex  1.641424e+02 -9.341126e+01  0.000000e+00
     vertex  1.640000e+02 -9.343000e+01  0.000000e+00
     vertex  1.640000e+02 -9.343000e+01  1.516200e+00
   endloop
 endfacet
 facet normal -1.305262e-01  9.914449e-01  0.000000e+00
   outer loop
     vertex  1.641424e+02 -9.341126e+01  0.000000e+00
     vertex  1.640000e+02 -9.343000e+01  1.516200e+00
     vertex  1.641424e+02 -9.341126e+01  1.516200e+00
   endloop
 endfacet
 facet normal -3.826834e-01  9.238795e-01  0.000000e+00
   outer loop
     vertex  1.642750e+02 -9.335631e+01  0.000000e+00
     vertex  1.641424e+02 -9.341126e+01  1.516200e+00
     vertex  1.642750e+02 -9.335631e+01  1.516200e+00
   endloop
 endfacet
 facet normal -3.826834e-01  9.238795e-01  0.000000e+00
   outer loop
     vertex  1.642750e+02 -9.335631e+01  0.000000e+00
     vertex  1.641424e+02 -9.341126e+01  0.000000e+00
     vertex  1.641424e+02 -9.341126e+01  1.516200e+00
   endloop
 endfacet
 facet normal -6.087614e-01  7.933533e-01  0.000000e+00
   outer loop
     vertex  1.643889e+02 -9.326891e+01  0.000000e+00
     vertex  1.642750e+02 -9.335631e+01  1.516200e+00
     vertex  1.643889e+02 -9.326891e+01  1.516200e+00
   endloop
 endfacet
 facet normal -6.087614e-01  7.933533e-01  0.000000e+00
   outer loop
     vertex  1.643889e+02 -9.326891e+01  0.000000e+00
     vertex  1.642750e+02 -9.335631e+01  0.000000e+00
     vertex  1.642750e+02 -9.335631e+01  1.516200e+00
   endloop
 endfacet
 facet normal -7.933533e-01  6.087614e-01  0.000000e+00
   outer loop
     vertex  1.644763e+02 -9.315500e+01  0.000000e+00
     vertex  1.643889e+02 -9.326891e+01  1.516200e+00
     vertex  1.644763e+02 -9.315500e+01  1.516200e+00
   endloop
 endfacet
 facet normal -7.933533e-01  6.087614e-01  0.000000e+00
   outer loop
     vertex  1.644763e+02 -9.315500e+01  0.000000e+00
     vertex  1.643889e+02 -9.326891e+01  0.000000e+00
     vertex  1.643889e+02 -9.326891e+01  1.516200e+00
   endloop
 endfacet
 facet normal -9.238795e-01  3.826834e-01  0.000000e+00
   outer loop
     vertex  1.645313e+02 -9.302235e+01  0.000000e+00
     vertex  1.644763e+02 -9.315500e+01  1.516200e+00
     vertex  1.645313e+02 -9.302235e+01  1.516200e+00
   endloop
 endfacet
 facet normal -9.238795e-01  3.826834e-01  0.000000e+00
   outer loop
     vertex  1.645313e+02 -9.302235e+01  0.000000e+00
     vertex  1.644763e+02 -9.315500e+01  0.000000e+00
     vertex  1.644763e+02 -9.315500e+01  1.516200e+00
   endloop
 endfacet
 facet normal -9.914449e-01  1.305262e-01  0.000000e+00
   outer loop
     vertex  1.645500e+02 -9.288000e+01  0.000000e+00
     vertex  1.645313e+02 -9.302235e+01  1.516200e+00
     vertex  1.645500e+02 -9.288000e+01  1.516200e+00
   endloop
 endfacet
 facet normal -9.914449e-01  1.305262e-01  0.000000e+00
   outer loop
     vertex  1.645500e+02 -9.288000e+01  0.000000e+00
     vertex  1.645313e+02 -9.302235e+01  0.000000e+00
     vertex  1.645313e+02 -9.302235e+01  1.516200e+00
   endloop
 endfacet
 facet normal -9.914449e-01 -1.305262e-01  0.000000e+00
   outer loop
     vertex  1.645313e+02 -9.273765e+01  0.000000e+00
     vertex  1.645500e+02 -9.288000e+01  1.516200e+00
     vertex  1.645313e+02 -9.273765e+01  1.516200e+00
   endloop
 endfacet
 facet normal -9.914449e-01 -1.305262e-01  0.000000e+00
   outer loop
     vertex  1.645313e+02 -9.273765e+01  0.000000e+00
     vertex  1.645500e+02 -9.288000e+01  0.000000e+00
     vertex  1.645500e+02 -9.288000e+01  1.516200e+00
   endloop
 endfacet
 facet normal -9.238795e-01 -3.826834e-01  0.000000e+00
   outer loop
     vertex  1.644763e+02 -9.260500e+01  0.000000e+00
     vertex  1.645313e+02 -9.273765e+01  1.516200e+00
     vertex  1.644763e+02 -9.260500e+01  1.516200e+00
   endloop
 endfacet
 facet normal -9.238795e-01 -3.826834e-01  0.000000e+00
   outer loop
     vertex  1.644763e+02 -9.260500e+01  0.000000e+00
     vertex  1.645313e+02 -9.273765e+01  0.000000e+00
     vertex  1.645313e+02 -9.273765e+01  1.516200e+00
   endloop
 endfacet
 facet normal -7.933533e-01 -6.087614e-01  0.000000e+00
   outer loop
     vertex  1.643889e+02 -9.249109e+01  0.000000e+00
     vertex  1.644763e+02 -9.260500e+01  1.516200e+00
     vertex  1.643889e+02 -9.249109e+01  1.516200e+00
   endloop
 endfacet
 facet normal -7.933533e-01 -6.087614e-01  0.000000e+00
   outer loop
     vertex  1.643889e+02 -9.249109e+01  0.000000e+00
     vertex  1.644763e+02 -9.260500e+01  0.000000e+00
     vertex  1.644763e+02 -9.260500e+01  1.516200e+00
   endloop
 endfacet
 facet normal -6.087614e-01 -7.933533e-01  0.000000e+00
   outer loop
     vertex  1.642750e+02 -9.240369e+01  0.000000e+00
     vertex  1.643889e+02 -9.249109e+01  1.516200e+00
     vertex  1.642750e+02 -9.240369e+01  1.516200e+00
   endloop
 endfacet
 facet normal -6.087614e-01 -7.933533e-01  0.000000e+00
   outer loop
     vertex  1.642750e+02 -9.240369e+01  0.000000e+00
     vertex  1.643889e+02 -9.249109e+01  0.000000e+00
     vertex  1.643889e+02 -9.249109e+01  1.516200e+00
   endloop
 endfacet
 facet normal -3.826834e-01 -9.238795e-01  0.000000e+00
   outer loop
     vertex  1.641424e+02 -9.234874e+01  0.000000e+00
     vertex  1.642750e+02 -9.240369e+01  1.516200e+00
     vertex  1.641424e+02 -9.234874e+01  1.516200e+00
   endloop
 endfacet
 facet normal -3.826834e-01 -9.238795e-01  0.000000e+00
   outer loop
     vertex  1.641424e+02 -9.234874e+01  0.000000e+00
     vertex  1.642750e+02 -9.240369e+01  0.000000e+00
     vertex  1.642750e+02 -9.240369e+01  1.516200e+00
   endloop
 endfacet
 facet normal -1.305262e-01 -9.914449e-01  0.000000e+00
   outer loop
     vertex  1.640000e+02 -9.233000e+01  0.000000e+00
     vertex  1.641424e+02 -9.234874e+01  1.516200e+00
     vertex  1.640000e+02 -9.233000e+01  1.516200e+00
   endloop
 endfacet
 facet normal -1.305262e-01 -9.914449e-01  0.000000e+00
   outer loop
     vertex  1.640000e+02 -9.233000e+01  0.000000e+00
     vertex  1.641424e+02 -9.234874e+01  0.000000e+00
     vertex  1.641424e+02 -9.234874e+01  1.516200e+00
   endloop
 endfacet
 facet normal  1.305262e-01 -9.914449e-01  0.000000e+00
   outer loop
     vertex  1.638576e+02 -9.234874e+01  0.000000e+00
     vertex  1.640000e+02 -9.233000e+01  1.516200e+00
     vertex  1.638576e+02 -9.234874e+01  1.516200e+00
   endloop
 endfacet
 facet normal  1.305262e-01 -9.914449e-01  0.000000e+00
   outer loop
     vertex  1.638576e+02 -9.234874e+01  0.000000e+00
     vertex  1.640000e+02 -9.233000e+01  0.000000e+00
     vertex  1.640000e+02 -9.233000e+01  1.516200e+00
   endloop
 endfacet
 facet normal  3.826834e-01 -9.238795e-01  0.000000e+00
   outer loop
     vertex  1.637250e+02 -9.240369e+01  0.000000e+00
     vertex  1.638576e+02 -9.234874e+01  0.000000e+00
     vertex  1.638576e+02 -9.234874e+01  1.516200e+00
   endloop
 endfacet
 facet normal  3.826834e-01 -9.238795e-01  0.000000e+00
   outer loop
     vertex  1.637250e+02 -9.240369e+01  0.000000e+00
     vertex  1.638576e+02 -9.234874e+01  1.516200e+00
     vertex  1.637250e+02 -9.240369e+01  1.516200e+00
   endloop
 endfacet
 facet normal  6.087614e-01 -7.933533e-01  0.000000e+00
   outer loop
     vertex  1.636111e+02 -9.249109e+01  0.000000e+00
     vertex  1.637250e+02 -9.240369e+01  0.000000e+00
     vertex  1.637250e+02 -9.240369e+01  1.516200e+00
   endloop
 endfacet
 facet normal  7.933533e-01 -6.087614e-01  0.000000e+00
   outer loop
     vertex  1.636111e+02 -9.249109e+01  0.000000e+00
     vertex  1.636111e+02 -9.249109e+01  1.516200e+00
     vertex  1.635237e+02 -9.260500e+01  1.516200e+00
   endloop
 endfacet
 facet normal  6.087614e-01 -7.933533e-01  0.000000e+00
   outer loop
     vertex  1.636111e+02 -9.249109e+01  0.000000e+00
     vertex  1.637250e+02 -9.240369e+01  1.516200e+00
     vertex  1.636111e+02 -9.249109e+01  1.516200e+00
   endloop
 endfacet
 facet normal  7.933533e-01 -6.087614e-01  0.000000e+00
   outer loop
     vertex  1.635237e+02 -9.260500e+01  0.000000e+00
     vertex  1.636111e+02 -9.249109e+01  0.000000e+00
     vertex  1.635237e+02 -9.260500e+01  1.516200e+00
   endloop
 endfacet
 facet normal  9.238795e-01 -3.826834e-01  0.000000e+00
   outer loop
     vertex  1.635237e+02 -9.260500e+01  0.000000e+00
     vertex  1.635237e+02 -9.260500e+01  1.516200e+00
     vertex  1.634687e+02 -9.273765e+01  1.516200e+00
   endloop
 endfacet
 facet normal  9.238795e-01 -3.826834e-01  0.000000e+00
   outer loop
     vertex  1.634687e+02 -9.273765e+01  0.000000e+00
     vertex  1.635237e+02 -9.260500e+01  0.000000e+00
     vertex  1.634687e+02 -9.273765e+01  1.516200e+00
   endloop
 endfacet
 facet normal  9.914449e-01 -1.305262e-01  0.000000e+00
   outer loop
     vertex  1.634500e+02 -9.288000e+01  0.000000e+00
     vertex  1.634687e+02 -9.273765e+01  0.000000e+00
     vertex  1.634687e+02 -9.273765e+01  1.516200e+00
   endloop
 endfacet
 facet normal  9.914449e-01 -1.305262e-01  0.000000e+00
   outer loop
     vertex  1.634500e+02 -9.288000e+01  0.000000e+00
     vertex  1.634687e+02 -9.273765e+01  1.516200e+00
     vertex  1.634500e+02 -9.288000e+01  1.516200e+00
   endloop
 endfacet
 facet normal  9.914449e-01  1.305262e-01 -0.000000e+00
   outer loop
     vertex  1.634687e+02 -9.302235e+01  0.000000e+00
     vertex  1.634500e+02 -9.288000e+01  1.516200e+00
     vertex  1.634687e+02 -9.302235e+01  1.516200e+00
   endloop
 endfacet
 facet normal  9.914449e-01  1.305262e-01  0.000000e+00
   outer loop
     vertex  1.634687e+02 -9.302235e+01  0.000000e+00
     vertex  1.634500e+02 -9.288000e+01  0.000000e+00
     vertex  1.634500e+02 -9.288000e+01  1.516200e+00
   endloop
 endfacet
 facet normal  7.933533e-01  6.087614e-01 -0.000000e+00
   outer loop
     vertex  1.635237e+02 -9.315500e+01  0.000000e+00
     vertex  1.635237e+02 -9.315500e+01  1.516200e+00
     vertex  1.636111e+02 -9.326891e+01  1.516200e+00
   endloop
 endfacet
 facet normal  9.238795e-01  3.826834e-01 -0.000000e+00
   outer loop
     vertex  1.635237e+02 -9.315500e+01  0.000000e+00
     vertex  1.634687e+02 -9.302235e+01  1.516200e+00
     vertex  1.635237e+02 -9.315500e+01  1.516200e+00
   endloop
 endfacet
 facet normal  9.238795e-01  3.826834e-01  0.000000e+00
   outer loop
     vertex  1.635237e+02 -9.315500e+01  0.000000e+00
     vertex  1.634687e+02 -9.302235e+01  0.000000e+00
     vertex  1.634687e+02 -9.302235e+01  1.516200e+00
   endloop
 endfacet
 facet normal  7.933533e-01  6.087614e-01 -0.000000e+00
   outer loop
     vertex  1.636111e+02 -9.326891e+01  0.000000e+00
     vertex  1.635237e+02 -9.315500e+01  0.000000e+00
     vertex  1.636111e+02 -9.326891e+01  1.516200e+00
   endloop
 endfacet
 facet normal  3.826834e-01  9.238795e-01 -0.000000e+00
   outer loop
     vertex  1.637250e+02 -9.335631e+01  0.000000e+00
     vertex  1.637250e+02 -9.335631e+01  1.516200e+00
     vertex  1.638576e+02 -9.341126e+01  1.516200e+00
   endloop
 endfacet
 facet normal  6.087614e-01  7.933533e-01 -0.000000e+00
   outer loop
     vertex  1.637250e+02 -9.335631e+01  0.000000e+00
     vertex  1.636111e+02 -9.326891e+01  1.516200e+00
     vertex  1.637250e+02 -9.335631e+01  1.516200e+00
   endloop
 endfacet
 facet normal  6.087614e-01  7.933533e-01  0.000000e+00
   outer loop
     vertex  1.637250e+02 -9.335631e+01  0.000000e+00
     vertex  1.636111e+02 -9.326891e+01  0.000000e+00
     vertex  1.636111e+02 -9.326891e+01  1.516200e+00
   endloop
 endfacet
 facet normal  1.305262e-01  9.914449e-01 -0.000000e+00
   outer loop
     vertex  1.638576e+02 -9.341126e+01  0.000000e+00
     vertex  1.638576e+02 -9.341126e+01  1.516200e+00
     vertex  1.640000e+02 -9.343000e+01  1.516200e+00
   endloop
 endfacet
 facet normal  3.826834e-01  9.238795e-01 -0.000000e+00
   outer loop
     vertex  1.638576e+02 -9.341126e+01  0.000000e+00
     vertex  1.637250e+02 -9.335631e+01  0.000000e+00
     vertex  1.638576e+02 -9.341126e+01  1.516200e+00
   endloop
 endfacet
 facet normal  1.305262e-01  9.914449e-01 -0.000000e+00
   outer loop
     vertex  1.640000e+02 -9.343000e+01  0.000000e+00
     vertex  1.638576e+02 -9.341126e+01  0.000000e+00
     vertex  1.640000e+02 -9.343000e+01  1.516200e+00
   endloop
 endfacet
 facet normal -1.305262e-01  9.914449e-01  0.000000e+00
   outer loop
     vertex  1.641424e+02 -8.960126e+01  0.000000e+00
     vertex  1.640000e+02 -8.962000e+01  0.000000e+00
     vertex  1.640000e+02 -8.962000e+01  1.516200e+00
   endloop
 endfacet
 facet normal -1.305262e-01  9.914449e-01  0.000000e+00
   outer loop
     vertex  1.641424e+02 -8.960126e+01  0.000000e+00
     vertex  1.640000e+02 -8.962000e+01  1.516200e+00
     vertex  1.641424e+02 -8.960126e+01  1.516200e+00
   endloop
 endfacet
 facet normal -3.826834e-01  9.238795e-01  0.000000e+00
   outer loop
     vertex  1.642750e+02 -8.954631e+01  0.000000e+00
     vertex  1.641424e+02 -8.960126e+01  1.516200e+00
     vertex  1.642750e+02 -8.954631e+01  1.516200e+00
   endloop
 endfacet
 facet normal -3.826834e-01  9.238795e-01  0.000000e+00
   outer loop
     vertex  1.642750e+02 -8.954631e+01  0.000000e+00
     vertex  1.641424e+02 -8.960126e+01  0.000000e+00
     vertex  1.641424e+02 -8.960126e+01  1.516200e+00
   endloop
 endfacet
 facet normal -6.087614e-01  7.933533e-01  0.000000e+00
   outer loop
     vertex  1.643889e+02 -8.945891e+01  0.000000e+00
     vertex  1.642750e+02 -8.954631e+01  1.516200e+00
     vertex  1.643889e+02 -8.945891e+01  1.516200e+00
   endloop
 endfacet
 facet normal -6.087614e-01  7.933533e-01  0.000000e+00
   outer loop
     vertex  1.643889e+02 -8.945891e+01  0.000000e+00
     vertex  1.642750e+02 -8.954631e+01  0.000000e+00
     vertex  1.642750e+02 -8.954631e+01  1.516200e+00
   endloop
 endfacet
 facet normal -7.933533e-01  6.087614e-01  0.000000e+00
   outer loop
     vertex  1.644763e+02 -8.934500e+01  0.000000e+00
     vertex  1.643889e+02 -8.945891e+01  1.516200e+00
     vertex  1.644763e+02 -8.934500e+01  1.516200e+00
   endloop
 endfacet
 facet normal -7.933533e-01  6.087614e-01  0.000000e+00
   outer loop
     vertex  1.644763e+02 -8.934500e+01  0.000000e+00
     vertex  1.643889e+02 -8.945891e+01  0.000000e+00
     vertex  1.643889e+02 -8.945891e+01  1.516200e+00
   endloop
 endfacet
 facet normal -9.238795e-01  3.826834e-01  0.000000e+00
   outer loop
     vertex  1.645313e+02 -8.921235e+01  0.000000e+00
     vertex  1.644763e+02 -8.934500e+01  1.516200e+00
     vertex  1.645313e+02 -8.921235e+01  1.516200e+00
   endloop
 endfacet
 facet normal -9.238795e-01  3.826834e-01  0.000000e+00
   outer loop
     vertex  1.645313e+02 -8.921235e+01  0.000000e+00
     vertex  1.644763e+02 -8.934500e+01  0.000000e+00
     vertex  1.644763e+02 -8.934500e+01  1.516200e+00
   endloop
 endfacet
 facet normal -9.914449e-01  1.305262e-01  0.000000e+00
   outer loop
     vertex  1.645500e+02 -8.907000e+01  0.000000e+00
     vertex  1.645313e+02 -8.921235e+01  1.516200e+00
     vertex  1.645500e+02 -8.907000e+01  1.516200e+00
   endloop
 endfacet
 facet normal -9.914449e-01  1.305262e-01  0.000000e+00
   outer loop
     vertex  1.645500e+02 -8.907000e+01  0.000000e+00
     vertex  1.645313e+02 -8.921235e+01  0.000000e+00
     vertex  1.645313e+02 -8.921235e+01  1.516200e+00
   endloop
 endfacet
 facet normal -9.914449e-01 -1.305262e-01  0.000000e+00
   outer loop
     vertex  1.645313e+02 -8.892765e+01  0.000000e+00
     vertex  1.645500e+02 -8.907000e+01  1.516200e+00
     vertex  1.645313e+02 -8.892765e+01  1.516200e+00
   endloop
 endfacet
 facet normal -9.914449e-01 -1.305262e-01  0.000000e+00
   outer loop
     vertex  1.645313e+02 -8.892765e+01  0.000000e+00
     vertex  1.645500e+02 -8.907000e+01  0.000000e+00
     vertex  1.645500e+02 -8.907000e+01  1.516200e+00
   endloop
 endfacet
 facet normal -9.238795e-01 -3.826834e-01  0.000000e+00
   outer loop
     vertex  1.644763e+02 -8.879500e+01  0.000000e+00
     vertex  1.645313e+02 -8.892765e+01  1.516200e+00
     vertex  1.644763e+02 -8.879500e+01  1.516200e+00
   endloop
 endfacet
 facet normal -9.238795e-01 -3.826834e-01  0.000000e+00
   outer loop
     vertex  1.644763e+02 -8.879500e+01  0.000000e+00
     vertex  1.645313e+02 -8.892765e+01  0.000000e+00
     vertex  1.645313e+02 -8.892765e+01  1.516200e+00
   endloop
 endfacet
 facet normal -7.933533e-01 -6.087614e-01  0.000000e+00
   outer loop
     vertex  1.643889e+02 -8.868109e+01  0.000000e+00
     vertex  1.644763e+02 -8.879500e+01  1.516200e+00
     vertex  1.643889e+02 -8.868109e+01  1.516200e+00
   endloop
 endfacet
 facet normal -7.933533e-01 -6.087614e-01  0.000000e+00
   outer loop
     vertex  1.643889e+02 -8.868109e+01  0.000000e+00
     vertex  1.644763e+02 -8.879500e+01  0.000000e+00
     vertex  1.644763e+02 -8.879500e+01  1.516200e+00
   endloop
 endfacet
 facet normal -6.087614e-01 -7.933533e-01  0.000000e+00
   outer loop
     vertex  1.642750e+02 -8.859369e+01  0.000000e+00
     vertex  1.643889e+02 -8.868109e+01  1.516200e+00
     vertex  1.642750e+02 -8.859369e+01  1.516200e+00
   endloop
 endfacet
 facet normal -6.087614e-01 -7.933533e-01  0.000000e+00
   outer loop
     vertex  1.642750e+02 -8.859369e+01  0.000000e+00
     vertex  1.643889e+02 -8.868109e+01  0.000000e+00
     vertex  1.643889e+02 -8.868109e+01  1.516200e+00
   endloop
 endfacet
 facet normal -3.826834e-01 -9.238795e-01  0.000000e+00
   outer loop
     vertex  1.641424e+02 -8.853874e+01  0.000000e+00
     vertex  1.642750e+02 -8.859369e+01  1.516200e+00
     vertex  1.641424e+02 -8.853874e+01  1.516200e+00
   endloop
 endfacet
 facet normal -3.826834e-01 -9.238795e-01  0.000000e+00
   outer loop
     vertex  1.641424e+02 -8.853874e+01  0.000000e+00
     vertex  1.642750e+02 -8.859369e+01  0.000000e+00
     vertex  1.642750e+02 -8.859369e+01  1.516200e+00
   endloop
 endfacet
 facet normal -1.305262e-01 -9.914449e-01  0.000000e+00
   outer loop
     vertex  1.640000e+02 -8.852000e+01  0.000000e+00
     vertex  1.641424e+02 -8.853874e+01  1.516200e+00
     vertex  1.640000e+02 -8.852000e+01  1.516200e+00
   endloop
 endfacet
 facet normal -1.305262e-01 -9.914449e-01  0.000000e+00
   outer loop
     vertex  1.640000e+02 -8.852000e+01  0.000000e+00
     vertex  1.641424e+02 -8.853874e+01  0.000000e+00
     vertex  1.641424e+02 -8.853874e+01  1.516200e+00
   endloop
 endfacet
 facet normal  1.305262e-01 -9.914449e-01  0.000000e+00
   outer loop
     vertex  1.638576e+02 -8.853874e+01  0.000000e+00
     vertex  1.640000e+02 -8.852000e+01  1.516200e+00
     vertex  1.638576e+02 -8.853874e+01  1.516200e+00
   endloop
 endfacet
 facet normal  1.305262e-01 -9.914449e-01  0.000000e+00
   outer loop
     vertex  1.638576e+02 -8.853874e+01  0.000000e+00
     vertex  1.640000e+02 -8.852000e+01  0.000000e+00
     vertex  1.640000e+02 -8.852000e+01  1.516200e+00
   endloop
 endfacet
 facet normal  3.826834e-01 -9.238795e-01  0.000000e+00
   outer loop
     vertex  1.637250e+02 -8.859369e+01  0.000000e+00
     vertex  1.638576e+02 -8.853874e+01  0.000000e+00
     vertex  1.638576e+02 -8.853874e+01  1.516200e+00
   endloop
 endfacet
 facet normal  3.826834e-01 -9.238795e-01  0.000000e+00
   outer loop
     vertex  1.637250e+02 -8.859369e+01  0.000000e+00
     vertex  1.638576e+02 -8.853874e+01  1.516200e+00
     vertex  1.637250e+02 -8.859369e+01  1.516200e+00
   endloop
 endfacet
 facet normal  6.087614e-01 -7.933533e-01  0.000000e+00
   outer loop
     vertex  1.636111e+02 -8.868109e+01  0.000000e+00
     vertex  1.637250e+02 -8.859369e+01  0.000000e+00
     vertex  1.637250e+02 -8.859369e+01  1.516200e+00
   endloop
 endfacet
 facet normal  7.933533e-01 -6.087614e-01  0.000000e+00
   outer loop
     vertex  1.636111e+02 -8.868109e+01  0.000000e+00
     vertex  1.636111e+02 -8.868109e+01  1.516200e+00
     vertex  1.635237e+02 -8.879500e+01  1.516200e+00
   endloop
 endfacet
 facet normal  6.087614e-01 -7.933533e-01  0.000000e+00
   outer loop
     vertex  1.636111e+02 -8.868109e+01  0.000000e+00
     vertex  1.637250e+02 -8.859369e+01  1.516200e+00
     vertex  1.636111e+02 -8.868109e+01  1.516200e+00
   endloop
 endfacet
 facet normal  7.933533e-01 -6.087614e-01  0.000000e+00
   outer loop
     vertex  1.635237e+02 -8.879500e+01  0.000000e+00
     vertex  1.636111e+02 -8.868109e+01  0.000000e+00
     vertex  1.635237e+02 -8.879500e+01  1.516200e+00
   endloop
 endfacet
 facet normal  9.238795e-01 -3.826834e-01  0.000000e+00
   outer loop
     vertex  1.635237e+02 -8.879500e+01  0.000000e+00
     vertex  1.635237e+02 -8.879500e+01  1.516200e+00
     vertex  1.634687e+02 -8.892765e+01  1.516200e+00
   endloop
 endfacet
 facet normal  9.238795e-01 -3.826834e-01  0.000000e+00
   outer loop
     vertex  1.634687e+02 -8.892765e+01  0.000000e+00
     vertex  1.635237e+02 -8.879500e+01  0.000000e+00
     vertex  1.634687e+02 -8.892765e+01  1.516200e+00
   endloop
 endfacet
 facet normal  9.914449e-01 -1.305262e-01  0.000000e+00
   outer loop
     vertex  1.634500e+02 -8.907000e+01  0.000000e+00
     vertex  1.634687e+02 -8.892765e+01  0.000000e+00
     vertex  1.634687e+02 -8.892765e+01  1.516200e+00
   endloop
 endfacet
 facet normal  9.914449e-01 -1.305262e-01  0.000000e+00
   outer loop
     vertex  1.634500e+02 -8.907000e+01  0.000000e+00
     vertex  1.634687e+02 -8.892765e+01  1.516200e+00
     vertex  1.634500e+02 -8.907000e+01  1.516200e+00
   endloop
 endfacet
 facet normal  9.914449e-01  1.305262e-01 -0.000000e+00
   outer loop
     vertex  1.634687e+02 -8.921235e+01  0.000000e+00
     vertex  1.634500e+02 -8.907000e+01  1.516200e+00
     vertex  1.634687e+02 -8.921235e+01  1.516200e+00
   endloop
 endfacet
 facet normal  9.914449e-01  1.305262e-01  0.000000e+00
   outer loop
     vertex  1.634687e+02 -8.921235e+01  0.000000e+00
     vertex  1.634500e+02 -8.907000e+01  0.000000e+00
     vertex  1.634500e+02 -8.907000e+01  1.516200e+00
   endloop
 endfacet
 facet normal  7.933533e-01  6.087614e-01 -0.000000e+00
   outer loop
     vertex  1.635237e+02 -8.934500e+01  0.000000e+00
     vertex  1.635237e+02 -8.934500e+01  1.516200e+00
     vertex  1.636111e+02 -8.945891e+01  1.516200e+00
   endloop
 endfacet
 facet normal  9.238795e-01  3.826834e-01 -0.000000e+00
   outer loop
     vertex  1.635237e+02 -8.934500e+01  0.000000e+00
     vertex  1.634687e+02 -8.921235e+01  1.516200e+00
     vertex  1.635237e+02 -8.934500e+01  1.516200e+00
   endloop
 endfacet
 facet normal  9.238795e-01  3.826834e-01  0.000000e+00
   outer loop
     vertex  1.635237e+02 -8.934500e+01  0.000000e+00
     vertex  1.634687e+02 -8.921235e+01  0.000000e+00
     vertex  1.634687e+02 -8.921235e+01  1.516200e+00
   endloop
 endfacet
 facet normal  7.933533e-01  6.087614e-01 -0.000000e+00
   outer loop
     vertex  1.636111e+02 -8.945891e+01  0.000000e+00
     vertex  1.635237e+02 -8.934500e+01  0.000000e+00
     vertex  1.636111e+02 -8.945891e+01  1.516200e+00
   endloop
 endfacet
 facet normal  3.826834e-01  9.238795e-01 -0.000000e+00
   outer loop
     vertex  1.637250e+02 -8.954631e+01  0.000000e+00
     vertex  1.637250e+02 -8.954631e+01  1.516200e+00
     vertex  1.638576e+02 -8.960126e+01  1.516200e+00
   endloop
 endfacet
 facet normal  6.087614e-01  7.933533e-01 -0.000000e+00
   outer loop
     vertex  1.637250e+02 -8.954631e+01  0.000000e+00
     vertex  1.636111e+02 -8.945891e+01  1.516200e+00
     vertex  1.637250e+02 -8.954631e+01  1.516200e+00
   endloop
 endfacet
 facet normal  6.087614e-01  7.933533e-01  0.000000e+00
   outer loop
     vertex  1.637250e+02 -8.954631e+01  0.000000e+00
     vertex  1.636111e+02 -8.945891e+01  0.000000e+00
     vertex  1.636111e+02 -8.945891e+01  1.516200e+00
   endloop
 endfacet
 facet normal  1.305262e-01  9.914449e-01 -0.000000e+00
   outer loop
     vertex  1.638576e+02 -8.960126e+01  0.000000e+00
     vertex  1.638576e+02 -8.960126e+01  1.516200e+00
     vertex  1.640000e+02 -8.962000e+01  1.516200e+00
   endloop
 endfacet
 facet normal  3.826834e-01  9.238795e-01 -0.000000e+00
   outer loop
     vertex  1.638576e+02 -8.960126e+01  0.000000e+00
     vertex  1.637250e+02 -8.954631e+01  0.000000e+00
     vertex  1.638576e+02 -8.960126e+01  1.516200e+00
   endloop
 endfacet
 facet normal  1.305262e-01  9.914449e-01 -0.000000e+00
   outer loop
     vertex  1.640000e+02 -8.962000e+01  0.000000e+00
     vertex  1.638576e+02 -8.960126e+01  0.000000e+00
     vertex  1.640000e+02 -8.962000e+01  1.516200e+00
   endloop
 endfacet
endsolid
